spatial_reference_id,reference_type,topology_status,reciprocal_link_count,missing_direction_count,finding_count,detail
NG-MGRID-01-01,MAJOR_GRID,PASS,3,5,0,
NG-MGRID-01-02,MAJOR_GRID,PASS,5,3,0,
NG-MGRID-01-03,MAJOR_GRID,PASS,5,3,0,
NG-MGRID-01-04,MAJOR_GRID,PASS,3,5,0,
NG-MGRID-02-01,MAJOR_GRID,PASS,5,3,0,
NG-MGRID-02-02,MAJOR_GRID,PASS,8,0,0,
NG-MGRID-02-03,MAJOR_GRID,PASS,8,0,0,
NG-MGRID-02-04,MAJOR_GRID,PASS,5,3,0,
NG-MGRID-03-01,MAJOR_GRID,PASS,5,3,0,
NG-MGRID-03-02,MAJOR_GRID,PASS,8,0,0,
NG-MGRID-03-03,MAJOR_GRID,PASS,8,0,0,
NG-MGRID-03-04,MAJOR_GRID,PASS,5,3,0,
NG-MGRID-04-01,MAJOR_GRID,PASS,3,5,0,
NG-MGRID-04-02,MAJOR_GRID,PASS,5,3,0,
NG-MGRID-04-03,MAJOR_GRID,PASS,5,3,0,
NG-MGRID-04-04,MAJOR_GRID,PASS,3,5,0,
NG-SCELL-000001,REFERENCE_CELL,PASS,4,4,0,
NG-SCELL-000002,REFERENCE_CELL,PASS,5,3,0,
NG-SCELL-000003,REFERENCE_CELL,PASS,5,3,0,
NG-SCELL-000004,REFERENCE_CELL,PASS,5,3,0,
NG-SCELL-000005,REFERENCE_CELL,PASS,5,3,0,
NG-SCELL-000006,REFERENCE_CELL,PASS,5,3,0,
NG-SCELL-000007,REFERENCE_CELL,PASS,5,3,0,
NG-SCELL-000008,REFERENCE_CELL,PASS,5,3,0,
NG-SCELL-000009,REFERENCE_CELL,PASS,4,4,0,
NG-SCELL-000010,REFERENCE_CELL,PASS,4,4,0,
NG-SCELL-000011,REFERENCE_CELL,PASS,5,3,0,
NG-SCELL-000012,REFERENCE_CELL,PASS,5,3,0,
NG-SCELL-000013,REFERENCE_CELL,PASS,6,2,0,
NG-SCELL-000014,REFERENCE_CELL,PASS,7,1,0,
NG-SCELL-000015,REFERENCE_CELL,PASS,8,0,0,
NG-SCELL-000016,REFERENCE_CELL,PASS,8,0,0,
NG-SCELL-000017,REFERENCE_CELL,PASS,8,0,0,
NG-SCELL-000018,REFERENCE_CELL,PASS,8,0,0,
NG-SCELL-000019,REFERENCE_CELL,PASS,8,0,0,
NG-SCELL-000020,REFERENCE_CELL,PASS,8,0,0,
NG-SCELL-000021,REFERENCE_CELL,PASS,8,0,0,
NG-SCELL-000022,REFERENCE_CELL,PASS,7,1,0,
NG-SCELL-000023,REFERENCE_CELL,PASS,6,2,0,
NG-SCELL-000024,REFERENCE_CELL,PASS,5,3,0,
NG-SCELL-000025,REFERENCE_CELL,PASS,5,3,0,
NG-SCELL-000026,REFERENCE_CELL,PASS,4,4,0,
NG-SCELL-000027,REFERENCE_CELL,PASS,4,4,0,
NG-SCELL-000028,REFERENCE_CELL,PASS,5,3,0,
NG-SCELL-000029,REFERENCE_CELL,PASS,6,2,0,
NG-SCELL-000030,REFERENCE_CELL,PASS,7,1,0,
NG-SCELL-000031,REFERENCE_CELL,PASS,8,0,0,
NG-SCELL-000032,REFERENCE_CELL,PASS,8,0,0,
NG-SCELL-000033,REFERENCE_CELL,PASS,8,0,0,
NG-SCELL-000034,REFERENCE_CELL,PASS,8,0,0,
NG-SCELL-000035,REFERENCE_CELL,PASS,8,0,0,
NG-SCELL-000036,REFERENCE_CELL,PASS,8,0,0,
NG-SCELL-000037,REFERENCE_CELL,PASS,8,0,0,
NG-SCELL-000038,REFERENCE_CELL,PASS,8,0,0,
NG-SCELL-000039,REFERENCE_CELL,PASS,8,0,0,
NG-SCELL-000040,REFERENCE_CELL,PASS,8,0,0,
NG-SCELL-000041,REFERENCE_CELL,PASS,8,0,0,
NG-SCELL-000042,REFERENCE_CELL,PASS,8,0,0,
NG-SCELL-000043,REFERENCE_CELL,PASS,8,0,0,
NG-SCELL-000044,REFERENCE_CELL,PASS,8,0,0,
NG-SCELL-000045,REFERENCE_CELL,PASS,8,0,0,
NG-SCELL-000046,REFERENCE_CELL,PASS,7,1,0,
NG-SCELL-000047,REFERENCE_CELL,PASS,5,3,0,
NG-SCELL-000048,REFERENCE_CELL,PASS,4,4,0,
NG-SCELL-000049,REFERENCE_CELL,PASS,6,2,0,
NG-SCELL-000050,REFERENCE_CELL,PASS,7,1,0,
NG-SCELL-000051,REFERENCE_CELL,PASS,8,0,0,
NG-SCELL-000052,REFERENCE_CELL,PASS,8,0,0,
NG-SCELL-000053,REFERENCE_CELL,PASS,8,0,0,
NG-SCELL-000054,REFERENCE_CELL,PASS,8,0,0,
NG-SCELL-000055,REFERENCE_CELL,PASS,8,0,0,
NG-SCELL-000056,REFERENCE_CELL,PASS,8,0,0,
NG-SCELL-000057,REFERENCE_CELL,PASS,8,0,0,
NG-SCELL-000058,REFERENCE_CELL,PASS,8,0,0,
NG-SCELL-000059,REFERENCE_CELL,PASS,8,0,0,
NG-SCELL-000060,REFERENCE_CELL,PASS,8,0,0,
NG-SCELL-000061,REFERENCE_CELL,PASS,8,0,0,
NG-SCELL-000062,REFERENCE_CELL,PASS,8,0,0,
NG-SCELL-000063,REFERENCE_CELL,PASS,8,0,0,
NG-SCELL-000064,REFERENCE_CELL,PASS,8,0,0,
NG-SCELL-000065,REFERENCE_CELL,PASS,8,0,0,
NG-SCELL-000066,REFERENCE_CELL,PASS,8,0,0,
NG-SCELL-000067,REFERENCE_CELL,PASS,8,0,0,
NG-SCELL-000068,REFERENCE_CELL,PASS,8,0,0,
NG-SCELL-000069,REFERENCE_CELL,PASS,8,0,0,
NG-SCELL-000070,REFERENCE_CELL,PASS,7,1,0,
NG-SCELL-000071,REFERENCE_CELL,PASS,6,2,0,
NG-SCELL-000072,REFERENCE_CELL,PASS,4,4,0,
NG-SCELL-000073,REFERENCE_CELL,PASS,4,4,0,
NG-SCELL-000074,REFERENCE_CELL,PASS,6,2,0,
NG-SCELL-000075,REFERENCE_CELL,PASS,7,1,0,
NG-SCELL-000076,REFERENCE_CELL,PASS,8,0,0,
NG-SCELL-000077,REFERENCE_CELL,PASS,8,0,0,
NG-SCELL-000078,REFERENCE_CELL,PASS,8,0,0,
NG-SCELL-000079,REFERENCE_CELL,PASS,8,0,0,
NG-SCELL-000080,REFERENCE_CELL,PASS,8,0,0,
NG-SCELL-000081,REFERENCE_CELL,PASS,8,0,0,
NG-SCELL-000082,REFERENCE_CELL,PASS,8,0,0,
NG-SCELL-000083,REFERENCE_CELL,PASS,8,0,0,
NG-SCELL-000084,REFERENCE_CELL,PASS,8,0,0,
NG-SCELL-000085,REFERENCE_CELL,PASS,8,0,0,
NG-SCELL-000086,REFERENCE_CELL,PASS,8,0,0,
NG-SCELL-000087,REFERENCE_CELL,PASS,8,0,0,
NG-SCELL-000088,REFERENCE_CELL,PASS,8,0,0,
NG-SCELL-000089,REFERENCE_CELL,PASS,8,0,0,
NG-SCELL-000090,REFERENCE_CELL,PASS,8,0,0,
NG-SCELL-000091,REFERENCE_CELL,PASS,8,0,0,
NG-SCELL-000092,REFERENCE_CELL,PASS,8,0,0,
NG-SCELL-000093,REFERENCE_CELL,PASS,8,0,0,
NG-SCELL-000094,REFERENCE_CELL,PASS,8,0,0,
NG-SCELL-000095,REFERENCE_CELL,PASS,8,0,0,
NG-SCELL-000096,REFERENCE_CELL,PASS,8,0,0,
NG-SCELL-000097,REFERENCE_CELL,PASS,8,0,0,
NG-SCELL-000098,REFERENCE_CELL,PASS,8,0,0,
NG-SCELL-000099,REFERENCE_CELL,PASS,7,1,0,
NG-SCELL-000100,REFERENCE_CELL,PASS,5,3,0,
NG-SCELL-000101,REFERENCE_CELL,PASS,4,4,0,
NG-SCELL-000102,REFERENCE_CELL,PASS,7,1,0,
NG-SCELL-000103,REFERENCE_CELL,PASS,8,0,0,
NG-SCELL-000104,REFERENCE_CELL,PASS,8,0,0,
NG-SCELL-000105,REFERENCE_CELL,PASS,8,0,0,
NG-SCELL-000106,REFERENCE_CELL,PASS,8,0,0,
NG-SCELL-000107,REFERENCE_CELL,PASS,8,0,0,
NG-SCELL-000108,REFERENCE_CELL,PASS,8,0,0,
NG-SCELL-000109,REFERENCE_CELL,PASS,8,0,0,
NG-SCELL-000110,REFERENCE_CELL,PASS,8,0,0,
NG-SCELL-000111,REFERENCE_CELL,PASS,8,0,0,
NG-SCELL-000112,REFERENCE_CELL,PASS,8,0,0,
NG-SCELL-000113,REFERENCE_CELL,PASS,8,0,0,
NG-SCELL-000114,REFERENCE_CELL,PASS,8,0,0,
NG-SCELL-000115,REFERENCE_CELL,PASS,8,0,0,
NG-SCELL-000116,REFERENCE_CELL,PASS,8,0,0,
NG-SCELL-000117,REFERENCE_CELL,PASS,8,0,0,
NG-SCELL-000118,REFERENCE_CELL,PASS,8,0,0,
NG-SCELL-000119,REFERENCE_CELL,PASS,8,0,0,
NG-SCELL-000120,REFERENCE_CELL,PASS,8,0,0,
NG-SCELL-000121,REFERENCE_CELL,PASS,8,0,0,
NG-SCELL-000122,REFERENCE_CELL,PASS,8,0,0,
NG-SCELL-000123,REFERENCE_CELL,PASS,8,0,0,
NG-SCELL-000124,REFERENCE_CELL,PASS,8,0,0,
NG-SCELL-000125,REFERENCE_CELL,PASS,8,0,0,
NG-SCELL-000126,REFERENCE_CELL,PASS,8,0,0,
NG-SCELL-000127,REFERENCE_CELL,PASS,8,0,0,
NG-SCELL-000128,REFERENCE_CELL,PASS,8,0,0,
NG-SCELL-000129,REFERENCE_CELL,PASS,7,1,0,
NG-SCELL-000130,REFERENCE_CELL,PASS,5,3,0,
NG-SCELL-000131,REFERENCE_CELL,PASS,0,8,0,
NG-SCELL-000132,REFERENCE_CELL,PASS,5,3,0,
NG-SCELL-000133,REFERENCE_CELL,PASS,8,0,0,
NG-SCELL-000134,REFERENCE_CELL,PASS,8,0,0,
NG-SCELL-000135,REFERENCE_CELL,PASS,8,0,0,
NG-SCELL-000136,REFERENCE_CELL,PASS,8,0,0,
NG-SCELL-000137,REFERENCE_CELL,PASS,8,0,0,
NG-SCELL-000138,REFERENCE_CELL,PASS,8,0,0,
NG-SCELL-000139,REFERENCE_CELL,PASS,8,0,0,
NG-SCELL-000140,REFERENCE_CELL,PASS,8,0,0,
NG-SCELL-000141,REFERENCE_CELL,PASS,8,0,0,
NG-SCELL-000142,REFERENCE_CELL,PASS,8,0,0,
NG-SCELL-000143,REFERENCE_CELL,PASS,8,0,0,
NG-SCELL-000144,REFERENCE_CELL,PASS,8,0,0,
NG-SCELL-000145,REFERENCE_CELL,PASS,8,0,0,
NG-SCELL-000146,REFERENCE_CELL,PASS,8,0,0,
NG-SCELL-000147,REFERENCE_CELL,PASS,8,0,0,
NG-SCELL-000148,REFERENCE_CELL,PASS,8,0,0,
NG-SCELL-000149,REFERENCE_CELL,PASS,8,0,0,
NG-SCELL-000150,REFERENCE_CELL,PASS,8,0,0,
NG-SCELL-000151,REFERENCE_CELL,PASS,8,0,0,
NG-SCELL-000152,REFERENCE_CELL,PASS,8,0,0,
NG-SCELL-000153,REFERENCE_CELL,PASS,8,0,0,
NG-SCELL-000154,REFERENCE_CELL,PASS,8,0,0,
NG-SCELL-000155,REFERENCE_CELL,PASS,8,0,0,
NG-SCELL-000156,REFERENCE_CELL,PASS,8,0,0,
NG-SCELL-000157,REFERENCE_CELL,PASS,8,0,0,
NG-SCELL-000158,REFERENCE_CELL,PASS,8,0,0,
NG-SCELL-000159,REFERENCE_CELL,PASS,8,0,0,
NG-SCELL-000160,REFERENCE_CELL,PASS,8,0,0,
NG-SCELL-000161,REFERENCE_CELL,PASS,7,1,0,
NG-SCELL-000162,REFERENCE_CELL,PASS,5,3,0,
NG-SCELL-000163,REFERENCE_CELL,PASS,6,2,0,
NG-SCELL-000164,REFERENCE_CELL,PASS,8,0,0,
NG-SCELL-000165,REFERENCE_CELL,PASS,8,0,0,
NG-SCELL-000166,REFERENCE_CELL,PASS,8,0,0,
NG-SCELL-000167,REFERENCE_CELL,PASS,8,0,0,
NG-SCELL-000168,REFERENCE_CELL,PASS,8,0,0,
NG-SCELL-000169,REFERENCE_CELL,PASS,8,0,0,
NG-SCELL-000170,REFERENCE_CELL,PASS,8,0,0,
NG-SCELL-000171,REFERENCE_CELL,PASS,8,0,0,
NG-SCELL-000172,REFERENCE_CELL,PASS,8,0,0,
NG-SCELL-000173,REFERENCE_CELL,PASS,8,0,0,
NG-SCELL-000174,REFERENCE_CELL,PASS,8,0,0,
NG-SCELL-000175,REFERENCE_CELL,PASS,8,0,0,
NG-SCELL-000176,REFERENCE_CELL,PASS,8,0,0,
NG-SCELL-000177,REFERENCE_CELL,PASS,8,0,0,
NG-SCELL-000178,REFERENCE_CELL,PASS,8,0,0,
NG-SCELL-000179,REFERENCE_CELL,PASS,8,0,0,
NG-SCELL-000180,REFERENCE_CELL,PASS,8,0,0,
NG-SCELL-000181,REFERENCE_CELL,PASS,8,0,0,
NG-SCELL-000182,REFERENCE_CELL,PASS,8,0,0,
NG-SCELL-000183,REFERENCE_CELL,PASS,8,0,0,
NG-SCELL-000184,REFERENCE_CELL,PASS,8,0,0,
NG-SCELL-000185,REFERENCE_CELL,PASS,8,0,0,
NG-SCELL-000186,REFERENCE_CELL,PASS,8,0,0,
NG-SCELL-000187,REFERENCE_CELL,PASS,8,0,0,
NG-SCELL-000188,REFERENCE_CELL,PASS,8,0,0,
NG-SCELL-000189,REFERENCE_CELL,PASS,8,0,0,
NG-SCELL-000190,REFERENCE_CELL,PASS,8,0,0,
NG-SCELL-000191,REFERENCE_CELL,PASS,8,0,0,
NG-SCELL-000192,REFERENCE_CELL,PASS,8,0,0,
NG-SCELL-000193,REFERENCE_CELL,PASS,7,1,0,
NG-SCELL-000194,REFERENCE_CELL,PASS,4,4,0,
NG-SCELL-000195,REFERENCE_CELL,PASS,4,4,0,
NG-SCELL-000196,REFERENCE_CELL,PASS,7,1,0,
NG-SCELL-000197,REFERENCE_CELL,PASS,8,0,0,
NG-SCELL-000198,REFERENCE_CELL,PASS,8,0,0,
NG-SCELL-000199,REFERENCE_CELL,PASS,8,0,0,
NG-SCELL-000200,REFERENCE_CELL,PASS,8,0,0,
NG-SCELL-000201,REFERENCE_CELL,PASS,8,0,0,
NG-SCELL-000202,REFERENCE_CELL,PASS,8,0,0,
NG-SCELL-000203,REFERENCE_CELL,PASS,8,0,0,
NG-SCELL-000204,REFERENCE_CELL,PASS,8,0,0,
NG-SCELL-000205,REFERENCE_CELL,PASS,8,0,0,
NG-SCELL-000206,REFERENCE_CELL,PASS,8,0,0,
NG-SCELL-000207,REFERENCE_CELL,PASS,8,0,0,
NG-SCELL-000208,REFERENCE_CELL,PASS,8,0,0,
NG-SCELL-000209,REFERENCE_CELL,PASS,8,0,0,
NG-SCELL-000210,REFERENCE_CELL,PASS,8,0,0,
NG-SCELL-000211,REFERENCE_CELL,PASS,8,0,0,
NG-SCELL-000212,REFERENCE_CELL,PASS,8,0,0,
NG-SCELL-000213,REFERENCE_CELL,PASS,8,0,0,
NG-SCELL-000214,REFERENCE_CELL,PASS,8,0,0,
NG-SCELL-000215,REFERENCE_CELL,PASS,8,0,0,
NG-SCELL-000216,REFERENCE_CELL,PASS,8,0,0,
NG-SCELL-000217,REFERENCE_CELL,PASS,8,0,0,
NG-SCELL-000218,REFERENCE_CELL,PASS,8,0,0,
NG-SCELL-000219,REFERENCE_CELL,PASS,8,0,0,
NG-SCELL-000220,REFERENCE_CELL,PASS,8,0,0,
NG-SCELL-000221,REFERENCE_CELL,PASS,8,0,0,
NG-SCELL-000222,REFERENCE_CELL,PASS,8,0,0,
NG-SCELL-000223,REFERENCE_CELL,PASS,8,0,0,
NG-SCELL-000224,REFERENCE_CELL,PASS,8,0,0,
NG-SCELL-000225,REFERENCE_CELL,PASS,8,0,0,
NG-SCELL-000226,REFERENCE_CELL,PASS,8,0,0,
NG-SCELL-000227,REFERENCE_CELL,PASS,6,2,0,
NG-SCELL-000228,REFERENCE_CELL,PASS,1,7,0,
NG-SCELL-000229,REFERENCE_CELL,PASS,5,3,0,
NG-SCELL-000230,REFERENCE_CELL,PASS,8,0,0,
NG-SCELL-000231,REFERENCE_CELL,PASS,8,0,0,
NG-SCELL-000232,REFERENCE_CELL,PASS,8,0,0,
NG-SCELL-000233,REFERENCE_CELL,PASS,8,0,0,
NG-SCELL-000234,REFERENCE_CELL,PASS,8,0,0,
NG-SCELL-000235,REFERENCE_CELL,PASS,8,0,0,
NG-SCELL-000236,REFERENCE_CELL,PASS,8,0,0,
NG-SCELL-000237,REFERENCE_CELL,PASS,8,0,0,
NG-SCELL-000238,REFERENCE_CELL,PASS,8,0,0,
NG-SCELL-000239,REFERENCE_CELL,PASS,8,0,0,
NG-SCELL-000240,REFERENCE_CELL,PASS,8,0,0,
NG-SCELL-000241,REFERENCE_CELL,PASS,8,0,0,
NG-SCELL-000242,REFERENCE_CELL,PASS,8,0,0,
NG-SCELL-000243,REFERENCE_CELL,PASS,8,0,0,
NG-SCELL-000244,REFERENCE_CELL,PASS,8,0,0,
NG-SCELL-000245,REFERENCE_CELL,PASS,8,0,0,
NG-SCELL-000246,REFERENCE_CELL,PASS,8,0,0,
NG-SCELL-000247,REFERENCE_CELL,PASS,8,0,0,
NG-SCELL-000248,REFERENCE_CELL,PASS,8,0,0,
NG-SCELL-000249,REFERENCE_CELL,PASS,8,0,0,
NG-SCELL-000250,REFERENCE_CELL,PASS,8,0,0,
NG-SCELL-000251,REFERENCE_CELL,PASS,8,0,0,
NG-SCELL-000252,REFERENCE_CELL,PASS,8,0,0,
NG-SCELL-000253,REFERENCE_CELL,PASS,8,0,0,
NG-SCELL-000254,REFERENCE_CELL,PASS,8,0,0,
NG-SCELL-000255,REFERENCE_CELL,PASS,8,0,0,
NG-SCELL-000256,REFERENCE_CELL,PASS,8,0,0,
NG-SCELL-000257,REFERENCE_CELL,PASS,8,0,0,
NG-SCELL-000258,REFERENCE_CELL,PASS,8,0,0,
NG-SCELL-000259,REFERENCE_CELL,PASS,8,0,0,
NG-SCELL-000260,REFERENCE_CELL,PASS,8,0,0,
NG-SCELL-000261,REFERENCE_CELL,PASS,7,1,0,
NG-SCELL-000262,REFERENCE_CELL,PASS,5,3,0,
NG-SCELL-000263,REFERENCE_CELL,PASS,2,6,0,
NG-SCELL-000264,REFERENCE_CELL,PASS,5,3,0,
NG-SCELL-000265,REFERENCE_CELL,PASS,8,0,0,
NG-SCELL-000266,REFERENCE_CELL,PASS,8,0,0,
NG-SCELL-000267,REFERENCE_CELL,PASS,8,0,0,
NG-SCELL-000268,REFERENCE_CELL,PASS,8,0,0,
NG-SCELL-000269,REFERENCE_CELL,PASS,8,0,0,
NG-SCELL-000270,REFERENCE_CELL,PASS,8,0,0,
NG-SCELL-000271,REFERENCE_CELL,PASS,8,0,0,
NG-SCELL-000272,REFERENCE_CELL,PASS,8,0,0,
NG-SCELL-000273,REFERENCE_CELL,PASS,8,0,0,
NG-SCELL-000274,REFERENCE_CELL,PASS,8,0,0,
NG-SCELL-000275,REFERENCE_CELL,PASS,8,0,0,
NG-SCELL-000276,REFERENCE_CELL,PASS,8,0,0,
NG-SCELL-000277,REFERENCE_CELL,PASS,8,0,0,
NG-SCELL-000278,REFERENCE_CELL,PASS,8,0,0,
NG-SCELL-000279,REFERENCE_CELL,PASS,8,0,0,
NG-SCELL-000280,REFERENCE_CELL,PASS,8,0,0,
NG-SCELL-000281,REFERENCE_CELL,PASS,8,0,0,
NG-SCELL-000282,REFERENCE_CELL,PASS,8,0,0,
NG-SCELL-000283,REFERENCE_CELL,PASS,8,0,0,
NG-SCELL-000284,REFERENCE_CELL,PASS,8,0,0,
NG-SCELL-000285,REFERENCE_CELL,PASS,8,0,0,
NG-SCELL-000286,REFERENCE_CELL,PASS,8,0,0,
NG-SCELL-000287,REFERENCE_CELL,PASS,8,0,0,
NG-SCELL-000288,REFERENCE_CELL,PASS,8,0,0,
NG-SCELL-000289,REFERENCE_CELL,PASS,8,0,0,
NG-SCELL-000290,REFERENCE_CELL,PASS,8,0,0,
NG-SCELL-000291,REFERENCE_CELL,PASS,8,0,0,
NG-SCELL-000292,REFERENCE_CELL,PASS,8,0,0,
NG-SCELL-000293,REFERENCE_CELL,PASS,8,0,0,
NG-SCELL-000294,REFERENCE_CELL,PASS,8,0,0,
NG-SCELL-000295,REFERENCE_CELL,PASS,8,0,0,
NG-SCELL-000296,REFERENCE_CELL,PASS,8,0,0,
NG-SCELL-000297,REFERENCE_CELL,PASS,6,2,0,
NG-SCELL-000298,REFERENCE_CELL,PASS,4,4,0,
NG-SCELL-000299,REFERENCE_CELL,PASS,5,3,0,
NG-SCELL-000300,REFERENCE_CELL,PASS,8,0,0,
NG-SCELL-000301,REFERENCE_CELL,PASS,8,0,0,
NG-SCELL-000302,REFERENCE_CELL,PASS,8,0,0,
NG-SCELL-000303,REFERENCE_CELL,PASS,8,0,0,
NG-SCELL-000304,REFERENCE_CELL,PASS,8,0,0,
NG-SCELL-000305,REFERENCE_CELL,PASS,8,0,0,
NG-SCELL-000306,REFERENCE_CELL,PASS,8,0,0,
NG-SCELL-000307,REFERENCE_CELL,PASS,8,0,0,
NG-SCELL-000308,REFERENCE_CELL,PASS,8,0,0,
NG-SCELL-000309,REFERENCE_CELL,PASS,8,0,0,
NG-SCELL-000310,REFERENCE_CELL,PASS,8,0,0,
NG-SCELL-000311,REFERENCE_CELL,PASS,8,0,0,
NG-SCELL-000312,REFERENCE_CELL,PASS,8,0,0,
NG-SCELL-000313,REFERENCE_CELL,PASS,8,0,0,
NG-SCELL-000314,REFERENCE_CELL,PASS,8,0,0,
NG-SCELL-000315,REFERENCE_CELL,PASS,8,0,0,
NG-SCELL-000316,REFERENCE_CELL,PASS,8,0,0,
NG-SCELL-000317,REFERENCE_CELL,PASS,8,0,0,
NG-SCELL-000318,REFERENCE_CELL,PASS,8,0,0,
NG-SCELL-000319,REFERENCE_CELL,PASS,8,0,0,
NG-SCELL-000320,REFERENCE_CELL,PASS,8,0,0,
NG-SCELL-000321,REFERENCE_CELL,PASS,8,0,0,
NG-SCELL-000322,REFERENCE_CELL,PASS,8,0,0,
NG-SCELL-000323,REFERENCE_CELL,PASS,8,0,0,
NG-SCELL-000324,REFERENCE_CELL,PASS,8,0,0,
NG-SCELL-000325,REFERENCE_CELL,PASS,8,0,0,
NG-SCELL-000326,REFERENCE_CELL,PASS,8,0,0,
NG-SCELL-000327,REFERENCE_CELL,PASS,8,0,0,
NG-SCELL-000328,REFERENCE_CELL,PASS,8,0,0,
NG-SCELL-000329,REFERENCE_CELL,PASS,8,0,0,
NG-SCELL-000330,REFERENCE_CELL,PASS,8,0,0,
NG-SCELL-000331,REFERENCE_CELL,PASS,8,0,0,
NG-SCELL-000332,REFERENCE_CELL,PASS,6,2,0,
NG-SCELL-000333,REFERENCE_CELL,PASS,6,2,0,
NG-SCELL-000334,REFERENCE_CELL,PASS,8,0,0,
NG-SCELL-000335,REFERENCE_CELL,PASS,8,0,0,
NG-SCELL-000336,REFERENCE_CELL,PASS,8,0,0,
NG-SCELL-000337,REFERENCE_CELL,PASS,8,0,0,
NG-SCELL-000338,REFERENCE_CELL,PASS,8,0,0,
NG-SCELL-000339,REFERENCE_CELL,PASS,8,0,0,
NG-SCELL-000340,REFERENCE_CELL,PASS,8,0,0,
NG-SCELL-000341,REFERENCE_CELL,PASS,8,0,0,
NG-SCELL-000342,REFERENCE_CELL,PASS,8,0,0,
NG-SCELL-000343,REFERENCE_CELL,PASS,8,0,0,
NG-SCELL-000344,REFERENCE_CELL,PASS,8,0,0,
NG-SCELL-000345,REFERENCE_CELL,PASS,8,0,0,
NG-SCELL-000346,REFERENCE_CELL,PASS,8,0,0,
NG-SCELL-000347,REFERENCE_CELL,PASS,8,0,0,
NG-SCELL-000348,REFERENCE_CELL,PASS,8,0,0,
NG-SCELL-000349,REFERENCE_CELL,PASS,8,0,0,
NG-SCELL-000350,REFERENCE_CELL,PASS,8,0,0,
NG-SCELL-000351,REFERENCE_CELL,PASS,8,0,0,
NG-SCELL-000352,REFERENCE_CELL,PASS,8,0,0,
NG-SCELL-000353,REFERENCE_CELL,PASS,8,0,0,
NG-SCELL-000354,REFERENCE_CELL,PASS,8,0,0,
NG-SCELL-000355,REFERENCE_CELL,PASS,8,0,0,
NG-SCELL-000356,REFERENCE_CELL,PASS,8,0,0,
NG-SCELL-000357,REFERENCE_CELL,PASS,8,0,0,
NG-SCELL-000358,REFERENCE_CELL,PASS,8,0,0,
NG-SCELL-000359,REFERENCE_CELL,PASS,8,0,0,
NG-SCELL-000360,REFERENCE_CELL,PASS,8,0,0,
NG-SCELL-000361,REFERENCE_CELL,PASS,8,0,0,
NG-SCELL-000362,REFERENCE_CELL,PASS,8,0,0,
NG-SCELL-000363,REFERENCE_CELL,PASS,8,0,0,
NG-SCELL-000364,REFERENCE_CELL,PASS,8,0,0,
NG-SCELL-000365,REFERENCE_CELL,PASS,8,0,0,
NG-SCELL-000366,REFERENCE_CELL,PASS,5,3,0,
NG-SCELL-000367,REFERENCE_CELL,PASS,4,4,0,
NG-SCELL-000368,REFERENCE_CELL,PASS,7,1,0,
NG-SCELL-000369,REFERENCE_CELL,PASS,8,0,0,
NG-SCELL-000370,REFERENCE_CELL,PASS,8,0,0,
NG-SCELL-000371,REFERENCE_CELL,PASS,8,0,0,
NG-SCELL-000372,REFERENCE_CELL,PASS,8,0,0,
NG-SCELL-000373,REFERENCE_CELL,PASS,8,0,0,
NG-SCELL-000374,REFERENCE_CELL,PASS,8,0,0,
NG-SCELL-000375,REFERENCE_CELL,PASS,8,0,0,
NG-SCELL-000376,REFERENCE_CELL,PASS,8,0,0,
NG-SCELL-000377,REFERENCE_CELL,PASS,8,0,0,
NG-SCELL-000378,REFERENCE_CELL,PASS,8,0,0,
NG-SCELL-000379,REFERENCE_CELL,PASS,8,0,0,
NG-SCELL-000380,REFERENCE_CELL,PASS,8,0,0,
NG-SCELL-000381,REFERENCE_CELL,PASS,8,0,0,
NG-SCELL-000382,REFERENCE_CELL,PASS,8,0,0,
NG-SCELL-000383,REFERENCE_CELL,PASS,8,0,0,
NG-SCELL-000384,REFERENCE_CELL,PASS,8,0,0,
NG-SCELL-000385,REFERENCE_CELL,PASS,8,0,0,
NG-SCELL-000386,REFERENCE_CELL,PASS,8,0,0,
NG-SCELL-000387,REFERENCE_CELL,PASS,8,0,0,
NG-SCELL-000388,REFERENCE_CELL,PASS,8,0,0,
NG-SCELL-000389,REFERENCE_CELL,PASS,8,0,0,
NG-SCELL-000390,REFERENCE_CELL,PASS,8,0,0,
NG-SCELL-000391,REFERENCE_CELL,PASS,8,0,0,
NG-SCELL-000392,REFERENCE_CELL,PASS,8,0,0,
NG-SCELL-000393,REFERENCE_CELL,PASS,8,0,0,
NG-SCELL-000394,REFERENCE_CELL,PASS,8,0,0,
NG-SCELL-000395,REFERENCE_CELL,PASS,8,0,0,
NG-SCELL-000396,REFERENCE_CELL,PASS,8,0,0,
NG-SCELL-000397,REFERENCE_CELL,PASS,8,0,0,
NG-SCELL-000398,REFERENCE_CELL,PASS,8,0,0,
NG-SCELL-000399,REFERENCE_CELL,PASS,8,0,0,
NG-SCELL-000400,REFERENCE_CELL,PASS,7,1,0,
NG-SCELL-000401,REFERENCE_CELL,PASS,4,4,0,
NG-SCELL-000402,REFERENCE_CELL,PASS,5,3,0,
NG-SCELL-000403,REFERENCE_CELL,PASS,8,0,0,
NG-SCELL-000404,REFERENCE_CELL,PASS,8,0,0,
NG-SCELL-000405,REFERENCE_CELL,PASS,8,0,0,
NG-SCELL-000406,REFERENCE_CELL,PASS,8,0,0,
NG-SCELL-000407,REFERENCE_CELL,PASS,8,0,0,
NG-SCELL-000408,REFERENCE_CELL,PASS,8,0,0,
NG-SCELL-000409,REFERENCE_CELL,PASS,8,0,0,
NG-SCELL-000410,REFERENCE_CELL,PASS,8,0,0,
NG-SCELL-000411,REFERENCE_CELL,PASS,8,0,0,
NG-SCELL-000412,REFERENCE_CELL,PASS,8,0,0,
NG-SCELL-000413,REFERENCE_CELL,PASS,8,0,0,
NG-SCELL-000414,REFERENCE_CELL,PASS,8,0,0,
NG-SCELL-000415,REFERENCE_CELL,PASS,8,0,0,
NG-SCELL-000416,REFERENCE_CELL,PASS,8,0,0,
NG-SCELL-000417,REFERENCE_CELL,PASS,8,0,0,
NG-SCELL-000418,REFERENCE_CELL,PASS,8,0,0,
NG-SCELL-000419,REFERENCE_CELL,PASS,8,0,0,
NG-SCELL-000420,REFERENCE_CELL,PASS,8,0,0,
NG-SCELL-000421,REFERENCE_CELL,PASS,8,0,0,
NG-SCELL-000422,REFERENCE_CELL,PASS,8,0,0,
NG-SCELL-000423,REFERENCE_CELL,PASS,8,0,0,
NG-SCELL-000424,REFERENCE_CELL,PASS,8,0,0,
NG-SCELL-000425,REFERENCE_CELL,PASS,8,0,0,
NG-SCELL-000426,REFERENCE_CELL,PASS,8,0,0,
NG-SCELL-000427,REFERENCE_CELL,PASS,8,0,0,
NG-SCELL-000428,REFERENCE_CELL,PASS,8,0,0,
NG-SCELL-000429,REFERENCE_CELL,PASS,8,0,0,
NG-SCELL-000430,REFERENCE_CELL,PASS,8,0,0,
NG-SCELL-000431,REFERENCE_CELL,PASS,8,0,0,
NG-SCELL-000432,REFERENCE_CELL,PASS,8,0,0,
NG-SCELL-000433,REFERENCE_CELL,PASS,8,0,0,
NG-SCELL-000434,REFERENCE_CELL,PASS,8,0,0,
NG-SCELL-000435,REFERENCE_CELL,PASS,6,2,0,
NG-SCELL-000436,REFERENCE_CELL,PASS,0,8,0,
NG-SCELL-000437,REFERENCE_CELL,PASS,5,3,0,
NG-SCELL-000438,REFERENCE_CELL,PASS,8,0,0,
NG-SCELL-000439,REFERENCE_CELL,PASS,8,0,0,
NG-SCELL-000440,REFERENCE_CELL,PASS,8,0,0,
NG-SCELL-000441,REFERENCE_CELL,PASS,8,0,0,
NG-SCELL-000442,REFERENCE_CELL,PASS,8,0,0,
NG-SCELL-000443,REFERENCE_CELL,PASS,8,0,0,
NG-SCELL-000444,REFERENCE_CELL,PASS,8,0,0,
NG-SCELL-000445,REFERENCE_CELL,PASS,8,0,0,
NG-SCELL-000446,REFERENCE_CELL,PASS,8,0,0,
NG-SCELL-000447,REFERENCE_CELL,PASS,8,0,0,
NG-SCELL-000448,REFERENCE_CELL,PASS,8,0,0,
NG-SCELL-000449,REFERENCE_CELL,PASS,8,0,0,
NG-SCELL-000450,REFERENCE_CELL,PASS,8,0,0,
NG-SCELL-000451,REFERENCE_CELL,PASS,8,0,0,
NG-SCELL-000452,REFERENCE_CELL,PASS,8,0,0,
NG-SCELL-000453,REFERENCE_CELL,PASS,8,0,0,
NG-SCELL-000454,REFERENCE_CELL,PASS,8,0,0,
NG-SCELL-000455,REFERENCE_CELL,PASS,8,0,0,
NG-SCELL-000456,REFERENCE_CELL,PASS,8,0,0,
NG-SCELL-000457,REFERENCE_CELL,PASS,8,0,0,
NG-SCELL-000458,REFERENCE_CELL,PASS,8,0,0,
NG-SCELL-000459,REFERENCE_CELL,PASS,8,0,0,
NG-SCELL-000460,REFERENCE_CELL,PASS,8,0,0,
NG-SCELL-000461,REFERENCE_CELL,PASS,8,0,0,
NG-SCELL-000462,REFERENCE_CELL,PASS,8,0,0,
NG-SCELL-000463,REFERENCE_CELL,PASS,8,0,0,
NG-SCELL-000464,REFERENCE_CELL,PASS,8,0,0,
NG-SCELL-000465,REFERENCE_CELL,PASS,8,0,0,
NG-SCELL-000466,REFERENCE_CELL,PASS,8,0,0,
NG-SCELL-000467,REFERENCE_CELL,PASS,8,0,0,
NG-SCELL-000468,REFERENCE_CELL,PASS,8,0,0,
NG-SCELL-000469,REFERENCE_CELL,PASS,8,0,0,
NG-SCELL-000470,REFERENCE_CELL,PASS,6,2,0,
NG-SCELL-000471,REFERENCE_CELL,PASS,5,3,0,
NG-SCELL-000472,REFERENCE_CELL,PASS,8,0,0,
NG-SCELL-000473,REFERENCE_CELL,PASS,8,0,0,
NG-SCELL-000474,REFERENCE_CELL,PASS,8,0,0,
NG-SCELL-000475,REFERENCE_CELL,PASS,8,0,0,
NG-SCELL-000476,REFERENCE_CELL,PASS,8,0,0,
NG-SCELL-000477,REFERENCE_CELL,PASS,8,0,0,
NG-SCELL-000478,REFERENCE_CELL,PASS,8,0,0,
NG-SCELL-000479,REFERENCE_CELL,PASS,8,0,0,
NG-SCELL-000480,REFERENCE_CELL,PASS,8,0,0,
NG-SCELL-000481,REFERENCE_CELL,PASS,8,0,0,
NG-SCELL-000482,REFERENCE_CELL,PASS,8,0,0,
NG-SCELL-000483,REFERENCE_CELL,PASS,8,0,0,
NG-SCELL-000484,REFERENCE_CELL,PASS,8,0,0,
NG-SCELL-000485,REFERENCE_CELL,PASS,8,0,0,
NG-SCELL-000486,REFERENCE_CELL,PASS,8,0,0,
NG-SCELL-000487,REFERENCE_CELL,PASS,8,0,0,
NG-SCELL-000488,REFERENCE_CELL,PASS,8,0,0,
NG-SCELL-000489,REFERENCE_CELL,PASS,8,0,0,
NG-SCELL-000490,REFERENCE_CELL,PASS,8,0,0,
NG-SCELL-000491,REFERENCE_CELL,PASS,8,0,0,
NG-SCELL-000492,REFERENCE_CELL,PASS,8,0,0,
NG-SCELL-000493,REFERENCE_CELL,PASS,8,0,0,
NG-SCELL-000494,REFERENCE_CELL,PASS,8,0,0,
NG-SCELL-000495,REFERENCE_CELL,PASS,8,0,0,
NG-SCELL-000496,REFERENCE_CELL,PASS,8,0,0,
NG-SCELL-000497,REFERENCE_CELL,PASS,8,0,0,
NG-SCELL-000498,REFERENCE_CELL,PASS,8,0,0,
NG-SCELL-000499,REFERENCE_CELL,PASS,8,0,0,
NG-SCELL-000500,REFERENCE_CELL,PASS,8,0,0,
NG-SCELL-000501,REFERENCE_CELL,PASS,8,0,0,
NG-SCELL-000502,REFERENCE_CELL,PASS,8,0,0,
NG-SCELL-000503,REFERENCE_CELL,PASS,8,0,0,
NG-SCELL-000504,REFERENCE_CELL,PASS,7,1,0,
NG-SCELL-000505,REFERENCE_CELL,PASS,4,4,0,
NG-SCELL-000506,REFERENCE_CELL,PASS,5,3,0,
NG-SCELL-000507,REFERENCE_CELL,PASS,8,0,0,
NG-SCELL-000508,REFERENCE_CELL,PASS,8,0,0,
NG-SCELL-000509,REFERENCE_CELL,PASS,8,0,0,
NG-SCELL-000510,REFERENCE_CELL,PASS,8,0,0,
NG-SCELL-000511,REFERENCE_CELL,PASS,8,0,0,
NG-SCELL-000512,REFERENCE_CELL,PASS,8,0,0,
NG-SCELL-000513,REFERENCE_CELL,PASS,8,0,0,
NG-SCELL-000514,REFERENCE_CELL,PASS,8,0,0,
NG-SCELL-000515,REFERENCE_CELL,PASS,8,0,0,
NG-SCELL-000516,REFERENCE_CELL,PASS,8,0,0,
NG-SCELL-000517,REFERENCE_CELL,PASS,8,0,0,
NG-SCELL-000518,REFERENCE_CELL,PASS,8,0,0,
NG-SCELL-000519,REFERENCE_CELL,PASS,8,0,0,
NG-SCELL-000520,REFERENCE_CELL,PASS,8,0,0,
NG-SCELL-000521,REFERENCE_CELL,PASS,8,0,0,
NG-SCELL-000522,REFERENCE_CELL,PASS,8,0,0,
NG-SCELL-000523,REFERENCE_CELL,PASS,8,0,0,
NG-SCELL-000524,REFERENCE_CELL,PASS,8,0,0,
NG-SCELL-000525,REFERENCE_CELL,PASS,8,0,0,
NG-SCELL-000526,REFERENCE_CELL,PASS,8,0,0,
NG-SCELL-000527,REFERENCE_CELL,PASS,8,0,0,
NG-SCELL-000528,REFERENCE_CELL,PASS,8,0,0,
NG-SCELL-000529,REFERENCE_CELL,PASS,8,0,0,
NG-SCELL-000530,REFERENCE_CELL,PASS,8,0,0,
NG-SCELL-000531,REFERENCE_CELL,PASS,8,0,0,
NG-SCELL-000532,REFERENCE_CELL,PASS,8,0,0,
NG-SCELL-000533,REFERENCE_CELL,PASS,8,0,0,
NG-SCELL-000534,REFERENCE_CELL,PASS,8,0,0,
NG-SCELL-000535,REFERENCE_CELL,PASS,8,0,0,
NG-SCELL-000536,REFERENCE_CELL,PASS,8,0,0,
NG-SCELL-000537,REFERENCE_CELL,PASS,8,0,0,
NG-SCELL-000538,REFERENCE_CELL,PASS,8,0,0,
NG-SCELL-000539,REFERENCE_CELL,PASS,8,0,0,
NG-SCELL-000540,REFERENCE_CELL,PASS,6,2,0,
NG-SCELL-000541,REFERENCE_CELL,PASS,5,3,0,
NG-SCELL-000542,REFERENCE_CELL,PASS,8,0,0,
NG-SCELL-000543,REFERENCE_CELL,PASS,8,0,0,
NG-SCELL-000544,REFERENCE_CELL,PASS,8,0,0,
NG-SCELL-000545,REFERENCE_CELL,PASS,8,0,0,
NG-SCELL-000546,REFERENCE_CELL,PASS,8,0,0,
NG-SCELL-000547,REFERENCE_CELL,PASS,8,0,0,
NG-SCELL-000548,REFERENCE_CELL,PASS,8,0,0,
NG-SCELL-000549,REFERENCE_CELL,PASS,8,0,0,
NG-SCELL-000550,REFERENCE_CELL,PASS,8,0,0,
NG-SCELL-000551,REFERENCE_CELL,PASS,8,0,0,
NG-SCELL-000552,REFERENCE_CELL,PASS,8,0,0,
NG-SCELL-000553,REFERENCE_CELL,PASS,8,0,0,
NG-SCELL-000554,REFERENCE_CELL,PASS,8,0,0,
NG-SCELL-000555,REFERENCE_CELL,PASS,8,0,0,
NG-SCELL-000556,REFERENCE_CELL,PASS,8,0,0,
NG-SCELL-000557,REFERENCE_CELL,PASS,8,0,0,
NG-SCELL-000558,REFERENCE_CELL,PASS,8,0,0,
NG-SCELL-000559,REFERENCE_CELL,PASS,8,0,0,
NG-SCELL-000560,REFERENCE_CELL,PASS,8,0,0,
NG-SCELL-000561,REFERENCE_CELL,PASS,8,0,0,
NG-SCELL-000562,REFERENCE_CELL,PASS,8,0,0,
NG-SCELL-000563,REFERENCE_CELL,PASS,8,0,0,
NG-SCELL-000564,REFERENCE_CELL,PASS,8,0,0,
NG-SCELL-000565,REFERENCE_CELL,PASS,8,0,0,
NG-SCELL-000566,REFERENCE_CELL,PASS,8,0,0,
NG-SCELL-000567,REFERENCE_CELL,PASS,8,0,0,
NG-SCELL-000568,REFERENCE_CELL,PASS,8,0,0,
NG-SCELL-000569,REFERENCE_CELL,PASS,8,0,0,
NG-SCELL-000570,REFERENCE_CELL,PASS,8,0,0,
NG-SCELL-000571,REFERENCE_CELL,PASS,8,0,0,
NG-SCELL-000572,REFERENCE_CELL,PASS,8,0,0,
NG-SCELL-000573,REFERENCE_CELL,PASS,8,0,0,
NG-SCELL-000574,REFERENCE_CELL,PASS,8,0,0,
NG-SCELL-000575,REFERENCE_CELL,PASS,6,2,0,
NG-SCELL-000576,REFERENCE_CELL,PASS,3,5,0,
NG-SCELL-000577,REFERENCE_CELL,PASS,5,3,0,
NG-SCELL-000578,REFERENCE_CELL,PASS,8,0,0,
NG-SCELL-000579,REFERENCE_CELL,PASS,8,0,0,
NG-SCELL-000580,REFERENCE_CELL,PASS,8,0,0,
NG-SCELL-000581,REFERENCE_CELL,PASS,8,0,0,
NG-SCELL-000582,REFERENCE_CELL,PASS,8,0,0,
NG-SCELL-000583,REFERENCE_CELL,PASS,8,0,0,
NG-SCELL-000584,REFERENCE_CELL,PASS,8,0,0,
NG-SCELL-000585,REFERENCE_CELL,PASS,8,0,0,
NG-SCELL-000586,REFERENCE_CELL,PASS,8,0,0,
NG-SCELL-000587,REFERENCE_CELL,PASS,8,0,0,
NG-SCELL-000588,REFERENCE_CELL,PASS,8,0,0,
NG-SCELL-000589,REFERENCE_CELL,PASS,8,0,0,
NG-SCELL-000590,REFERENCE_CELL,PASS,8,0,0,
NG-SCELL-000591,REFERENCE_CELL,PASS,8,0,0,
NG-SCELL-000592,REFERENCE_CELL,PASS,8,0,0,
NG-SCELL-000593,REFERENCE_CELL,PASS,8,0,0,
NG-SCELL-000594,REFERENCE_CELL,PASS,8,0,0,
NG-SCELL-000595,REFERENCE_CELL,PASS,8,0,0,
NG-SCELL-000596,REFERENCE_CELL,PASS,8,0,0,
NG-SCELL-000597,REFERENCE_CELL,PASS,8,0,0,
NG-SCELL-000598,REFERENCE_CELL,PASS,8,0,0,
NG-SCELL-000599,REFERENCE_CELL,PASS,8,0,0,
NG-SCELL-000600,REFERENCE_CELL,PASS,8,0,0,
NG-SCELL-000601,REFERENCE_CELL,PASS,8,0,0,
NG-SCELL-000602,REFERENCE_CELL,PASS,8,0,0,
NG-SCELL-000603,REFERENCE_CELL,PASS,8,0,0,
NG-SCELL-000604,REFERENCE_CELL,PASS,8,0,0,
NG-SCELL-000605,REFERENCE_CELL,PASS,8,0,0,
NG-SCELL-000606,REFERENCE_CELL,PASS,8,0,0,
NG-SCELL-000607,REFERENCE_CELL,PASS,8,0,0,
NG-SCELL-000608,REFERENCE_CELL,PASS,8,0,0,
NG-SCELL-000609,REFERENCE_CELL,PASS,8,0,0,
NG-SCELL-000610,REFERENCE_CELL,PASS,7,1,0,
NG-SCELL-000611,REFERENCE_CELL,PASS,5,3,0,
NG-SCELL-000612,REFERENCE_CELL,PASS,5,3,0,
NG-SCELL-000613,REFERENCE_CELL,PASS,8,0,0,
NG-SCELL-000614,REFERENCE_CELL,PASS,8,0,0,
NG-SCELL-000615,REFERENCE_CELL,PASS,8,0,0,
NG-SCELL-000616,REFERENCE_CELL,PASS,8,0,0,
NG-SCELL-000617,REFERENCE_CELL,PASS,8,0,0,
NG-SCELL-000618,REFERENCE_CELL,PASS,8,0,0,
NG-SCELL-000619,REFERENCE_CELL,PASS,8,0,0,
NG-SCELL-000620,REFERENCE_CELL,PASS,8,0,0,
NG-SCELL-000621,REFERENCE_CELL,PASS,8,0,0,
NG-SCELL-000622,REFERENCE_CELL,PASS,8,0,0,
NG-SCELL-000623,REFERENCE_CELL,PASS,8,0,0,
NG-SCELL-000624,REFERENCE_CELL,PASS,8,0,0,
NG-SCELL-000625,REFERENCE_CELL,PASS,8,0,0,
NG-SCELL-000626,REFERENCE_CELL,PASS,8,0,0,
NG-SCELL-000627,REFERENCE_CELL,PASS,8,0,0,
NG-SCELL-000628,REFERENCE_CELL,PASS,8,0,0,
NG-SCELL-000629,REFERENCE_CELL,PASS,8,0,0,
NG-SCELL-000630,REFERENCE_CELL,PASS,8,0,0,
NG-SCELL-000631,REFERENCE_CELL,PASS,8,0,0,
NG-SCELL-000632,REFERENCE_CELL,PASS,8,0,0,
NG-SCELL-000633,REFERENCE_CELL,PASS,8,0,0,
NG-SCELL-000634,REFERENCE_CELL,PASS,8,0,0,
NG-SCELL-000635,REFERENCE_CELL,PASS,8,0,0,
NG-SCELL-000636,REFERENCE_CELL,PASS,8,0,0,
NG-SCELL-000637,REFERENCE_CELL,PASS,8,0,0,
NG-SCELL-000638,REFERENCE_CELL,PASS,8,0,0,
NG-SCELL-000639,REFERENCE_CELL,PASS,8,0,0,
NG-SCELL-000640,REFERENCE_CELL,PASS,8,0,0,
NG-SCELL-000641,REFERENCE_CELL,PASS,8,0,0,
NG-SCELL-000642,REFERENCE_CELL,PASS,8,0,0,
NG-SCELL-000643,REFERENCE_CELL,PASS,8,0,0,
NG-SCELL-000644,REFERENCE_CELL,PASS,8,0,0,
NG-SCELL-000645,REFERENCE_CELL,PASS,6,2,0,
NG-SCELL-000646,REFERENCE_CELL,PASS,5,3,0,
NG-SCELL-000647,REFERENCE_CELL,PASS,8,0,0,
NG-SCELL-000648,REFERENCE_CELL,PASS,8,0,0,
NG-SCELL-000649,REFERENCE_CELL,PASS,8,0,0,
NG-SCELL-000650,REFERENCE_CELL,PASS,8,0,0,
NG-SCELL-000651,REFERENCE_CELL,PASS,8,0,0,
NG-SCELL-000652,REFERENCE_CELL,PASS,8,0,0,
NG-SCELL-000653,REFERENCE_CELL,PASS,8,0,0,
NG-SCELL-000654,REFERENCE_CELL,PASS,8,0,0,
NG-SCELL-000655,REFERENCE_CELL,PASS,8,0,0,
NG-SCELL-000656,REFERENCE_CELL,PASS,8,0,0,
NG-SCELL-000657,REFERENCE_CELL,PASS,8,0,0,
NG-SCELL-000658,REFERENCE_CELL,PASS,8,0,0,
NG-SCELL-000659,REFERENCE_CELL,PASS,8,0,0,
NG-SCELL-000660,REFERENCE_CELL,PASS,8,0,0,
NG-SCELL-000661,REFERENCE_CELL,PASS,8,0,0,
NG-SCELL-000662,REFERENCE_CELL,PASS,8,0,0,
NG-SCELL-000663,REFERENCE_CELL,PASS,8,0,0,
NG-SCELL-000664,REFERENCE_CELL,PASS,8,0,0,
NG-SCELL-000665,REFERENCE_CELL,PASS,8,0,0,
NG-SCELL-000666,REFERENCE_CELL,PASS,8,0,0,
NG-SCELL-000667,REFERENCE_CELL,PASS,8,0,0,
NG-SCELL-000668,REFERENCE_CELL,PASS,8,0,0,
NG-SCELL-000669,REFERENCE_CELL,PASS,8,0,0,
NG-SCELL-000670,REFERENCE_CELL,PASS,8,0,0,
NG-SCELL-000671,REFERENCE_CELL,PASS,8,0,0,
NG-SCELL-000672,REFERENCE_CELL,PASS,8,0,0,
NG-SCELL-000673,REFERENCE_CELL,PASS,8,0,0,
NG-SCELL-000674,REFERENCE_CELL,PASS,8,0,0,
NG-SCELL-000675,REFERENCE_CELL,PASS,8,0,0,
NG-SCELL-000676,REFERENCE_CELL,PASS,8,0,0,
NG-SCELL-000677,REFERENCE_CELL,PASS,8,0,0,
NG-SCELL-000678,REFERENCE_CELL,PASS,8,0,0,
NG-SCELL-000679,REFERENCE_CELL,PASS,6,2,0,
NG-SCELL-000680,REFERENCE_CELL,PASS,4,4,0,
NG-SCELL-000681,REFERENCE_CELL,PASS,7,1,0,
NG-SCELL-000682,REFERENCE_CELL,PASS,8,0,0,
NG-SCELL-000683,REFERENCE_CELL,PASS,8,0,0,
NG-SCELL-000684,REFERENCE_CELL,PASS,8,0,0,
NG-SCELL-000685,REFERENCE_CELL,PASS,8,0,0,
NG-SCELL-000686,REFERENCE_CELL,PASS,8,0,0,
NG-SCELL-000687,REFERENCE_CELL,PASS,8,0,0,
NG-SCELL-000688,REFERENCE_CELL,PASS,8,0,0,
NG-SCELL-000689,REFERENCE_CELL,PASS,8,0,0,
NG-SCELL-000690,REFERENCE_CELL,PASS,8,0,0,
NG-SCELL-000691,REFERENCE_CELL,PASS,8,0,0,
NG-SCELL-000692,REFERENCE_CELL,PASS,8,0,0,
NG-SCELL-000693,REFERENCE_CELL,PASS,8,0,0,
NG-SCELL-000694,REFERENCE_CELL,PASS,8,0,0,
NG-SCELL-000695,REFERENCE_CELL,PASS,8,0,0,
NG-SCELL-000696,REFERENCE_CELL,PASS,8,0,0,
NG-SCELL-000697,REFERENCE_CELL,PASS,8,0,0,
NG-SCELL-000698,REFERENCE_CELL,PASS,8,0,0,
NG-SCELL-000699,REFERENCE_CELL,PASS,8,0,0,
NG-SCELL-000700,REFERENCE_CELL,PASS,8,0,0,
NG-SCELL-000701,REFERENCE_CELL,PASS,8,0,0,
NG-SCELL-000702,REFERENCE_CELL,PASS,8,0,0,
NG-SCELL-000703,REFERENCE_CELL,PASS,8,0,0,
NG-SCELL-000704,REFERENCE_CELL,PASS,8,0,0,
NG-SCELL-000705,REFERENCE_CELL,PASS,8,0,0,
NG-SCELL-000706,REFERENCE_CELL,PASS,8,0,0,
NG-SCELL-000707,REFERENCE_CELL,PASS,8,0,0,
NG-SCELL-000708,REFERENCE_CELL,PASS,8,0,0,
NG-SCELL-000709,REFERENCE_CELL,PASS,8,0,0,
NG-SCELL-000710,REFERENCE_CELL,PASS,8,0,0,
NG-SCELL-000711,REFERENCE_CELL,PASS,8,0,0,
NG-SCELL-000712,REFERENCE_CELL,PASS,8,0,0,
NG-SCELL-000713,REFERENCE_CELL,PASS,7,1,0,
NG-SCELL-000714,REFERENCE_CELL,PASS,5,3,0,
NG-SCELL-000715,REFERENCE_CELL,PASS,6,2,0,
NG-SCELL-000716,REFERENCE_CELL,PASS,8,0,0,
NG-SCELL-000717,REFERENCE_CELL,PASS,8,0,0,
NG-SCELL-000718,REFERENCE_CELL,PASS,8,0,0,
NG-SCELL-000719,REFERENCE_CELL,PASS,8,0,0,
NG-SCELL-000720,REFERENCE_CELL,PASS,8,0,0,
NG-SCELL-000721,REFERENCE_CELL,PASS,8,0,0,
NG-SCELL-000722,REFERENCE_CELL,PASS,8,0,0,
NG-SCELL-000723,REFERENCE_CELL,PASS,8,0,0,
NG-SCELL-000724,REFERENCE_CELL,PASS,8,0,0,
NG-SCELL-000725,REFERENCE_CELL,PASS,8,0,0,
NG-SCELL-000726,REFERENCE_CELL,PASS,8,0,0,
NG-SCELL-000727,REFERENCE_CELL,PASS,8,0,0,
NG-SCELL-000728,REFERENCE_CELL,PASS,8,0,0,
NG-SCELL-000729,REFERENCE_CELL,PASS,8,0,0,
NG-SCELL-000730,REFERENCE_CELL,PASS,8,0,0,
NG-SCELL-000731,REFERENCE_CELL,PASS,8,0,0,
NG-SCELL-000732,REFERENCE_CELL,PASS,8,0,0,
NG-SCELL-000733,REFERENCE_CELL,PASS,8,0,0,
NG-SCELL-000734,REFERENCE_CELL,PASS,8,0,0,
NG-SCELL-000735,REFERENCE_CELL,PASS,8,0,0,
NG-SCELL-000736,REFERENCE_CELL,PASS,8,0,0,
NG-SCELL-000737,REFERENCE_CELL,PASS,8,0,0,
NG-SCELL-000738,REFERENCE_CELL,PASS,8,0,0,
NG-SCELL-000739,REFERENCE_CELL,PASS,8,0,0,
NG-SCELL-000740,REFERENCE_CELL,PASS,8,0,0,
NG-SCELL-000741,REFERENCE_CELL,PASS,8,0,0,
NG-SCELL-000742,REFERENCE_CELL,PASS,8,0,0,
NG-SCELL-000743,REFERENCE_CELL,PASS,8,0,0,
NG-SCELL-000744,REFERENCE_CELL,PASS,8,0,0,
NG-SCELL-000745,REFERENCE_CELL,PASS,8,0,0,
NG-SCELL-000746,REFERENCE_CELL,PASS,8,0,0,
NG-SCELL-000747,REFERENCE_CELL,PASS,8,0,0,
NG-SCELL-000748,REFERENCE_CELL,PASS,7,1,0,
NG-SCELL-000749,REFERENCE_CELL,PASS,4,4,0,
NG-SCELL-000750,REFERENCE_CELL,PASS,5,3,0,
NG-SCELL-000751,REFERENCE_CELL,PASS,8,0,0,
NG-SCELL-000752,REFERENCE_CELL,PASS,8,0,0,
NG-SCELL-000753,REFERENCE_CELL,PASS,8,0,0,
NG-SCELL-000754,REFERENCE_CELL,PASS,8,0,0,
NG-SCELL-000755,REFERENCE_CELL,PASS,8,0,0,
NG-SCELL-000756,REFERENCE_CELL,PASS,8,0,0,
NG-SCELL-000757,REFERENCE_CELL,PASS,8,0,0,
NG-SCELL-000758,REFERENCE_CELL,PASS,8,0,0,
NG-SCELL-000759,REFERENCE_CELL,PASS,8,0,0,
NG-SCELL-000760,REFERENCE_CELL,PASS,8,0,0,
NG-SCELL-000761,REFERENCE_CELL,PASS,8,0,0,
NG-SCELL-000762,REFERENCE_CELL,PASS,8,0,0,
NG-SCELL-000763,REFERENCE_CELL,PASS,8,0,0,
NG-SCELL-000764,REFERENCE_CELL,PASS,8,0,0,
NG-SCELL-000765,REFERENCE_CELL,PASS,8,0,0,
NG-SCELL-000766,REFERENCE_CELL,PASS,8,0,0,
NG-SCELL-000767,REFERENCE_CELL,PASS,8,0,0,
NG-SCELL-000768,REFERENCE_CELL,PASS,8,0,0,
NG-SCELL-000769,REFERENCE_CELL,PASS,8,0,0,
NG-SCELL-000770,REFERENCE_CELL,PASS,8,0,0,
NG-SCELL-000771,REFERENCE_CELL,PASS,8,0,0,
NG-SCELL-000772,REFERENCE_CELL,PASS,8,0,0,
NG-SCELL-000773,REFERENCE_CELL,PASS,8,0,0,
NG-SCELL-000774,REFERENCE_CELL,PASS,8,0,0,
NG-SCELL-000775,REFERENCE_CELL,PASS,8,0,0,
NG-SCELL-000776,REFERENCE_CELL,PASS,8,0,0,
NG-SCELL-000777,REFERENCE_CELL,PASS,8,0,0,
NG-SCELL-000778,REFERENCE_CELL,PASS,8,0,0,
NG-SCELL-000779,REFERENCE_CELL,PASS,8,0,0,
NG-SCELL-000780,REFERENCE_CELL,PASS,8,0,0,
NG-SCELL-000781,REFERENCE_CELL,PASS,8,0,0,
NG-SCELL-000782,REFERENCE_CELL,PASS,8,0,0,
NG-SCELL-000783,REFERENCE_CELL,PASS,8,0,0,
NG-SCELL-000784,REFERENCE_CELL,PASS,5,3,0,
NG-SCELL-000785,REFERENCE_CELL,PASS,5,3,0,
NG-SCELL-000786,REFERENCE_CELL,PASS,8,0,0,
NG-SCELL-000787,REFERENCE_CELL,PASS,8,0,0,
NG-SCELL-000788,REFERENCE_CELL,PASS,8,0,0,
NG-SCELL-000789,REFERENCE_CELL,PASS,8,0,0,
NG-SCELL-000790,REFERENCE_CELL,PASS,8,0,0,
NG-SCELL-000791,REFERENCE_CELL,PASS,8,0,0,
NG-SCELL-000792,REFERENCE_CELL,PASS,8,0,0,
NG-SCELL-000793,REFERENCE_CELL,PASS,8,0,0,
NG-SCELL-000794,REFERENCE_CELL,PASS,8,0,0,
NG-SCELL-000795,REFERENCE_CELL,PASS,8,0,0,
NG-SCELL-000796,REFERENCE_CELL,PASS,8,0,0,
NG-SCELL-000797,REFERENCE_CELL,PASS,8,0,0,
NG-SCELL-000798,REFERENCE_CELL,PASS,8,0,0,
NG-SCELL-000799,REFERENCE_CELL,PASS,8,0,0,
NG-SCELL-000800,REFERENCE_CELL,PASS,8,0,0,
NG-SCELL-000801,REFERENCE_CELL,PASS,8,0,0,
NG-SCELL-000802,REFERENCE_CELL,PASS,8,0,0,
NG-SCELL-000803,REFERENCE_CELL,PASS,8,0,0,
NG-SCELL-000804,REFERENCE_CELL,PASS,8,0,0,
NG-SCELL-000805,REFERENCE_CELL,PASS,8,0,0,
NG-SCELL-000806,REFERENCE_CELL,PASS,8,0,0,
NG-SCELL-000807,REFERENCE_CELL,PASS,8,0,0,
NG-SCELL-000808,REFERENCE_CELL,PASS,8,0,0,
NG-SCELL-000809,REFERENCE_CELL,PASS,8,0,0,
NG-SCELL-000810,REFERENCE_CELL,PASS,8,0,0,
NG-SCELL-000811,REFERENCE_CELL,PASS,8,0,0,
NG-SCELL-000812,REFERENCE_CELL,PASS,8,0,0,
NG-SCELL-000813,REFERENCE_CELL,PASS,8,0,0,
NG-SCELL-000814,REFERENCE_CELL,PASS,8,0,0,
NG-SCELL-000815,REFERENCE_CELL,PASS,8,0,0,
NG-SCELL-000816,REFERENCE_CELL,PASS,8,0,0,
NG-SCELL-000817,REFERENCE_CELL,PASS,8,0,0,
NG-SCELL-000818,REFERENCE_CELL,PASS,7,1,0,
NG-SCELL-000819,REFERENCE_CELL,PASS,4,4,0,
NG-SCELL-000820,REFERENCE_CELL,PASS,5,3,0,
NG-SCELL-000821,REFERENCE_CELL,PASS,8,0,0,
NG-SCELL-000822,REFERENCE_CELL,PASS,8,0,0,
NG-SCELL-000823,REFERENCE_CELL,PASS,8,0,0,
NG-SCELL-000824,REFERENCE_CELL,PASS,8,0,0,
NG-SCELL-000825,REFERENCE_CELL,PASS,8,0,0,
NG-SCELL-000826,REFERENCE_CELL,PASS,8,0,0,
NG-SCELL-000827,REFERENCE_CELL,PASS,8,0,0,
NG-SCELL-000828,REFERENCE_CELL,PASS,8,0,0,
NG-SCELL-000829,REFERENCE_CELL,PASS,8,0,0,
NG-SCELL-000830,REFERENCE_CELL,PASS,8,0,0,
NG-SCELL-000831,REFERENCE_CELL,PASS,8,0,0,
NG-SCELL-000832,REFERENCE_CELL,PASS,8,0,0,
NG-SCELL-000833,REFERENCE_CELL,PASS,8,0,0,
NG-SCELL-000834,REFERENCE_CELL,PASS,8,0,0,
NG-SCELL-000835,REFERENCE_CELL,PASS,8,0,0,
NG-SCELL-000836,REFERENCE_CELL,PASS,8,0,0,
NG-SCELL-000837,REFERENCE_CELL,PASS,8,0,0,
NG-SCELL-000838,REFERENCE_CELL,PASS,8,0,0,
NG-SCELL-000839,REFERENCE_CELL,PASS,8,0,0,
NG-SCELL-000840,REFERENCE_CELL,PASS,8,0,0,
NG-SCELL-000841,REFERENCE_CELL,PASS,8,0,0,
NG-SCELL-000842,REFERENCE_CELL,PASS,8,0,0,
NG-SCELL-000843,REFERENCE_CELL,PASS,8,0,0,
NG-SCELL-000844,REFERENCE_CELL,PASS,8,0,0,
NG-SCELL-000845,REFERENCE_CELL,PASS,8,0,0,
NG-SCELL-000846,REFERENCE_CELL,PASS,8,0,0,
NG-SCELL-000847,REFERENCE_CELL,PASS,8,0,0,
NG-SCELL-000848,REFERENCE_CELL,PASS,8,0,0,
NG-SCELL-000849,REFERENCE_CELL,PASS,8,0,0,
NG-SCELL-000850,REFERENCE_CELL,PASS,8,0,0,
NG-SCELL-000851,REFERENCE_CELL,PASS,8,0,0,
NG-SCELL-000852,REFERENCE_CELL,PASS,7,1,0,
NG-SCELL-000853,REFERENCE_CELL,PASS,5,3,0,
NG-SCELL-000854,REFERENCE_CELL,PASS,4,4,0,
NG-SCELL-000855,REFERENCE_CELL,PASS,7,1,0,
NG-SCELL-000856,REFERENCE_CELL,PASS,8,0,0,
NG-SCELL-000857,REFERENCE_CELL,PASS,8,0,0,
NG-SCELL-000858,REFERENCE_CELL,PASS,8,0,0,
NG-SCELL-000859,REFERENCE_CELL,PASS,8,0,0,
NG-SCELL-000860,REFERENCE_CELL,PASS,8,0,0,
NG-SCELL-000861,REFERENCE_CELL,PASS,8,0,0,
NG-SCELL-000862,REFERENCE_CELL,PASS,8,0,0,
NG-SCELL-000863,REFERENCE_CELL,PASS,8,0,0,
NG-SCELL-000864,REFERENCE_CELL,PASS,8,0,0,
NG-SCELL-000865,REFERENCE_CELL,PASS,8,0,0,
NG-SCELL-000866,REFERENCE_CELL,PASS,8,0,0,
NG-SCELL-000867,REFERENCE_CELL,PASS,8,0,0,
NG-SCELL-000868,REFERENCE_CELL,PASS,8,0,0,
NG-SCELL-000869,REFERENCE_CELL,PASS,8,0,0,
NG-SCELL-000870,REFERENCE_CELL,PASS,8,0,0,
NG-SCELL-000871,REFERENCE_CELL,PASS,8,0,0,
NG-SCELL-000872,REFERENCE_CELL,PASS,8,0,0,
NG-SCELL-000873,REFERENCE_CELL,PASS,8,0,0,
NG-SCELL-000874,REFERENCE_CELL,PASS,8,0,0,
NG-SCELL-000875,REFERENCE_CELL,PASS,8,0,0,
NG-SCELL-000876,REFERENCE_CELL,PASS,8,0,0,
NG-SCELL-000877,REFERENCE_CELL,PASS,8,0,0,
NG-SCELL-000878,REFERENCE_CELL,PASS,8,0,0,
NG-SCELL-000879,REFERENCE_CELL,PASS,8,0,0,
NG-SCELL-000880,REFERENCE_CELL,PASS,8,0,0,
NG-SCELL-000881,REFERENCE_CELL,PASS,8,0,0,
NG-SCELL-000882,REFERENCE_CELL,PASS,8,0,0,
NG-SCELL-000883,REFERENCE_CELL,PASS,8,0,0,
NG-SCELL-000884,REFERENCE_CELL,PASS,8,0,0,
NG-SCELL-000885,REFERENCE_CELL,PASS,8,0,0,
NG-SCELL-000886,REFERENCE_CELL,PASS,6,2,0,
NG-SCELL-000887,REFERENCE_CELL,PASS,0,8,0,
NG-SCELL-000888,REFERENCE_CELL,PASS,6,2,0,
NG-SCELL-000889,REFERENCE_CELL,PASS,8,0,0,
NG-SCELL-000890,REFERENCE_CELL,PASS,8,0,0,
NG-SCELL-000891,REFERENCE_CELL,PASS,8,0,0,
NG-SCELL-000892,REFERENCE_CELL,PASS,8,0,0,
NG-SCELL-000893,REFERENCE_CELL,PASS,8,0,0,
NG-SCELL-000894,REFERENCE_CELL,PASS,8,0,0,
NG-SCELL-000895,REFERENCE_CELL,PASS,8,0,0,
NG-SCELL-000896,REFERENCE_CELL,PASS,8,0,0,
NG-SCELL-000897,REFERENCE_CELL,PASS,8,0,0,
NG-SCELL-000898,REFERENCE_CELL,PASS,8,0,0,
NG-SCELL-000899,REFERENCE_CELL,PASS,8,0,0,
NG-SCELL-000900,REFERENCE_CELL,PASS,8,0,0,
NG-SCELL-000901,REFERENCE_CELL,PASS,8,0,0,
NG-SCELL-000902,REFERENCE_CELL,PASS,8,0,0,
NG-SCELL-000903,REFERENCE_CELL,PASS,8,0,0,
NG-SCELL-000904,REFERENCE_CELL,PASS,8,0,0,
NG-SCELL-000905,REFERENCE_CELL,PASS,8,0,0,
NG-SCELL-000906,REFERENCE_CELL,PASS,8,0,0,
NG-SCELL-000907,REFERENCE_CELL,PASS,8,0,0,
NG-SCELL-000908,REFERENCE_CELL,PASS,8,0,0,
NG-SCELL-000909,REFERENCE_CELL,PASS,8,0,0,
NG-SCELL-000910,REFERENCE_CELL,PASS,8,0,0,
NG-SCELL-000911,REFERENCE_CELL,PASS,8,0,0,
NG-SCELL-000912,REFERENCE_CELL,PASS,8,0,0,
NG-SCELL-000913,REFERENCE_CELL,PASS,8,0,0,
NG-SCELL-000914,REFERENCE_CELL,PASS,8,0,0,
NG-SCELL-000915,REFERENCE_CELL,PASS,8,0,0,
NG-SCELL-000916,REFERENCE_CELL,PASS,8,0,0,
NG-SCELL-000917,REFERENCE_CELL,PASS,7,1,0,
NG-SCELL-000918,REFERENCE_CELL,PASS,6,2,0,
NG-SCELL-000919,REFERENCE_CELL,PASS,3,5,0,
NG-SCELL-000920,REFERENCE_CELL,PASS,5,3,0,
NG-SCELL-000921,REFERENCE_CELL,PASS,8,0,0,
NG-SCELL-000922,REFERENCE_CELL,PASS,8,0,0,
NG-SCELL-000923,REFERENCE_CELL,PASS,8,0,0,
NG-SCELL-000924,REFERENCE_CELL,PASS,8,0,0,
NG-SCELL-000925,REFERENCE_CELL,PASS,8,0,0,
NG-SCELL-000926,REFERENCE_CELL,PASS,8,0,0,
NG-SCELL-000927,REFERENCE_CELL,PASS,8,0,0,
NG-SCELL-000928,REFERENCE_CELL,PASS,8,0,0,
NG-SCELL-000929,REFERENCE_CELL,PASS,8,0,0,
NG-SCELL-000930,REFERENCE_CELL,PASS,8,0,0,
NG-SCELL-000931,REFERENCE_CELL,PASS,8,0,0,
NG-SCELL-000932,REFERENCE_CELL,PASS,8,0,0,
NG-SCELL-000933,REFERENCE_CELL,PASS,8,0,0,
NG-SCELL-000934,REFERENCE_CELL,PASS,8,0,0,
NG-SCELL-000935,REFERENCE_CELL,PASS,8,0,0,
NG-SCELL-000936,REFERENCE_CELL,PASS,8,0,0,
NG-SCELL-000937,REFERENCE_CELL,PASS,8,0,0,
NG-SCELL-000938,REFERENCE_CELL,PASS,8,0,0,
NG-SCELL-000939,REFERENCE_CELL,PASS,8,0,0,
NG-SCELL-000940,REFERENCE_CELL,PASS,8,0,0,
NG-SCELL-000941,REFERENCE_CELL,PASS,8,0,0,
NG-SCELL-000942,REFERENCE_CELL,PASS,8,0,0,
NG-SCELL-000943,REFERENCE_CELL,PASS,8,0,0,
NG-SCELL-000944,REFERENCE_CELL,PASS,8,0,0,
NG-SCELL-000945,REFERENCE_CELL,PASS,8,0,0,
NG-SCELL-000946,REFERENCE_CELL,PASS,8,0,0,
NG-SCELL-000947,REFERENCE_CELL,PASS,8,0,0,
NG-SCELL-000948,REFERENCE_CELL,PASS,7,1,0,
NG-SCELL-000949,REFERENCE_CELL,PASS,5,3,0,
NG-SCELL-000950,REFERENCE_CELL,PASS,1,7,0,
NG-SCELL-000951,REFERENCE_CELL,PASS,4,4,0,
NG-SCELL-000952,REFERENCE_CELL,PASS,7,1,0,
NG-SCELL-000953,REFERENCE_CELL,PASS,8,0,0,
NG-SCELL-000954,REFERENCE_CELL,PASS,8,0,0,
NG-SCELL-000955,REFERENCE_CELL,PASS,8,0,0,
NG-SCELL-000956,REFERENCE_CELL,PASS,8,0,0,
NG-SCELL-000957,REFERENCE_CELL,PASS,8,0,0,
NG-SCELL-000958,REFERENCE_CELL,PASS,8,0,0,
NG-SCELL-000959,REFERENCE_CELL,PASS,8,0,0,
NG-SCELL-000960,REFERENCE_CELL,PASS,8,0,0,
NG-SCELL-000961,REFERENCE_CELL,PASS,8,0,0,
NG-SCELL-000962,REFERENCE_CELL,PASS,8,0,0,
NG-SCELL-000963,REFERENCE_CELL,PASS,8,0,0,
NG-SCELL-000964,REFERENCE_CELL,PASS,8,0,0,
NG-SCELL-000965,REFERENCE_CELL,PASS,8,0,0,
NG-SCELL-000966,REFERENCE_CELL,PASS,8,0,0,
NG-SCELL-000967,REFERENCE_CELL,PASS,8,0,0,
NG-SCELL-000968,REFERENCE_CELL,PASS,8,0,0,
NG-SCELL-000969,REFERENCE_CELL,PASS,8,0,0,
NG-SCELL-000970,REFERENCE_CELL,PASS,8,0,0,
NG-SCELL-000971,REFERENCE_CELL,PASS,8,0,0,
NG-SCELL-000972,REFERENCE_CELL,PASS,8,0,0,
NG-SCELL-000973,REFERENCE_CELL,PASS,8,0,0,
NG-SCELL-000974,REFERENCE_CELL,PASS,8,0,0,
NG-SCELL-000975,REFERENCE_CELL,PASS,8,0,0,
NG-SCELL-000976,REFERENCE_CELL,PASS,8,0,0,
NG-SCELL-000977,REFERENCE_CELL,PASS,7,1,0,
NG-SCELL-000978,REFERENCE_CELL,PASS,6,2,0,
NG-SCELL-000979,REFERENCE_CELL,PASS,4,4,0,
NG-SCELL-000980,REFERENCE_CELL,PASS,1,7,0,
NG-SCELL-000981,REFERENCE_CELL,PASS,6,2,0,
NG-SCELL-000982,REFERENCE_CELL,PASS,8,0,0,
NG-SCELL-000983,REFERENCE_CELL,PASS,8,0,0,
NG-SCELL-000984,REFERENCE_CELL,PASS,8,0,0,
NG-SCELL-000985,REFERENCE_CELL,PASS,8,0,0,
NG-SCELL-000986,REFERENCE_CELL,PASS,8,0,0,
NG-SCELL-000987,REFERENCE_CELL,PASS,8,0,0,
NG-SCELL-000988,REFERENCE_CELL,PASS,8,0,0,
NG-SCELL-000989,REFERENCE_CELL,PASS,8,0,0,
NG-SCELL-000990,REFERENCE_CELL,PASS,8,0,0,
NG-SCELL-000991,REFERENCE_CELL,PASS,8,0,0,
NG-SCELL-000992,REFERENCE_CELL,PASS,8,0,0,
NG-SCELL-000993,REFERENCE_CELL,PASS,8,0,0,
NG-SCELL-000994,REFERENCE_CELL,PASS,8,0,0,
NG-SCELL-000995,REFERENCE_CELL,PASS,8,0,0,
NG-SCELL-000996,REFERENCE_CELL,PASS,8,0,0,
NG-SCELL-000997,REFERENCE_CELL,PASS,8,0,0,
NG-SCELL-000998,REFERENCE_CELL,PASS,8,0,0,
NG-SCELL-000999,REFERENCE_CELL,PASS,8,0,0,
NG-SCELL-001000,REFERENCE_CELL,PASS,8,0,0,
NG-SCELL-001001,REFERENCE_CELL,PASS,8,0,0,
NG-SCELL-001002,REFERENCE_CELL,PASS,8,0,0,
NG-SCELL-001003,REFERENCE_CELL,PASS,8,0,0,
NG-SCELL-001004,REFERENCE_CELL,PASS,8,0,0,
NG-SCELL-001005,REFERENCE_CELL,PASS,8,0,0,
NG-SCELL-001006,REFERENCE_CELL,PASS,6,2,0,
NG-SCELL-001007,REFERENCE_CELL,PASS,5,3,0,
NG-SCELL-001008,REFERENCE_CELL,PASS,8,0,0,
NG-SCELL-001009,REFERENCE_CELL,PASS,8,0,0,
NG-SCELL-001010,REFERENCE_CELL,PASS,8,0,0,
NG-SCELL-001011,REFERENCE_CELL,PASS,8,0,0,
NG-SCELL-001012,REFERENCE_CELL,PASS,8,0,0,
NG-SCELL-001013,REFERENCE_CELL,PASS,8,0,0,
NG-SCELL-001014,REFERENCE_CELL,PASS,8,0,0,
NG-SCELL-001015,REFERENCE_CELL,PASS,8,0,0,
NG-SCELL-001016,REFERENCE_CELL,PASS,8,0,0,
NG-SCELL-001017,REFERENCE_CELL,PASS,8,0,0,
NG-SCELL-001018,REFERENCE_CELL,PASS,8,0,0,
NG-SCELL-001019,REFERENCE_CELL,PASS,8,0,0,
NG-SCELL-001020,REFERENCE_CELL,PASS,8,0,0,
NG-SCELL-001021,REFERENCE_CELL,PASS,8,0,0,
NG-SCELL-001022,REFERENCE_CELL,PASS,8,0,0,
NG-SCELL-001023,REFERENCE_CELL,PASS,8,0,0,
NG-SCELL-001024,REFERENCE_CELL,PASS,8,0,0,
NG-SCELL-001025,REFERENCE_CELL,PASS,8,0,0,
NG-SCELL-001026,REFERENCE_CELL,PASS,8,0,0,
NG-SCELL-001027,REFERENCE_CELL,PASS,8,0,0,
NG-SCELL-001028,REFERENCE_CELL,PASS,8,0,0,
NG-SCELL-001029,REFERENCE_CELL,PASS,8,0,0,
NG-SCELL-001030,REFERENCE_CELL,PASS,8,0,0,
NG-SCELL-001031,REFERENCE_CELL,PASS,7,1,0,
NG-SCELL-001032,REFERENCE_CELL,PASS,4,4,0,
NG-SCELL-001033,REFERENCE_CELL,PASS,3,5,0,
NG-SCELL-001034,REFERENCE_CELL,PASS,6,2,0,
NG-SCELL-001035,REFERENCE_CELL,PASS,7,1,0,
NG-SCELL-001036,REFERENCE_CELL,PASS,8,0,0,
NG-SCELL-001037,REFERENCE_CELL,PASS,8,0,0,
NG-SCELL-001038,REFERENCE_CELL,PASS,8,0,0,
NG-SCELL-001039,REFERENCE_CELL,PASS,8,0,0,
NG-SCELL-001040,REFERENCE_CELL,PASS,8,0,0,
NG-SCELL-001041,REFERENCE_CELL,PASS,8,0,0,
NG-SCELL-001042,REFERENCE_CELL,PASS,8,0,0,
NG-SCELL-001043,REFERENCE_CELL,PASS,8,0,0,
NG-SCELL-001044,REFERENCE_CELL,PASS,8,0,0,
NG-SCELL-001045,REFERENCE_CELL,PASS,8,0,0,
NG-SCELL-001046,REFERENCE_CELL,PASS,8,0,0,
NG-SCELL-001047,REFERENCE_CELL,PASS,8,0,0,
NG-SCELL-001048,REFERENCE_CELL,PASS,8,0,0,
NG-SCELL-001049,REFERENCE_CELL,PASS,8,0,0,
NG-SCELL-001050,REFERENCE_CELL,PASS,8,0,0,
NG-SCELL-001051,REFERENCE_CELL,PASS,8,0,0,
NG-SCELL-001052,REFERENCE_CELL,PASS,8,0,0,
NG-SCELL-001053,REFERENCE_CELL,PASS,8,0,0,
NG-SCELL-001054,REFERENCE_CELL,PASS,8,0,0,
NG-SCELL-001055,REFERENCE_CELL,PASS,7,1,0,
NG-SCELL-001056,REFERENCE_CELL,PASS,6,2,0,
NG-SCELL-001057,REFERENCE_CELL,PASS,4,4,0,
NG-SCELL-001058,REFERENCE_CELL,PASS,4,4,0,
NG-SCELL-001059,REFERENCE_CELL,PASS,6,2,0,
NG-SCELL-001060,REFERENCE_CELL,PASS,7,1,0,
NG-SCELL-001061,REFERENCE_CELL,PASS,8,0,0,
NG-SCELL-001062,REFERENCE_CELL,PASS,8,0,0,
NG-SCELL-001063,REFERENCE_CELL,PASS,8,0,0,
NG-SCELL-001064,REFERENCE_CELL,PASS,8,0,0,
NG-SCELL-001065,REFERENCE_CELL,PASS,8,0,0,
NG-SCELL-001066,REFERENCE_CELL,PASS,8,0,0,
NG-SCELL-001067,REFERENCE_CELL,PASS,8,0,0,
NG-SCELL-001068,REFERENCE_CELL,PASS,8,0,0,
NG-SCELL-001069,REFERENCE_CELL,PASS,8,0,0,
NG-SCELL-001070,REFERENCE_CELL,PASS,8,0,0,
NG-SCELL-001071,REFERENCE_CELL,PASS,8,0,0,
NG-SCELL-001072,REFERENCE_CELL,PASS,8,0,0,
NG-SCELL-001073,REFERENCE_CELL,PASS,8,0,0,
NG-SCELL-001074,REFERENCE_CELL,PASS,8,0,0,
NG-SCELL-001075,REFERENCE_CELL,PASS,8,0,0,
NG-SCELL-001076,REFERENCE_CELL,PASS,7,1,0,
NG-SCELL-001077,REFERENCE_CELL,PASS,6,2,0,
NG-SCELL-001078,REFERENCE_CELL,PASS,4,4,0,
NG-SCELL-001079,REFERENCE_CELL,PASS,4,4,0,
NG-SCELL-001080,REFERENCE_CELL,PASS,5,3,0,
NG-SCELL-001081,REFERENCE_CELL,PASS,5,3,0,
NG-SCELL-001082,REFERENCE_CELL,PASS,6,2,0,
NG-SCELL-001083,REFERENCE_CELL,PASS,7,1,0,
NG-SCELL-001084,REFERENCE_CELL,PASS,8,0,0,
NG-SCELL-001085,REFERENCE_CELL,PASS,8,0,0,
NG-SCELL-001086,REFERENCE_CELL,PASS,8,0,0,
NG-SCELL-001087,REFERENCE_CELL,PASS,8,0,0,
NG-SCELL-001088,REFERENCE_CELL,PASS,8,0,0,
NG-SCELL-001089,REFERENCE_CELL,PASS,8,0,0,
NG-SCELL-001090,REFERENCE_CELL,PASS,8,0,0,
NG-SCELL-001091,REFERENCE_CELL,PASS,7,1,0,
NG-SCELL-001092,REFERENCE_CELL,PASS,6,2,0,
NG-SCELL-001093,REFERENCE_CELL,PASS,5,3,0,
NG-SCELL-001094,REFERENCE_CELL,PASS,5,3,0,
NG-SCELL-001095,REFERENCE_CELL,PASS,4,4,0,
NG-SCELL-001096,REFERENCE_CELL,PASS,4,4,0,
NG-SCELL-001097,REFERENCE_CELL,PASS,5,3,0,
NG-SCELL-001098,REFERENCE_CELL,PASS,5,3,0,
NG-SCELL-001099,REFERENCE_CELL,PASS,5,3,0,
NG-SCELL-001100,REFERENCE_CELL,PASS,5,3,0,
NG-SCELL-001101,REFERENCE_CELL,PASS,5,3,0,
NG-SCELL-001102,REFERENCE_CELL,PASS,5,3,0,
NG-SCELL-001103,REFERENCE_CELL,PASS,5,3,0,
NG-SCELL-001104,REFERENCE_CELL,PASS,4,4,0,
