node_id,longitude,latitude,place_id,region_code,node_role,runtime_effect_scope
roadnode:nngla:ce634005b6fa4d8aebf5093eb16ab7fab85c691ca1d9633fc2271687997e03f7,36.400000000,0.892533000,NG-PLC-000001,NGR-01,JUNCTION,SHARED_REFERENCE
roadnode:nngla:6d8b36f2e363740c0372bd38b381aa21401d87b69e265b1655bcc73896b95708,36.662684000,1.200426000,NG-PLC-000002,NGR-01,JUNCTION,SHARED_REFERENCE
roadnode:nngla:1916866053a8a4b6c91ccfc15b4f3bb43d043accfb3093400f54ca435da9bce2,36.878985000,0.722731000,NG-PLC-000003,NGR-01,JUNCTION,SHARED_REFERENCE
roadnode:nngla:106c2e51990fe7a34bae74b2f98d83e70702acc5cf3f969f300e07e9f1fad11a,35.780712000,1.058572000,NG-PLC-000004,NGR-01,JUNCTION,SHARED_REFERENCE
roadnode:nngla:6895ab874b13b242781b53236f9f95030f6707b44b079c52f7367c2e7b0a29a8,36.373039000,0.893624000,NG-PLC-000005,NGR-01,JUNCTION,SHARED_REFERENCE
roadnode:nngla:618fabae0715441d721aebba09508077b76fa7ecff37f4eaef9d8710a802166d,36.409173000,0.802353000,NG-PLC-000006,NGR-01,JUNCTION,SHARED_REFERENCE
roadnode:nngla:7da10fa7002501d81a99d5e41be2bef1d19838242789e281abde00c704f87caa,36.330811000,0.918305000,NG-PLC-000007,NGR-01,JUNCTION,SHARED_REFERENCE
roadnode:nngla:983bcce4b7263c4a96b0d85f6c73a7527dd287ee07d3efc8f82482822a5cb5f8,36.414137000,0.842203000,NG-PLC-000008,NGR-01,ENDPOINT,SHARED_REFERENCE
roadnode:nngla:79c219445bdcc93baa841cef0bc6e48235be6ae7d5987fd2d1be986cfe39dfde,36.355529000,0.920172000,NG-PLC-000009,NGR-01,JUNCTION,SHARED_REFERENCE
roadnode:nngla:3933780ed62dc3b8d8f34a67f843750e5488aee8ed79ca9bb8390ad1d49388d1,36.336781000,0.962406000,NG-PLC-000010,NGR-01,ENDPOINT,SHARED_REFERENCE
roadnode:nngla:50a6585d2c95eaf0240e99ac6bb07e328ca5c98600282ad587a85fd502f02a09,36.352255000,0.857865000,NG-PLC-000011,NGR-01,ENDPOINT,SHARED_REFERENCE
roadnode:nngla:1e77227a4137315809d3841ee7cacb96bf2287939d68bf06371529ba77a5ab45,36.542436000,0.968068000,NG-PLC-000013,NGR-01,JUNCTION,SHARED_REFERENCE
roadnode:nngla:1410c3ecec4a530acbc9f628464c0e7eaf11c03037a3cc296164b479e05be9f0,36.618704000,0.921738000,NG-PLC-000014,NGR-01,JUNCTION,SHARED_REFERENCE
roadnode:nngla:abd06fb6ad3c4e3c661058c55cf6782ffa420d6da9d1de2ab3b7f4b3967d915e,36.417960000,0.675074000,NG-PLC-000015,NGR-01,JUNCTION,SHARED_REFERENCE
roadnode:nngla:9a0797780a0b6cb67143d5be7156642334cbef000f3f9b47822bff7f0f8feba4,36.239219000,1.015171000,NG-PLC-000016,NGR-01,JUNCTION,SHARED_REFERENCE
roadnode:nngla:7f45893bf3894f8331e939fb563ab7ded7cdd26dc055399de7f5816ebcc0da50,36.314711000,1.033478000,NG-PLC-000017,NGR-01,JUNCTION,SHARED_REFERENCE
roadnode:nngla:4bb200c56329defd70c85f84b32e94c4a671c6802c3ad974972df149cf553638,36.462935000,0.818751000,NG-PLC-000019,NGR-01,JUNCTION,SHARED_REFERENCE
roadnode:nngla:07b2898987e6ae7fe36e20c66d14ebd15fd43192add5945f1220f40a63cc64c7,36.382916000,0.804238000,NG-PLC-000020,NGR-01,ENDPOINT,SHARED_REFERENCE
roadnode:nngla:46188d76713b7b9ac8733fa729d7a3e667ff4d837e7fcd03773efc6aacc1f247,36.271395000,0.991270000,NG-PLC-000021,NGR-01,JUNCTION,SHARED_REFERENCE
roadnode:nngla:a65eddbcc1a6a4aab0600d2b45d77f84beef9bd2235e31c7fe5a6bdcc85609b2,36.183345000,0.881551000,NG-PLC-000022,NGR-01,JUNCTION,SHARED_REFERENCE
roadnode:nngla:40c8bbdbed6d0d8a6419dd69a93f078416fa013da0228001bd3584961443b769,36.466409000,0.953186000,NG-PLC-000023,NGR-01,JUNCTION,SHARED_REFERENCE
roadnode:nngla:f9ac9e722e18902de17ef0a229e3c2273659a93076d60aad12189feebb2731f8,36.325117000,0.942349000,NG-PLC-000024,NGR-01,JUNCTION,SHARED_REFERENCE
roadnode:nngla:2e0b170c3ba83ba2ce87b9cf66d039ea9ddacc2fdf745f1c4aff3d0f1d4abd80,36.777472000,1.432012000,NG-PLC-000026,NGR-01,JUNCTION,SHARED_REFERENCE
roadnode:nngla:55533ab41575be56f1da3c0f61625f098cc84056ea46e89e859dc9a89c8864d6,36.482614000,1.380115000,NG-PLC-000027,NGR-01,ENDPOINT,SHARED_REFERENCE
roadnode:nngla:6c413e14071a2534e467045de7b45bd7b14140fb598b087cdb8c7fc521c315b7,36.728377000,0.914862000,NG-PLC-000028,NGR-01,ENDPOINT,SHARED_REFERENCE
roadnode:nngla:c65c46749d37b898e2f00a8dc4264572a721e96081c0b76d7acac647aac17a9f,36.887025000,1.215980000,NG-PLC-000029,NGR-01,JUNCTION,SHARED_REFERENCE
roadnode:nngla:521a3d09949d74cad2ca16391d8fdd0fe61b3ef3de4ef5e91b34195baaebbe3d,37.127120000,0.832912000,NG-PLC-000030,NGR-01,JUNCTION,SHARED_REFERENCE
roadnode:nngla:54182ab34b0f872c9443fccf0510f39d3552e8126a6660a59ccc2cd3cae69e0f,37.072459000,0.980246000,NG-PLC-000031,NGR-01,ENDPOINT,SHARED_REFERENCE
roadnode:nngla:4cbc7b579752dfa021717d1417e3fd54aaa78a3cd14d8a839cc5498f6fe5fa73,36.663723000,0.787683000,NG-PLC-000032,NGR-01,JUNCTION,SHARED_REFERENCE
roadnode:nngla:860b767853192d8b6b8b2d474993e99b1bcbe383be55e0c2521755d7c864566f,37.084969000,0.549084000,NG-PLC-000033,NGR-01,ENDPOINT,SHARED_REFERENCE
roadnode:nngla:244f6b9817e5c2146a77910a2f792009d7df10dd6fdc9cd0e4c9d59f0030ed12,36.737769000,0.351149000,NG-PLC-000034,NGR-01,JUNCTION,SHARED_REFERENCE
roadnode:nngla:b9a888f396a9ae0d76c25f9afd8e549f1334a3c4216a5a9cc4b8328c77b64951,35.722439000,0.809775000,NG-PLC-000035,NGR-01,JUNCTION,SHARED_REFERENCE
roadnode:nngla:bdbd5671d10683e0bc976d52fba95157a2e4278c7106eed301dd8ce2a07625d7,36.013309000,1.348499000,NG-PLC-000036,NGR-01,JUNCTION,SHARED_REFERENCE
roadnode:nngla:6bba7c1be284afb55d7423e42edb6e006e2252dea5580aec0358652fb5e29a0b,35.723873000,1.364469000,NG-PLC-000038,NGR-01,JUNCTION,SHARED_REFERENCE
roadnode:nngla:6d78f3078d0ce6c21fefe2dc048792f3617ba8ab1e68f0820f692d3af96a4c39,36.023197000,0.920005000,NG-PLC-000039,NGR-01,JUNCTION,SHARED_REFERENCE
roadnode:nngla:1f80dbdc45f869fab8e2d2a536183d012803cc777f72a75f217cb47fd4b5b40a,36.642861000,1.312132000,NG-PLC-000040,NGR-01,JUNCTION,SHARED_REFERENCE
roadnode:nngla:aa9f999b1623465000be7a346a0dda0672d946cb4d4b4ceeaad35b6bea19ac39,36.780371000,1.280079000,NG-PLC-000041,NGR-01,JUNCTION,SHARED_REFERENCE
roadnode:nngla:26460b6ce6170955fbf8b9237ea9f28c594c8333c8572f7d528c9d4b08eb888d,36.940130000,0.937791000,NG-PLC-000043,NGR-01,ENDPOINT,SHARED_REFERENCE
roadnode:nngla:e15cb02064fcabb33daa0c209759322f2f670f34ed0a97aaf040325064580fe7,36.955010000,0.628082000,NG-PLC-000044,NGR-01,JUNCTION,SHARED_REFERENCE
roadnode:nngla:d48a00e45ecd9397d58dc285733f40c6568517d98f029900f3d9d18f49ee6c37,36.777699000,0.685462000,NG-PLC-000045,NGR-01,JUNCTION,SHARED_REFERENCE
roadnode:nngla:1bd35eb0fc850f581527abf1b621f46f97b1e204bd969e75e2c74c9747daf3bc,35.664816000,1.122528000,NG-PLC-000046,NGR-01,JUNCTION,SHARED_REFERENCE
roadnode:nngla:fc042d812170925ed0402faa6d8126aa0671aa4a88b5d021201cedcf3a00bb2d,35.533871000,1.075022000,NG-PLC-000047,NGR-01,JUNCTION,SHARED_REFERENCE
roadnode:nngla:0d8bb15620ec08a7a1f4825f8ba32b7dad73513b7365b05e62579a908a3a03c2,35.842038000,1.181507000,NG-PLC-000048,NGR-01,JUNCTION,SHARED_REFERENCE
roadnode:nngla:c6675a5b0f82c9187b752d1e15a87acb66a2afe06684f30fd3946d61a98d736d,36.507546000,1.341827000,NG-PLC-000049,NGR-01,ENDPOINT,SHARED_REFERENCE
roadnode:nngla:7979d8c536d91880f1938ed91148eeb68dfd4366f39a8a8147d829cdadaa6479,36.892235000,1.457831000,NG-PLC-000052,NGR-01,ENDPOINT,SHARED_REFERENCE
roadnode:nngla:6c8a1840bc74a001ab78a7c66f7f6fbfb385a988f802f144b042d7c703f11923,36.446055000,1.481205000,NG-PLC-000053,NGR-01,JUNCTION,SHARED_REFERENCE
roadnode:nngla:9eaa4914f03d820a5a36bf22543f457c7699d99edec92a0202cb70ea3c38d5b8,36.613991000,1.422538000,NG-PLC-000054,NGR-01,ENDPOINT,SHARED_REFERENCE
roadnode:nngla:daf75187140fee85f6ff35b11e17039698ac05a23690064fd7cf3c0b434443f8,36.711602000,1.043828000,NG-PLC-000055,NGR-01,JUNCTION,SHARED_REFERENCE
roadnode:nngla:fbfbae4b5696388e1002eef413b49abc5e02b59fcdb7949e2667169b0065bb8e,36.731032000,0.869974000,NG-PLC-000056,NGR-01,JUNCTION,SHARED_REFERENCE
roadnode:nngla:8949a31f475fce42405664029c33d1e2c96c65796fda663123a72e7a6dc528b0,36.964368000,1.279329000,NG-PLC-000058,NGR-01,ENDPOINT,SHARED_REFERENCE
roadnode:nngla:8b9beac59f125db9e7cd2d2828ec67c0f2a49a6b99d9fa416867f4171b3ee513,37.094774000,0.943929000,NG-PLC-000059,NGR-01,JUNCTION,SHARED_REFERENCE
roadnode:nngla:533759dde2a3f3792b160d36174bccd9d86bc5427c8eb5b327a86d9853ffafdc,37.194524000,0.782276000,NG-PLC-000060,NGR-01,JUNCTION,SHARED_REFERENCE
roadnode:nngla:3326cea08e50cd7a1e04ea39b7b52405a591dee86257ce3aac86e1ce2978b95e,37.162844000,0.921412000,NG-PLC-000061,NGR-01,ENDPOINT,SHARED_REFERENCE
roadnode:nngla:03f604c47d8991a951e3df859a881653277f570cd02ee964205ff48a8acaad9c,37.200177000,0.970407000,NG-PLC-000062,NGR-01,JUNCTION,SHARED_REFERENCE
roadnode:nngla:3c3ce5fb0750347d6379b4605dd3eb3e2f07147009e373e15b0680877d5b9c77,36.618052000,0.810240000,NG-PLC-000063,NGR-01,JUNCTION,SHARED_REFERENCE
roadnode:nngla:6260fb562c3764656ff9b4ff5f99a787d14e5181cf1d785f5bfeff6e30a846ab,36.768481000,0.801604000,NG-PLC-000064,NGR-01,JUNCTION,SHARED_REFERENCE
roadnode:nngla:f97a652cda8319a5c68059c7b4d4c01c2afe72be1586e7d32fd765db25a55204,37.059639000,0.643396000,NG-PLC-000065,NGR-01,JUNCTION,SHARED_REFERENCE
roadnode:nngla:3f80ec51c47d8819850ccf58a52550a4196d1613d3114ea27c125c54e41bd985,37.129325000,0.526611000,NG-PLC-000066,NGR-01,JUNCTION,SHARED_REFERENCE
roadnode:nngla:bf37a0d8f50fa6c64a6c852b21a4e2e2eb1d2162bf25a3de03501a97c3d69b4e,36.776117000,0.374632000,NG-PLC-000067,NGR-01,JUNCTION,SHARED_REFERENCE
roadnode:nngla:6531ff61c6d755138fc07d88b500a7fb26014aecebe4ea32f8c939dc9b01a8fa,36.800238000,0.437708000,NG-PLC-000068,NGR-01,JUNCTION,SHARED_REFERENCE
roadnode:nngla:1e08c7d7db282ebe1a39903a3102ef0dc4e8a96bdd9ea12d0dac8fcd6954e9c8,35.689888000,0.710258000,NG-PLC-000069,NGR-01,JUNCTION,SHARED_REFERENCE
roadnode:nngla:4d3e096709f0dc8047bf4d27c6fa71a18a80f18c9f0eb94b8059673ad89fdd63,35.781511000,0.726372000,NG-PLC-000070,NGR-01,JUNCTION,SHARED_REFERENCE
roadnode:nngla:d3d91bcc8a5b48a338f7d63ea84d176d366503927212f4e7cfc59c7120a95c53,35.904113000,1.384289000,NG-PLC-000071,NGR-01,JUNCTION,SHARED_REFERENCE
roadnode:nngla:9d316ec9e945df6cc920040edbe8276edde5bab619316782efaee0cf340d5575,35.944381000,1.332716000,NG-PLC-000072,NGR-01,JUNCTION,SHARED_REFERENCE
roadnode:nngla:d5c815b801cb4d2312b255b2e65b20b6d5a4abdfa00c3e466c3defc57edf2ded,35.813421000,1.390154000,NG-PLC-000073,NGR-01,JUNCTION,SHARED_REFERENCE
roadnode:nngla:e6a06e2a717e3cac38faa9956ad512e0a043e67dda2bcb0fe28169b692e13690,35.674961000,1.411804000,NG-PLC-000075,NGR-01,JUNCTION,SHARED_REFERENCE
roadnode:nngla:54856562979d2bb3226d249c4d14e0ae3b5eaaca2e387e71d35aef922b401dc3,35.652321000,1.342548000,NG-PLC-000076,NGR-01,JUNCTION,SHARED_REFERENCE
roadnode:nngla:fb36a7d4bb7d37151793db3bcafb38715ec1b4713b08683a1b59e8d9a919b21b,35.998474000,1.054198000,NG-PLC-000077,NGR-01,JUNCTION,SHARED_REFERENCE
roadnode:nngla:f32d99d27080723c11a58ae7408486e3cfe78f8b732bb7ac2aa6c4907d40e422,36.130217000,0.874777000,NG-PLC-000078,NGR-01,ENDPOINT,SHARED_REFERENCE
roadnode:nngla:dae75f76f3752159f21976e8949f77c7db12a0cc6123e16338729c589d34b6ee,36.707151000,0.905187000,NG-PLC-000080,NGR-01,ENDPOINT,SHARED_REFERENCE
roadnode:nngla:3cc1d3170dd55dd5835e877427c34e2649574ccbf7fcc78093f898016f56b54f,37.064428000,0.956456000,NG-PLC-000081,NGR-01,ENDPOINT,SHARED_REFERENCE
roadnode:nngla:63411b3b7f013ac49e6c321c3d395e966a068eacaebce944b8cf331ae48b7095,36.734867000,0.368900000,NG-PLC-000082,NGR-01,JUNCTION,SHARED_REFERENCE
roadnode:nngla:49741b41ebdebbec78ca50b522c7fbcce2ca278956be1ccb5d6b129c9e5cd9e6,36.354390000,0.755747000,NG-PLC-000084,NGR-01,JUNCTION,SHARED_REFERENCE
roadnode:nngla:a4d397eb2dbb143f58dbd18c347133cd0c6ea22e8821980be596f62377cf3a39,36.986232000,0.734824000,NG-PLC-000085,NGR-01,JUNCTION,SHARED_REFERENCE
roadnode:nngla:e0dde8265deb3da9466513a6e5a610aea441937a7e246583600417c7bdb79a24,34.300000000,3.412533000,NG-PLC-000086,NGR-02,ENDPOINT,SHARED_REFERENCE
roadnode:nngla:c4d26e1e8f8301fd2744362b85b55d0360ab8cb06781ad251a693fdea3e166af,34.689703000,3.301044000,NG-PLC-000087,NGR-02,JUNCTION,SHARED_REFERENCE
roadnode:nngla:c63247b738013d8aee2c4eb3d7da8c0fcc12b803733ea05728e72279f8824f75,34.251230000,2.991893000,NG-PLC-000088,NGR-02,JUNCTION,SHARED_REFERENCE
roadnode:nngla:7c090e1e404fbad9ac5fd967b597554a9f156baf8e078d542054789eef8862b1,33.917715000,3.216152000,NG-PLC-000089,NGR-02,ENDPOINT,SHARED_REFERENCE
roadnode:nngla:01bb9ddaad87e6e462c5e4cb0117fb1206d1dca4ded4459d25f4520e163744e5,34.273224000,3.472402000,NG-PLC-000091,NGR-02,JUNCTION,SHARED_REFERENCE
roadnode:nngla:cf735c4bcdb9156b79666b5c41ebe0054f48ac4080d01e5cf2a73605c8b631b6,34.378420000,3.458093000,NG-PLC-000092,NGR-02,JUNCTION,SHARED_REFERENCE
roadnode:nngla:da1cbd138519cf3427076cd0656f4d1903f4ffabcc754181e3e9a1a0383827c6,34.286688000,3.436013000,NG-PLC-000093,NGR-02,ENDPOINT,SHARED_REFERENCE
roadnode:nngla:a7afdb04ac1090157a5da1dd9b8682bd46060147d9a90bfc5d28115497406812,34.318281000,3.370053000,NG-PLC-000094,NGR-02,JUNCTION,SHARED_REFERENCE
roadnode:nngla:c8068b0099165ff88eb0d3e1d295f8e748d6805465bc1389bce5a49411f19473,34.314784000,3.435119000,NG-PLC-000095,NGR-02,ENDPOINT,SHARED_REFERENCE
roadnode:nngla:8ede55bcfc223da17c1c713d9280e99d9565aad1add1d04d95f1e656dbb68a41,34.354524000,3.420893000,NG-PLC-000096,NGR-02,JUNCTION,SHARED_REFERENCE
roadnode:nngla:5ae384dc8a295fee625a0a51068e18a2a551423240cc40e681171879654155bb,34.371543000,3.401280000,NG-PLC-000097,NGR-02,JUNCTION,SHARED_REFERENCE
roadnode:nngla:30797e8f51570c4e45fa2e2cb4afed4a4d0fca5c3a32a98ca954e168e171473d,34.214282000,3.384856000,NG-PLC-000098,NGR-02,ENDPOINT,SHARED_REFERENCE
roadnode:nngla:921066178be84ba69d9c9862811b3dad332556c3d80ce39c8f833cee5d95a745,34.079411000,3.409132000,NG-PLC-000099,NGR-02,JUNCTION,SHARED_REFERENCE
roadnode:nngla:693d00f7894e15df62f851ec3adc7fc1e1968934153779ab6bead69b5c2f13ff,34.300048000,3.298180000,NG-PLC-000100,NGR-02,JUNCTION,SHARED_REFERENCE
roadnode:nngla:c7cdc4551b3fe928a019d7501691c0753ff3f446db2fb8a805838811d0bfb16b,34.304061000,3.558219000,NG-PLC-000101,NGR-02,JUNCTION,SHARED_REFERENCE
roadnode:nngla:6b9d078c81165b4004f121932210d5774a60e62c1d39dbea9e29fe553121ea30,34.267299000,3.328735000,NG-PLC-000102,NGR-02,JUNCTION,SHARED_REFERENCE
roadnode:nngla:25a9eed2c12e1d777a84c7f79af740f8bd8817f312d49e41383c3e3d449e523e,34.142870000,3.270439000,NG-PLC-000103,NGR-02,JUNCTION,SHARED_REFERENCE
roadnode:nngla:f43a5b5fc26f753765366b3d3fef2aa08cd11c004f009cee9464507e40edeee1,34.402857000,3.351954000,NG-PLC-000104,NGR-02,JUNCTION,SHARED_REFERENCE
roadnode:nngla:9c9d9053ff1de0b4119e34c956c0d19b8bf43e14511343dc932a2aceae540634,34.312385000,3.241401000,NG-PLC-000105,NGR-02,JUNCTION,SHARED_REFERENCE
roadnode:nngla:76f67ab6b35328fad1628052ce32ae6851ec64fa4f35eaa9b5d847cdab29d5c2,34.430113000,3.519728000,NG-PLC-000106,NGR-02,JUNCTION,SHARED_REFERENCE
roadnode:nngla:0a5ce9c5038bc02e1fd52e7b13dbed506af304891aba545ee5a52fcc7dc9c065,34.210035000,3.407767000,NG-PLC-000108,NGR-02,ENDPOINT,SHARED_REFERENCE
roadnode:nngla:6179448fcfcbece07d897857c8a03cd5e66a36c4aaf2cf2a63a5a9aa1f625f94,34.257258000,3.213315000,NG-PLC-000109,NGR-02,JUNCTION,SHARED_REFERENCE
roadnode:nngla:a824072ec759573ecd234819b829e3a07c4f761bab3ab7a1d9b975bfccdee71f,34.984247000,3.252922000,NG-PLC-000110,NGR-02,JUNCTION,SHARED_REFERENCE
roadnode:nngla:303640fe0cd768012f25ee45691713330e7c8bcc86ddde558414adf8964be432,34.741098000,3.749528000,NG-PLC-000111,NGR-02,ENDPOINT,SHARED_REFERENCE
roadnode:nngla:2a9925eb375dcfcd5389f22c4e5e24f5fbc523477cd7ca75e890214a19cdf6e2,34.911015000,3.342683000,NG-PLC-000112,NGR-02,JUNCTION,SHARED_REFERENCE
roadnode:nngla:b2db786febde990d3f6422179a0be994ca345fb8daa9c62a9ff3999d69e8321e,34.516279000,3.136699000,NG-PLC-000113,NGR-02,JUNCTION,SHARED_REFERENCE
roadnode:nngla:ba3182fe8a23ee7429ced244fa094823760d42a332979e97e0c2233d6fe84f8a,34.857105000,3.521022000,NG-PLC-000114,NGR-02,JUNCTION,SHARED_REFERENCE
roadnode:nngla:cb5a6aa8e51c9b1b0a0f437a066c73c14db2078230caea398bba89c365a7671d,33.985864000,2.988536000,NG-PLC-000115,NGR-02,JUNCTION,SHARED_REFERENCE
roadnode:nngla:ec9a76577a1ea972aa855afb1fe9c6d8e520a7c05f9680e623e6dce5586f545c,34.383258000,2.653056000,NG-PLC-000116,NGR-02,JUNCTION,SHARED_REFERENCE
roadnode:nngla:bbeac89b32f0074c37c195727538825e6696ea01ac56a5c03a00e5836d7cf391,34.098408000,2.771556000,NG-PLC-000118,NGR-02,JUNCTION,SHARED_REFERENCE
roadnode:nngla:c57f8e13e9ee9ea25a31402936e5294e8def5819ff11ece2a73038e3211f7587,34.061676000,3.182506000,NG-PLC-000119,NGR-02,JUNCTION,SHARED_REFERENCE
roadnode:nngla:983e4d52877f1a20cdb34900ee07106ec80e10f48f74cdbc0e1b628106126aff,33.902790000,2.964776000,NG-PLC-000120,NGR-02,JUNCTION,SHARED_REFERENCE
roadnode:nngla:64973e631e197114113117b4cb1b3da1a3c186f2375c6421b7683376e58d1232,33.706382000,3.367366000,NG-PLC-000121,NGR-02,ENDPOINT,SHARED_REFERENCE
roadnode:nngla:0eb15770f657e3f2a41ebb4716ac0546d01fc0d8b4af7fe6a812fa553194dee7,33.862705000,3.568286000,NG-PLC-000122,NGR-02,JUNCTION,SHARED_REFERENCE
roadnode:nngla:7f1a9a86cfa3d347eef420e15fb854465aa21bb81c1175852ce3985b0bed0677,33.628564000,3.008246000,NG-PLC-000123,NGR-02,ENDPOINT,SHARED_REFERENCE
roadnode:nngla:3c8d452d3d168e2a65f7f67f39b27a75086460063ebbe551f041996351a16377,34.123373000,3.333559000,NG-PLC-000124,NGR-02,JUNCTION,SHARED_REFERENCE
roadnode:nngla:1a6f29d001a97c392ab116cfa2102add5dd9b65ea1eee18f614c9ea703762407,34.798543000,3.347270000,NG-PLC-000126,NGR-02,JUNCTION,SHARED_REFERENCE
roadnode:nngla:fac02d6c808c9647305257b4ef54956acb497e0b8ecc1d3187bce9bbfd53c4da,34.687604000,3.535304000,NG-PLC-000127,NGR-02,JUNCTION,SHARED_REFERENCE
roadnode:nngla:b310750cb3b8a1332efeacfde90faeb19eecfe71f2c6d6f531fa1c594ebb2419,34.362274000,2.800595000,NG-PLC-000129,NGR-02,JUNCTION,SHARED_REFERENCE
roadnode:nngla:95735b8d2d14ebc3c86bfb1d8726c129a96b70e6c5df6d7f8af970225e367400,33.746856000,3.233516000,NG-PLC-000132,NGR-02,ENDPOINT,SHARED_REFERENCE
roadnode:nngla:82d06b9b5e7bc5dcd7d0a27a179f828c51e259113a893723937d164344418ba3,33.879985000,3.317283000,NG-PLC-000133,NGR-02,ENDPOINT,SHARED_REFERENCE
roadnode:nngla:87965aa71ffdc7f50dabe3ac6cf2cf8710fd9413e6ff4d3a7b2dc5399e50f527,35.060108000,3.253036000,NG-PLC-000134,NGR-02,JUNCTION,SHARED_REFERENCE
roadnode:nngla:fb63f3f3d6b673616f2a5fe1b54001ee881e7cb543a8be327b374e885b94918f,34.909714000,3.194822000,NG-PLC-000135,NGR-02,JUNCTION,SHARED_REFERENCE
roadnode:nngla:c23c2fb92cd02626c0c634442698c1f066271605302dea8665a4a564c7f91b3c,34.728918000,3.706236000,NG-PLC-000136,NGR-02,JUNCTION,SHARED_REFERENCE
roadnode:nngla:ea1200e331b57d3c18d6160b3313dea61115ebc38df9e7c8f10025592a8ba140,34.690297000,3.823863000,NG-PLC-000137,NGR-02,JUNCTION,SHARED_REFERENCE
roadnode:nngla:ff6660a31760a091ad52adcc313cba22fd4c00d6182dcfab1b61df04a7069a76,34.922924000,3.427150000,NG-PLC-000138,NGR-02,JUNCTION,SHARED_REFERENCE
roadnode:nngla:713a5ba07dc14c0917a004182129ebd1b0ae714ea44d94c97ecb7bb5fd5fd629,35.038082000,3.349519000,NG-PLC-000139,NGR-02,JUNCTION,SHARED_REFERENCE
roadnode:nngla:ddd4f721cb9f52de0e32e957b6f84805f153b3cff30f1c16eb5e3578ec7c1b69,34.528161000,3.049038000,NG-PLC-000140,NGR-02,JUNCTION,SHARED_REFERENCE
roadnode:nngla:129db8c5633b002a5d01263592796a799c74b221659908a7bedf2e1d7287d844,34.479123000,3.042289000,NG-PLC-000141,NGR-02,ENDPOINT,SHARED_REFERENCE
roadnode:nngla:99d89e6d7503776a32c5ee057e9c61d83bc76b4f76f8c9de5d53ab93e4ff5c60,34.942059000,3.448314000,NG-PLC-000142,NGR-02,ENDPOINT,SHARED_REFERENCE
roadnode:nngla:d6f29f15c5e9f305d9a03543daf64fcb44843199e3e3d81ea42ad5e6c7d56a87,34.932818000,3.533865000,NG-PLC-000143,NGR-02,JUNCTION,SHARED_REFERENCE
roadnode:nngla:43e35cfdd48b455364797fc99fdca703291d233856726554d35508bd222e471a,33.995468000,2.878933000,NG-PLC-000145,NGR-02,ENDPOINT,SHARED_REFERENCE
roadnode:nngla:68c4266eb8fe4b3585c56f3b495a452d06a0363a53bbbdc11f0a6d9554f83aae,34.351924000,2.685340000,NG-PLC-000146,NGR-02,JUNCTION,SHARED_REFERENCE
roadnode:nngla:f49cec5d3658dfd0129bd391eed386e7d911135fb65bca5d47c1fed4ea23626b,34.051310000,3.130189000,NG-PLC-000148,NGR-02,JUNCTION,SHARED_REFERENCE
roadnode:nngla:5a0dc5e07718fff13e994b6dc3d0f08e1528f4b7e5a38c43e283595bdf5037c5,33.893481000,3.268091000,NG-PLC-000149,NGR-02,ENDPOINT,SHARED_REFERENCE
roadnode:nngla:c7d395edbf2cd02578d7555662e4c6324802a8f0f576390c837f5d255a407655,34.185587000,2.775632000,NG-PLC-000150,NGR-02,JUNCTION,SHARED_REFERENCE
roadnode:nngla:9cedb71a4d1eef468335634f2a9743c5ce614feafbd601c7000079457d7cfe5d,34.162466000,2.758503000,NG-PLC-000151,NGR-02,ENDPOINT,SHARED_REFERENCE
roadnode:nngla:e80343cfa6112310afc4fc3b5f8486dc915cbe530f7fb9e8c5404ff5b030f464,33.984194000,3.186966000,NG-PLC-000153,NGR-02,JUNCTION,SHARED_REFERENCE
roadnode:nngla:ff3ef37c3590253cb2cb7f62fd8ceb975b6a0075f32a6f734cd5f8b514af7806,33.808016000,2.935946000,NG-PLC-000154,NGR-02,JUNCTION,SHARED_REFERENCE
roadnode:nngla:f003ca9262bef64c0144d212645900a9ca9102b61eda69ff8a0453df0213fd82,33.580792000,3.394854000,NG-PLC-000156,NGR-02,JUNCTION,SHARED_REFERENCE
roadnode:nngla:6d02bfa0cc60b3bb2e9a2aeb3fd983014c6e27a8d29a6dd481ee9298676cf786,33.738002000,3.420825000,NG-PLC-000157,NGR-02,JUNCTION,SHARED_REFERENCE
roadnode:nngla:96985cbd7ada894edc765cd32f44e98c574d556b6a92ad17896c3abf3644f7db,33.889722000,3.622718000,NG-PLC-000158,NGR-02,JUNCTION,SHARED_REFERENCE
roadnode:nngla:3cb435ee74ccce715c74186d3557d06c667442a79a66b3b296d5260565e72fa1,33.741309000,3.489626000,NG-PLC-000159,NGR-02,JUNCTION,SHARED_REFERENCE
roadnode:nngla:bcc6306dc85429ee525dc17d2572696007c25d5fa01a913cd09d261287d2c2c2,33.569425000,2.935825000,NG-PLC-000160,NGR-02,ENDPOINT,SHARED_REFERENCE
roadnode:nngla:e707dcb3750681d827771d16b505fc4ec9660700485f5195871713d216f77c10,34.184177000,3.330810000,NG-PLC-000162,NGR-02,JUNCTION,SHARED_REFERENCE
roadnode:nngla:bc9c810458a6b4471dc61b60a750c379d7803d72ca0771be8a1bc243af0309b7,34.110093000,3.290592000,NG-PLC-000163,NGR-02,JUNCTION,SHARED_REFERENCE
roadnode:nngla:af199c2a4afdb2cb289bbf57c6cc42a72aaccf5f01d054b41ed65708dba764a5,35.004483000,3.247523000,NG-PLC-000164,NGR-02,JUNCTION,SHARED_REFERENCE
roadnode:nngla:d93c6b30aadcabe5a51ca123f960cb3553025e3fe496ca8fa53697fd3938dd12,34.413379000,2.688981000,NG-PLC-000166,NGR-02,JUNCTION,SHARED_REFERENCE
roadnode:nngla:618accdc6e124c509da0faee319ea4ca053c6c8f11722773623e692008c7bf76,34.020458000,3.211475000,NG-PLC-000167,NGR-02,ENDPOINT,SHARED_REFERENCE
roadnode:nngla:bd8ad67809b47a3383d6488f43eba70488a11ac894d5b0a8964b48930fbe9981,33.856810000,3.604320000,NG-PLC-000168,NGR-02,JUNCTION,SHARED_REFERENCE
roadnode:nngla:d5e89d04f05ac4915a64fdd4b5ad5ba7d658acbaf2e96b2db610b444e61ddc7a,34.256815000,3.511468000,NG-PLC-000169,NGR-02,JUNCTION,SHARED_REFERENCE
roadnode:nngla:5e59ddf84bf7811359509d8b91ab3e09777a36f6a30270ae6e379025742ba1a7,34.374534000,3.068875000,NG-PLC-000170,NGR-02,JUNCTION,SHARED_REFERENCE
roadnode:nngla:a75034673e32d6082cd920737593c85540454819e113113d7bf143ac328b2cfb,34.914150000,3.166470000,NG-PLC-000171,NGR-02,ENDPOINT,SHARED_REFERENCE
roadnode:nngla:58a57fe21c0612dd35ddccc9a063048b857209e1984aa25ffd8eb506118a5278,34.822603000,3.457854000,NG-PLC-000172,NGR-02,JUNCTION,SHARED_REFERENCE
roadnode:nngla:3c7df76d80df81a4ccee6731035d183365a611b4704fdb9cad074a8b116a69e7,37.660000000,-3.307467000,NG-PLC-000173,NGR-03,JUNCTION,SHARED_REFERENCE
roadnode:nngla:b9817fbc8fc5b1381169ad130529884117608823c9ef897639e1d67967c56671,37.654309000,-3.981402000,NG-PLC-000174,NGR-03,JUNCTION,SHARED_REFERENCE
roadnode:nngla:0872140bce6d564a0046e703910711849a550102c542ef002e601c79b32dcc86,37.181332000,-3.505870000,NG-PLC-000175,NGR-03,ENDPOINT,SHARED_REFERENCE
roadnode:nngla:eace3325a379d693ee89fd62bbfb977a683952610dc9ce04c944c1f0b817dddc,37.371036000,-2.881192000,NG-PLC-000176,NGR-03,JUNCTION,SHARED_REFERENCE
roadnode:nngla:5e73609127d18963b40e79388a9e41073ad441b5967f0dd1b8cc66448ec8275f,37.583182000,-3.292153000,NG-PLC-000177,NGR-03,JUNCTION,SHARED_REFERENCE
roadnode:nngla:842876f5c951187d172597eed69de6a8df899434ff6a3a54ba95fffbaa40ada6,37.644762000,-3.273758000,NG-PLC-000178,NGR-03,JUNCTION,SHARED_REFERENCE
roadnode:nngla:d095e53adc208954c64014c997d7574b34d09013af67ece29d3b087df1b3c35a,37.686700000,-3.311635000,NG-PLC-000179,NGR-03,ENDPOINT,SHARED_REFERENCE
roadnode:nngla:f29ad620a42d4c6ecd7b080f99f4b33c60c82456dffd827666402f4d4396032e,37.682116000,-3.291962000,NG-PLC-000180,NGR-03,JUNCTION,SHARED_REFERENCE
roadnode:nngla:45c2191070e13609d95371fc01ddb6a687f1c92e7ec722bbdb6e47b84162cab2,37.671360000,-3.272217000,NG-PLC-000181,NGR-03,JUNCTION,SHARED_REFERENCE
roadnode:nngla:3fd21015b822ceebab4abdff46f2cf59fc5bb2e998feb64fe445b78699723b26,37.612259000,-3.297789000,NG-PLC-000182,NGR-03,JUNCTION,SHARED_REFERENCE
roadnode:nngla:db58420dc8aaed812904313b915a11ca1c95717036d370942228decbb58b11c6,37.734687000,-3.330899000,NG-PLC-000183,NGR-03,JUNCTION,SHARED_REFERENCE
roadnode:nngla:c70fe9f537a6888604d3f4722a288374c8647ad37288b9529559b03339a36c36,37.671223000,-3.332010000,NG-PLC-000184,NGR-03,ENDPOINT,SHARED_REFERENCE
roadnode:nngla:6c8717fa687268d23074e211fef82271f9505d822a65fa940fb6e2b5aa2ce869,37.689752000,-3.441630000,NG-PLC-000185,NGR-03,ENDPOINT,SHARED_REFERENCE
roadnode:nngla:0cd0de6525bc3fbe3f561cca57785029f2509772a320336b10cb681e7784bc30,37.674828000,-3.404523000,NG-PLC-000186,NGR-03,JUNCTION,SHARED_REFERENCE
roadnode:nngla:7bfd151320f9cc8c858aef1d8cf9d6735b7c50d408762bc135358389b8715d77,37.580808000,-3.264607000,NG-PLC-000187,NGR-03,JUNCTION,SHARED_REFERENCE
roadnode:nngla:1d19306d36163070f6623b5aa5f9149ff8da199f229a298159860325a541120c,37.810850000,-3.196102000,NG-PLC-000188,NGR-03,JUNCTION,SHARED_REFERENCE
roadnode:nngla:7037c135797560c35772aadc261af4091f2e634947937b78efa796027f4f9d60,37.743781000,-3.189723000,NG-PLC-000189,NGR-03,JUNCTION,SHARED_REFERENCE
roadnode:nngla:d4a2f3af82ad3b6b28d78867ae53444bcaa832498af11309d3a6b5fcf75006c3,37.555601000,-3.435182000,NG-PLC-000190,NGR-03,JUNCTION,SHARED_REFERENCE
roadnode:nngla:e9baae26081789fe960e3ea69d9f1da4b539ff30e329dd91a61302f49e0cecc7,37.503894000,-3.321721000,NG-PLC-000191,NGR-03,JUNCTION,SHARED_REFERENCE
roadnode:nngla:4fca602754f562d13dc0e14eb513cd0779a3ecbfb9a67daf0be50d89dbb1c383,37.567682000,-3.188923000,NG-PLC-000192,NGR-03,JUNCTION,SHARED_REFERENCE
roadnode:nngla:e5e79b98667c02eeeb761ddc0daba697d98d91d402972aa38daec572744df6ee,37.762770000,-3.256474000,NG-PLC-000193,NGR-03,JUNCTION,SHARED_REFERENCE
roadnode:nngla:cb1d9cc4a8ce65f607012c8df676aeac9dc6012bbde3dec7819bbf527f454277,37.660319000,-3.534025000,NG-PLC-000194,NGR-03,ENDPOINT,SHARED_REFERENCE
roadnode:nngla:22b4c94323f2883975f177a950b60d263b0e7f240796a0345a98628d239d39da,37.518471000,-3.145430000,NG-PLC-000195,NGR-03,JUNCTION,SHARED_REFERENCE
roadnode:nngla:51df55644fba7139522409d8b89a4e34cddcb216645b1797763127ee1c39583a,37.753729000,-3.285763000,NG-PLC-000196,NGR-03,JUNCTION,SHARED_REFERENCE
roadnode:nngla:c62276992a958e4e7422fac913aae73c836750880182b12cc271313ae88c77aa,37.270451000,-3.744479000,NG-PLC-000197,NGR-03,ENDPOINT,SHARED_REFERENCE
roadnode:nngla:4fe56785dbcf5af7d57b2412a22b793c100d216964f2bfed4af08398704066c4,37.902596000,-4.307292000,NG-PLC-000198,NGR-03,JUNCTION,SHARED_REFERENCE
roadnode:nngla:3cb068699bb45ed644c0671923068401f0cb27da10308d52a2938942b1ceb5d6,37.869062000,-4.245763000,NG-PLC-000200,NGR-03,ENDPOINT,SHARED_REFERENCE
roadnode:nngla:e27490b2d4193f7f1c4fbbf76bdfbd4850b1930450213515d92ea627c458bd33,36.958734000,-3.471485000,NG-PLC-000202,NGR-03,JUNCTION,SHARED_REFERENCE
roadnode:nngla:bb78bbd9ae2e48dd0916b765ad7a8d8a03dffdd9ee72643fbdbd6d5e72a35dff,36.850726000,-3.623937000,NG-PLC-000203,NGR-03,JUNCTION,SHARED_REFERENCE
roadnode:nngla:59ea9f86517282818746085648f595df78de650b1ebfc6700caf791d7fc6f7da,36.864324000,-3.461341000,NG-PLC-000204,NGR-03,ENDPOINT,SHARED_REFERENCE
roadnode:nngla:bbc08ff934854bdcc7f94cf5c6c5f508d689794f90d4678864254b62afa98536,36.949310000,-3.781862000,NG-PLC-000205,NGR-03,JUNCTION,SHARED_REFERENCE
roadnode:nngla:31c03efbbcbd6bdf1b9da8d1016da65e459fe6240f7513e05cb6d19d3be54131,37.454301000,-3.245980000,NG-PLC-000206,NGR-03,ENDPOINT,SHARED_REFERENCE
roadnode:nngla:9aa81bf846949b0f52026b2442d4d349b969571394e13880d2ef8265c053dd9b,37.579482000,-2.757602000,NG-PLC-000207,NGR-03,JUNCTION,SHARED_REFERENCE
roadnode:nngla:44944414eacc5436f2f8dd5900b8ef11c5554c51e79c7db2154e4153c908d638,37.484430000,-2.508100000,NG-PLC-000208,NGR-03,JUNCTION,SHARED_REFERENCE
roadnode:nngla:2e71ed5d13cae3d70cdbdcdd57815d71a4b1b2d05e47a5a53b75b2a452fe7170,37.327590000,-3.166237000,NG-PLC-000209,NGR-03,JUNCTION,SHARED_REFERENCE
roadnode:nngla:d58d193b6d920148a04702113a49ccbfb308e07d7f9f6289eba6abbf714fe629,37.098915000,-3.021710000,NG-PLC-000210,NGR-03,JUNCTION,SHARED_REFERENCE
roadnode:nngla:52b8d9c9b5eb7f2abeb5b48b9162f6fbb115936480217fd1e5b0b5dfe6ceca1c,37.205414000,-2.674905000,NG-PLC-000211,NGR-03,ENDPOINT,SHARED_REFERENCE
roadnode:nngla:e8122f1006c5a7172486672939ae2884aa09353af9fc951a05e0f0003c009301,37.629156000,-3.876442000,NG-PLC-000212,NGR-03,JUNCTION,SHARED_REFERENCE
roadnode:nngla:2c741c0a239298ba1e71fd2b92fbe7ac9439d2b9f2362a46c15dd46b98a45c15,37.432103000,-4.091632000,NG-PLC-000214,NGR-03,JUNCTION,SHARED_REFERENCE
roadnode:nngla:3e9f930bfad0c39b9d101aebd6a1aa18a6ea73013c4178417472ec9568696349,37.296548000,-3.590024000,NG-PLC-000215,NGR-03,JUNCTION,SHARED_REFERENCE
roadnode:nngla:3f61644a0bd7466abe7c315c59f7275e3a423b303f37d63378e9aa2c0b224508,37.377484000,-3.375907000,NG-PLC-000216,NGR-03,ENDPOINT,SHARED_REFERENCE
roadnode:nngla:3790a9c303b253e867df8455f5cb35cf1c5d04e54449111783befb53bee0c383,37.248603000,-2.954136000,NG-PLC-000218,NGR-03,JUNCTION,SHARED_REFERENCE
roadnode:nngla:19683792257253e1cc99979a24cee159551372fc43681146ea6562582e768bfe,37.164079000,-2.805085000,NG-PLC-000219,NGR-03,JUNCTION,SHARED_REFERENCE
roadnode:nngla:2f6e912646f2da89de22dcb3f968b5de1183ccb7c8e567dfc2ce582d6c82e559,37.222002000,-3.052007000,NG-PLC-000220,NGR-03,JUNCTION,SHARED_REFERENCE
roadnode:nngla:ecb5c374dfbb37d3ce2eef90b377806091a38d469c0277d39d8cbed1e34c7ea8,37.390492000,-3.693454000,NG-PLC-000221,NGR-03,JUNCTION,SHARED_REFERENCE
roadnode:nngla:86631eed5b4e80cb75605415629d202395747b399b65f56148aa2a9202d224bf,37.347872000,-3.752139000,NG-PLC-000222,NGR-03,ENDPOINT,SHARED_REFERENCE
roadnode:nngla:94f357a80cdeaeee30c487260786c565e36fd2fa7ef667056ed904d3be951522,37.865499000,-4.360711000,NG-PLC-000223,NGR-03,JUNCTION,SHARED_REFERENCE
roadnode:nngla:a0d687fbde70a689fc93d92bc840ac449794283fe16a50ec872aef7431640185,37.947679000,-4.308245000,NG-PLC-000224,NGR-03,JUNCTION,SHARED_REFERENCE
roadnode:nngla:e4ea0f236bd9ecd316d998068220830e3c2652562f01d80e23eb661543aced85,37.471404000,-3.865200000,NG-PLC-000226,NGR-03,JUNCTION,SHARED_REFERENCE
roadnode:nngla:90982683e63aea720facf7844ee513e22d2d33e8ea0dc37da5a188c080409d41,37.956958000,-4.227554000,NG-PLC-000227,NGR-03,JUNCTION,SHARED_REFERENCE
roadnode:nngla:6676155f6a707659768c3d9b065f02ee312e1167479dcd4543a62ee968190010,38.030176000,-4.002743000,NG-PLC-000229,NGR-03,ENDPOINT,SHARED_REFERENCE
roadnode:nngla:01f9135df9f34eb3eb7149126f9ac0f8174c3bd322c9e31eea70aac647ec978e,37.900197000,-3.895990000,NG-PLC-000230,NGR-03,ENDPOINT,SHARED_REFERENCE
roadnode:nngla:e9fc28835216f476f833d54fd23655612e42a4ea62bdd70c90f0b1b0679254f4,36.921128000,-3.432854000,NG-PLC-000231,NGR-03,JUNCTION,SHARED_REFERENCE
roadnode:nngla:b0ebfeceddf3ecd1b78dbc52cfc7946fd226e56ecdd78af0bc8864542055eedb,36.721001000,-3.588344000,NG-PLC-000233,NGR-03,ENDPOINT,SHARED_REFERENCE
roadnode:nngla:784f22c433270e611c6d21299da58de9d0ee05dbdbcca42d7ec114eba4c5976c,36.956718000,-3.647146000,NG-PLC-000234,NGR-03,JUNCTION,SHARED_REFERENCE
roadnode:nngla:99dbd431e442401f590ef468bc802739a4b06bb7cfbd4107b1f2d6256905eeda,36.945005000,-3.494379000,NG-PLC-000235,NGR-03,JUNCTION,SHARED_REFERENCE
roadnode:nngla:412197d12925f9c96edf57e45145cb9de39935b7b0e3e2f36086654c36293c6c,36.752393000,-3.523310000,NG-PLC-000236,NGR-03,JUNCTION,SHARED_REFERENCE
roadnode:nngla:9485e2cf3adb1270a4d8db6c7fd969f668f63b7dde804d24443e753bb8b9e3a3,37.015960000,-3.876926000,NG-PLC-000237,NGR-03,JUNCTION,SHARED_REFERENCE
roadnode:nngla:09c60c779ca82816e147b0bdb04016e213045fc67aba10bb9b4e27978a55fe2d,36.909017000,-3.692653000,NG-PLC-000238,NGR-03,ENDPOINT,SHARED_REFERENCE
roadnode:nngla:87b22d85e86d2bfd61ab0cff829523628915ece2c5781b8f4e1ff49dfe38981c,37.360066000,-3.212792000,NG-PLC-000239,NGR-03,ENDPOINT,SHARED_REFERENCE
roadnode:nngla:191b313f6196709b0d851c8029d75c28340ab32511034742c4bca3468a81438f,37.412252000,-3.179076000,NG-PLC-000240,NGR-03,JUNCTION,SHARED_REFERENCE
roadnode:nngla:310611401c4d37dcaa7cf24302bfcdcd08dc56256d2412e06a2b9617e5ca72ae,37.534900000,-2.763844000,NG-PLC-000241,NGR-03,ENDPOINT,SHARED_REFERENCE
roadnode:nngla:173092632f6f62adc69eb55c0519b9fbc9dae57999670cd7c06cea2c4b53b942,37.685153000,-2.842942000,NG-PLC-000242,NGR-03,JUNCTION,SHARED_REFERENCE
roadnode:nngla:9417990480afccd2e09b09bf18738a681f29915e5c9a71c724885615d66ee816,37.456721000,-2.582387000,NG-PLC-000243,NGR-03,JUNCTION,SHARED_REFERENCE
roadnode:nngla:18ea2892cc84541bb156098a3af4288e87148eac04a688c8b0d1f57b7c1c4f0d,37.427771000,-2.558241000,NG-PLC-000244,NGR-03,JUNCTION,SHARED_REFERENCE
roadnode:nngla:089ffb8c438783d7d6905997d365d556ae9dbce2581801d9a407aa4e1e646a7a,37.311646000,-3.229894000,NG-PLC-000245,NGR-03,JUNCTION,SHARED_REFERENCE
roadnode:nngla:46e9eeb2f95869193815d02a4812f7845ad341e83bea9b09866ea13e55cc9942,37.355744000,-3.127118000,NG-PLC-000246,NGR-03,JUNCTION,SHARED_REFERENCE
roadnode:nngla:6405da0161e745312c580b334af19fe8f804fde66b8228fe6e8fac85ca460f8e,37.133210000,-3.050849000,NG-PLC-000247,NGR-03,JUNCTION,SHARED_REFERENCE
roadnode:nngla:5814073eaaf7ab3029f63276b34777a86f8ebd50bf851d7dac1662f7f85de6be,37.183813000,-3.045492000,NG-PLC-000248,NGR-03,JUNCTION,SHARED_REFERENCE
roadnode:nngla:d47214ac7a5f4b4b5cda9d75727b1f1e5f13ff61c99700a34d65413737ba6ccd,36.808384000,-3.642869000,NG-PLC-000253,NGR-03,JUNCTION,SHARED_REFERENCE
roadnode:nngla:9b39596df9ff22cbf2f94a476cc37aa60b7ba5b9bfa830401e65504d6124f3c2,37.465487000,-3.276660000,NG-PLC-000254,NGR-03,ENDPOINT,SHARED_REFERENCE
roadnode:nngla:9add66f356bfe973583420ff6da3d091c08e49e7392720c46fca891021312b76,37.344400000,-3.212167000,NG-PLC-000255,NGR-03,JUNCTION,SHARED_REFERENCE
roadnode:nngla:45b26240fce1f067887f7b4bfc38f07f273e0a21d526a8aa0a8476e3788dd16c,37.531735000,-3.222706000,NG-PLC-000256,NGR-03,JUNCTION,SHARED_REFERENCE
roadnode:nngla:2967ff4aad91a2431e07a24c32ca124dd5d771ca77629223a6cb50d8195466f2,37.006885000,-3.485388000,NG-PLC-000257,NGR-03,JUNCTION,SHARED_REFERENCE
roadnode:nngla:0e7e5ac1ff41b0202ef61422d3be8f119f3085f95ab7df41a2ad176a2b61186f,38.080000000,5.092533000,NG-PLC-000258,NGR-04,JUNCTION,SHARED_REFERENCE
roadnode:nngla:5594c670ca974aab4d33751f04d93d88df367e86600401d9b91348cdb56dbf7a,37.893098000,5.580212000,NG-PLC-000259,NGR-04,ENDPOINT,SHARED_REFERENCE
roadnode:nngla:66e4b77cd4db426ccb6aad106bf06f9b329cb12173bdce5b234ec1e1920882cd,38.406428000,5.633846000,NG-PLC-000260,NGR-04,JUNCTION,SHARED_REFERENCE
roadnode:nngla:6a65925eab871f72982ec2642545628a90d00eaccfcf49020237f904930d515e,37.776507000,5.361669000,NG-PLC-000261,NGR-04,ENDPOINT,SHARED_REFERENCE
roadnode:nngla:c36c33125dc001a51ba516291b8c5a5a2c9359c8fdca0a3c9ec9ec7ecddd5b8c,38.161884000,5.059686000,NG-PLC-000262,NGR-04,JUNCTION,SHARED_REFERENCE
roadnode:nngla:f8662dc17538c2d0698a1bf32591e131232af753f9555ed55bbbbbbce4710cc3,38.059296000,5.109929000,NG-PLC-000263,NGR-04,ENDPOINT,SHARED_REFERENCE
roadnode:nngla:d9e390e5becf9e262067f137a9e922fd71b0b2f883920a9b95e2763d3430c4d2,38.087586000,5.066633000,NG-PLC-000264,NGR-04,JUNCTION,SHARED_REFERENCE
roadnode:nngla:116dad87f820f99437734ce2d58f832399e977bb2ac6c998502663e214489001,38.106236000,5.085827000,NG-PLC-000265,NGR-04,JUNCTION,SHARED_REFERENCE
roadnode:nngla:2c5063e8764cda54b289dc17d35f9339923c09959e9516bce4d34d6d145e9254,38.050017000,5.086787000,NG-PLC-000266,NGR-04,JUNCTION,SHARED_REFERENCE
roadnode:nngla:dcc3964fb598611b1d15213d9e9938574d8f34bfc791630bc40d30af3bfab78d,38.004002000,5.048113000,NG-PLC-000267,NGR-04,JUNCTION,SHARED_REFERENCE
roadnode:nngla:ed0c46600acb48f2cb7e9c45e5df1af9cb24228529807777f211a715fc81b7fd,38.102017000,5.149745000,NG-PLC-000268,NGR-04,JUNCTION,SHARED_REFERENCE
roadnode:nngla:c0ac3715f80d85dfdb77022be36ef411ba3247bf2a70f684765ac72d0829e359,38.077638000,5.053330000,NG-PLC-000269,NGR-04,JUNCTION,SHARED_REFERENCE
roadnode:nngla:f8cd432d7424e013bc1735750e4d9c0aa042de83c2b4b26851cbfee57d433c0f,38.174415000,5.165606000,NG-PLC-000270,NGR-04,ENDPOINT,SHARED_REFERENCE
roadnode:nngla:1b917af1126ff0fe7a256ef2721f782e717730d0dd68a11603fadb2882b64796,38.173941000,4.890656000,NG-PLC-000271,NGR-04,ENDPOINT,SHARED_REFERENCE
roadnode:nngla:3f5a7b99cafae2516ff133531200867595635942355064f54624c684cdca6010,38.203414000,5.209631000,NG-PLC-000272,NGR-04,ENDPOINT,SHARED_REFERENCE
roadnode:nngla:3e2df99d84ab2fe4b598da7d5e2bfd0c5320f7e2f78a96deafc80aa19c6d9a18,37.991103000,4.916741000,NG-PLC-000273,NGR-04,ENDPOINT,SHARED_REFERENCE
roadnode:nngla:98d814511353a8d6bb8d46d21a19aa49eaddc1595584d22cdf800b3d50eec80a,38.196169000,5.279672000,NG-PLC-000274,NGR-04,ENDPOINT,SHARED_REFERENCE
roadnode:nngla:14c0e93dca440f73039c8e9f4eefa0be0a591775b053bd9f6010bd2fb2d8e6ad,38.031716000,5.276005000,NG-PLC-000275,NGR-04,JUNCTION,SHARED_REFERENCE
roadnode:nngla:9bdc9f95a119e54652381d26540c491b6317901c222b3d4d8a447aa7370e2dc0,38.143721000,5.156249000,NG-PLC-000276,NGR-04,JUNCTION,SHARED_REFERENCE
roadnode:nngla:0834b6bb328aa2a6138e9443afa03543d5e3a388eff2da8405e47fee2af270cf,38.069747000,5.181883000,NG-PLC-000277,NGR-04,JUNCTION,SHARED_REFERENCE
roadnode:nngla:74d8d2f3a58b4b944aa30568395544bc6f0b324cde28968fdeb744e613b2fba5,38.245992000,5.158977000,NG-PLC-000278,NGR-04,ENDPOINT,SHARED_REFERENCE
roadnode:nngla:8f3b09042d60a89a348ed7d5f16e3bad52bc9ac86882df8897e84a8caabe1ee8,38.215314000,5.250069000,NG-PLC-000279,NGR-04,JUNCTION,SHARED_REFERENCE
roadnode:nngla:27bd2376e6a87391a74a789eb14979054721ee4149489d0baa4bccde04646cef,38.179426000,5.257412000,NG-PLC-000280,NGR-04,JUNCTION,SHARED_REFERENCE
roadnode:nngla:60c06ccd3f033853ebb04b673c81388b41a92999105ff3a7336c3fad8116b256,38.050252000,4.917847000,NG-PLC-000281,NGR-04,ENDPOINT,SHARED_REFERENCE
roadnode:nngla:e9b698b1f7ffd73b8e8f4e530fdfcc73335d2f150d8308a4deede0687058149b,37.867545000,5.969485000,NG-PLC-000283,NGR-04,JUNCTION,SHARED_REFERENCE
roadnode:nngla:c7d59e8f6e23e9c6d52efb3407a29dbf0fe2b860a982d18cb8191a015f5a715d,38.142969000,5.290829000,NG-PLC-000284,NGR-04,JUNCTION,SHARED_REFERENCE
roadnode:nngla:54e37d5ca2578877288d259967a531a116435d8e1f2ec79dcae3ea55d6bed0e4,37.651750000,5.662507000,NG-PLC-000285,NGR-04,JUNCTION,SHARED_REFERENCE
roadnode:nngla:c2ddd4a338c6ea69d92e16a26ac93481f73b7e16e6f6a2e621c34518d2a54f00,37.905694000,5.319306000,NG-PLC-000286,NGR-04,JUNCTION,SHARED_REFERENCE
roadnode:nngla:0e99c665d0c8120f1d26d3dec474214bac40ca8fd90d2771dd5d70583e74dbcd,38.784090000,5.672941000,NG-PLC-000287,NGR-04,JUNCTION,SHARED_REFERENCE
roadnode:nngla:6784768a4c14480c3113d50d40019004fc0a3cab12073e553377de58bca1adac,38.512239000,5.425656000,NG-PLC-000288,NGR-04,JUNCTION,SHARED_REFERENCE
roadnode:nngla:530d2eefd8708afb55465c00a0d9ffd554e59a66695a8359562283b38100dd7e,38.373484000,5.411420000,NG-PLC-000289,NGR-04,JUNCTION,SHARED_REFERENCE
roadnode:nngla:c9b9496588897189db14d0bd53a7ecbc0d4afc740e69ed6862dbc3ccf2c8c084,38.490719000,5.300869000,NG-PLC-000290,NGR-04,JUNCTION,SHARED_REFERENCE
roadnode:nngla:f1f110407cab8e8e445ff8c28afae73e5bee6a6824e00055857241d599ed2bb6,38.158974000,5.548656000,NG-PLC-000291,NGR-04,JUNCTION,SHARED_REFERENCE
roadnode:nngla:aaab9bd0e99b1a2795daab2b059a98796279fe73ec72fd65b9db056fff850c8a,37.565632000,5.442134000,NG-PLC-000292,NGR-04,ENDPOINT,SHARED_REFERENCE
roadnode:nngla:2775d98ace2880909e16e3842d773ad2ca02a425bb93d1af35b2a82f2b2f9727,37.751127000,5.594558000,NG-PLC-000293,NGR-04,ENDPOINT,SHARED_REFERENCE
roadnode:nngla:39d4edb8b50f92c602e2df7d2d97bd8ee9bfe17c3ef9838b35ad5da77f5c12a9,37.623732000,5.751649000,NG-PLC-000294,NGR-04,JUNCTION,SHARED_REFERENCE
roadnode:nngla:0144c9bf7e7d9c4cd9aaacf96536e43b15bd03ae2ae6caf432d10de026494848,37.481565000,5.693043000,NG-PLC-000295,NGR-04,ENDPOINT,SHARED_REFERENCE
roadnode:nngla:ea37e896c8b19b46eab4bbdb35f08d82eed46867ade41c79ab0734a502ceabc7,38.103215000,5.614633000,NG-PLC-000296,NGR-04,JUNCTION,SHARED_REFERENCE
roadnode:nngla:d66ce63d0b87dbb80857f58b7c014a5375d0d40033c3e4233f0438a89f639386,37.929583000,5.758235000,NG-PLC-000297,NGR-04,JUNCTION,SHARED_REFERENCE
roadnode:nngla:20320aa076ada8583e664aa1bddf8ca1a7cdbe78a3b0dd40d517201ae21551a6,37.705847000,5.763488000,NG-PLC-000298,NGR-04,JUNCTION,SHARED_REFERENCE
roadnode:nngla:b60d3facec040cf445f917b345a3ab03335cc2f5d32e1483de14ea8900462253,38.075101000,5.554116000,NG-PLC-000299,NGR-04,JUNCTION,SHARED_REFERENCE
roadnode:nngla:8df3447ab8344bbfd3f5aed4666059bac11c570751e063bd36e3a94acd9d1302,38.473156000,5.795549000,NG-PLC-000300,NGR-04,ENDPOINT,SHARED_REFERENCE
roadnode:nngla:017ab7c2f51775cb19050289ff75a38e0454701d8e60c7533b21d38593b6b456,38.408913000,5.788486000,NG-PLC-000301,NGR-04,JUNCTION,SHARED_REFERENCE
roadnode:nngla:05b0bfbdaf81f3b3e4e0ed888e77f71e37a8c0149f9cd0a6192f6a3c16c921b1,38.518239000,5.535735000,NG-PLC-000302,NGR-04,JUNCTION,SHARED_REFERENCE
roadnode:nngla:d3bb920f6561b07b8786297b5cd4040741a26accf7aabd2abb6ce07201c45e00,37.613853000,5.386623000,NG-PLC-000303,NGR-04,JUNCTION,SHARED_REFERENCE
roadnode:nngla:ebdae24a928cdbf4be0cc63e029cbc6b10d3a65df811c0715c1a275fa40928ac,37.681025000,5.426473000,NG-PLC-000304,NGR-04,JUNCTION,SHARED_REFERENCE
roadnode:nngla:465e9c57d9489b7454ef5c39c1bec5a0e4b8a11a5ab0dfc8e486226c1c6e6577,37.405838000,5.904538000,NG-PLC-000306,NGR-04,ENDPOINT,SHARED_REFERENCE
roadnode:nngla:ea9febe1872eff8477fea18702d2cc3999f2a0bf05e1bc5da69f76d4d3b0d1de,37.549437000,5.882836000,NG-PLC-000307,NGR-04,JUNCTION,SHARED_REFERENCE
roadnode:nngla:02b55ba8ad3cd0b088cb3b8f96b4f5fe65ffe2195ac24104bb239f8c6d2aea07,37.899177000,5.937358000,NG-PLC-000308,NGR-04,JUNCTION,SHARED_REFERENCE
roadnode:nngla:43c5efa10fc127ee3c23f8cf11131124eae7bcbf5e35da945d6b28f093c6d09b,37.853699000,5.920083000,NG-PLC-000309,NGR-04,JUNCTION,SHARED_REFERENCE
roadnode:nngla:9cb07796cbe2364385d9ca673c3f45295a31fbd8ce7d4bcd8f06e1707d078662,38.218437000,5.322553000,NG-PLC-000310,NGR-04,JUNCTION,SHARED_REFERENCE
roadnode:nngla:cf3d1071db84e60e08cee10ee4389720a5507e35422a9f78da0da7731586cd23,38.253031000,5.363567000,NG-PLC-000311,NGR-04,JUNCTION,SHARED_REFERENCE
roadnode:nngla:726b2eefba3a9272feeccda2ad897de767c365964cf1c7853194f9bd12d6d539,37.693981000,5.646514000,NG-PLC-000312,NGR-04,JUNCTION,SHARED_REFERENCE
roadnode:nngla:7946d40037a5e8b2f59eef2929406e64e733ac317a050f8fc4d6aa9b2ece49c2,37.883345000,5.457058000,NG-PLC-000314,NGR-04,JUNCTION,SHARED_REFERENCE
roadnode:nngla:884e4c960acf67fa0464b11c4dead91931cfc9035dd9431b375dde6ed59344e6,37.969899000,5.242840000,NG-PLC-000315,NGR-04,JUNCTION,SHARED_REFERENCE
roadnode:nngla:1d5d341111085fa874c82f1387659923cf7d74bd7416de1a7b0cef9cefd1822a,38.899718000,5.621275000,NG-PLC-000316,NGR-04,JUNCTION,SHARED_REFERENCE
roadnode:nngla:6f0f704b37b28a121730e793d19eeff0791d67a9c64980c8271c62f109da3c56,38.713949000,5.697304000,NG-PLC-000317,NGR-04,ENDPOINT,SHARED_REFERENCE
roadnode:nngla:0fc1574a1fcf4369b3f4b804f3b0accab14018714cbf73f3ef31a4a4639a494f,38.611669000,5.480675000,NG-PLC-000318,NGR-04,JUNCTION,SHARED_REFERENCE
roadnode:nngla:f9d6b383fef105e5c18a7548026ed71c8dcee66811fb1eec604b913e2abfd0ed,38.400550000,5.465276000,NG-PLC-000319,NGR-04,JUNCTION,SHARED_REFERENCE
roadnode:nngla:e8366c89951f3efda296ada9fdebb129ceed674b1d777be1cc7ccd8ae628f175,38.337143000,5.503917000,NG-PLC-000320,NGR-04,JUNCTION,SHARED_REFERENCE
roadnode:nngla:bd4a41970124b1c9eee851a7266dc231897d6f8f94d62584280ae67f5c6e836e,38.368717000,5.456135000,NG-PLC-000321,NGR-04,ENDPOINT,SHARED_REFERENCE
roadnode:nngla:d00574edffcf1d3378751d99c7291974e7d4672ea0dbf093c92c2150092d3fb0,38.552426000,5.311904000,NG-PLC-000322,NGR-04,JUNCTION,SHARED_REFERENCE
roadnode:nngla:14054924e33031e5ad9a23416cfd67f39cc7f5bddecf6b2ded69810c15da2f1b,38.536508000,5.240209000,NG-PLC-000323,NGR-04,ENDPOINT,SHARED_REFERENCE
roadnode:nngla:4dedc2dcf689e92511c5bf404a69c372a856bef90c6bcaecf85a5db9c7556170,38.248703000,5.636653000,NG-PLC-000324,NGR-04,ENDPOINT,SHARED_REFERENCE
roadnode:nngla:0d5ba8ba180697fbf4aab202400840387d0bae23641a0c780a488dd54eb381cb,38.258052000,5.555387000,NG-PLC-000325,NGR-04,ENDPOINT,SHARED_REFERENCE
roadnode:nngla:5eb4428762658d70e0fb61ca56dbb2578f85d92e1f4395d2edbdd5248d88e630,37.514796000,5.448110000,NG-PLC-000326,NGR-04,JUNCTION,SHARED_REFERENCE
roadnode:nngla:7a1f96c7bbc680ed389129a21fc82a107e667b49e9e6135d1d16ac8ae86f2e67,37.607951000,5.457855000,NG-PLC-000327,NGR-04,JUNCTION,SHARED_REFERENCE
roadnode:nngla:405906388ed57e254486c02bffcb52c224a75da57013fa863e56aaa1f35b1ef7,37.852526000,5.677047000,NG-PLC-000329,NGR-04,ENDPOINT,SHARED_REFERENCE
roadnode:nngla:588f32eda2321efd3ce83cca5ddd69dc08cd5b1ce7341c8b219277244b68cb75,37.592262000,5.822460000,NG-PLC-000331,NGR-04,JUNCTION,SHARED_REFERENCE
roadnode:nngla:b50cc10d12bbcbcc93dfa2e4823a83ba6e414d6ab6bf69ff0def710189cad71c,37.552174000,5.793221000,NG-PLC-000333,NGR-04,ENDPOINT,SHARED_REFERENCE
roadnode:nngla:bc28ca0f75a968ef4a6dfb78aa29b4cada73dcfe8dc93d121c21f601a13295a7,38.054531000,5.727162000,NG-PLC-000334,NGR-04,JUNCTION,SHARED_REFERENCE
roadnode:nngla:cbdec5a2fcb35fa71b9b0ab6921fe8e74352141b9e9542c2bfde3df5e9055ddd,38.082569000,5.713014000,NG-PLC-000335,NGR-04,ENDPOINT,SHARED_REFERENCE
roadnode:nngla:362f9b67ac395db60115ccc546b4c3caf8a5766c4fac5b9880b58be9656af844,37.486769000,5.879642000,NG-PLC-000336,NGR-04,ENDPOINT,SHARED_REFERENCE
roadnode:nngla:c4ddcca09fc71d0a5eb1d1f6d3903cd2abfc2b4f9b72c1065282114de3c29a41,37.637873000,5.650982000,NG-PLC-000337,NGR-04,JUNCTION,SHARED_REFERENCE
roadnode:nngla:d1c0d99a76626187ccf1efc99ef211c290ebcc3862aa07bc0b3788f8105475bd,38.505492000,5.408971000,NG-PLC-000338,NGR-04,ENDPOINT,SHARED_REFERENCE
roadnode:nngla:b2d87a4fdc49d4746e1993e6ea152bb4f31e455a5481dac82ce99e558c92619a,38.169614000,5.594117000,NG-PLC-000339,NGR-04,ENDPOINT,SHARED_REFERENCE
roadnode:nngla:8aa13804b14c95506575a3cf73fc9bca2ae5df1556a2cf4ca301a703ecb44bdf,37.607389000,5.715324000,NG-PLC-000340,NGR-04,JUNCTION,SHARED_REFERENCE
roadnode:nngla:a13dff03f3d4e9b9a2f0083149c7021287f6c9b7f0d7bce096090d60350c0f2d,37.973348000,5.073535000,NG-PLC-000341,NGR-04,JUNCTION,SHARED_REFERENCE
roadnode:nngla:2d3e35bba7246ec9ed9fc0f6db57f9e27f55d8e2ee4358a5bc40f03cca042aac,38.296116000,5.724231000,NG-PLC-000342,NGR-04,ENDPOINT,SHARED_REFERENCE
roadnode:nngla:5ce8245617faa4b6a9846f1af7da11d68eaf61740c72cc7d579597b72ea13282,38.640823000,5.332119000,NG-PLC-000343,NGR-04,JUNCTION,SHARED_REFERENCE
roadnode:nngla:5a24c72507d719ec0a6563ddda9a83dbc33461ab36c7611cf53a56e37a7ff127,38.070717000,5.290308000,NG-PLC-000344,NGR-04,ENDPOINT,SHARED_REFERENCE
roadnode:nngla:25f5ef3fe033bf21f430ffab4d921108cf07af67a850c1e9ae34a8248e221f1a,37.660000000,5.092533000,NG-PLC-000345,NGR-04,JUNCTION,SHARED_REFERENCE
roadnode:nngla:8905fe6197975beea2fe4b6f410c560e3b38437b574f073062f7c2260c2573ce,38.118495000,-1.239303000,NG-PLC-000352,NGR-05,ENDPOINT,SHARED_REFERENCE
roadnode:nngla:0dfba702dd8f473a34ce3678edd6f93f8c661ec06c54ae03e54568a052b5cae3,38.068722000,-1.260540000,NG-PLC-000357,NGR-05,ENDPOINT,SHARED_REFERENCE
roadnode:nngla:74df1f5af96388f8b8729943439ce39cbf6846568a6ff72231d9c6ada89a9da7,38.856111000,-1.095873000,NG-PLC-000370,NGR-05,ENDPOINT,SHARED_REFERENCE
roadnode:nngla:0c78f4ddc3126da7b830461f2a35461381772ab801267a9b1fceb2091fab5180,37.547782000,-0.642845000,NG-PLC-000376,NGR-05,ENDPOINT,SHARED_REFERENCE
roadnode:nngla:67345ec987660c5ad88127bdd1dd8c44bf4c0ed6ac625e6410a613a6c073bcd5,37.497762000,-0.906975000,NG-PLC-000377,NGR-05,ENDPOINT,SHARED_REFERENCE
roadnode:nngla:78f44ed59bda48dc1c5b291ec3011a36506f61f42c971b8bd85307d6a9bd142d,37.506410000,-0.562921000,NG-PLC-000407,NGR-05,ENDPOINT,SHARED_REFERENCE
roadnode:nngla:7611d3bb4c44d41819108ae83c9e5132f2a74acf9441c669839ac1acb0bbda1f,37.460838000,-1.105203000,NG-PLC-000413,NGR-05,ENDPOINT,SHARED_REFERENCE
roadnode:nngla:af58bca4d471ff34f098bd85281a2b87110885e92054f4c1a6f6d58af7d7fb4e,38.339581000,-0.371433000,NG-PLC-000418,NGR-05,ENDPOINT,SHARED_REFERENCE
roadnode:nngla:4e31dbcc8d20b1fcf6a7895f28b6d8dfa409c6f361c59b51d5d119a9652748e4,38.429268000,-0.473605000,NG-PLC-000419,NGR-05,ENDPOINT,SHARED_REFERENCE
roadnode:nngla:3c4d48d1e1d82ff5053aa981ab6c8efa185eefdd754addffc72e56233b4ec6aa,38.853557000,-1.078069000,NG-PLC-000424,NGR-05,ENDPOINT,SHARED_REFERENCE
