citizen_house_design_id,citizen_house_design_code,primary_compatible_terrain_zone,compatible_terrain_zones,minimum_plot_area_sqm,suitable_ground_conditions,unsuitable_ground_conditions,maximum_site_slope_percent,minimum_floor_clearance_mm,flood_resilience_level,wind_resistance_level,drainage_requirement,site_inspection_requirement,physical_property_id_issue_stage,source_catalogue_sha256
019ff0b1-9e00-77ce-ab8d-293f70d6ed3c,NCH-000001-8,central_plateau,central_plateau|agricultural_plateau,80,firm_lateritic_soil|compacted_gravel|stable_clay_above_flood_level,deep_soft_mud|active_floodway|unassessed_expansive_clay,10,150,low,moderate,perimeter_surface_drain_and_roof_runoff_route,community_site_check_and_basic_safety_review_required,validated_construction_commencement,0cf6c97286f62dc86414ae7aedb026a69faec4fb92a1b5dd85fd4fbb42273078
019ff0b1-9e02-7b6a-83d9-d9016874e3a4,NCH-000002-6,central_plateau,central_plateau|agricultural_plateau,110,firm_lateritic_soil|compacted_gravel|stable_clay_above_flood_level,deep_soft_mud|active_floodway|unassessed_expansive_clay,10,150,low,moderate,perimeter_surface_drain_and_roof_runoff_route,community_site_check_and_basic_safety_review_required,validated_construction_commencement,0cf6c97286f62dc86414ae7aedb026a69faec4fb92a1b5dd85fd4fbb42273078
019ff0b1-9e04-7052-b5f4-5f9cbda2d64b,NCH-000003-4,central_plateau,central_plateau|agricultural_plateau,140,firm_lateritic_soil|compacted_gravel|stable_clay_above_flood_level,deep_soft_mud|active_floodway|unassessed_expansive_clay,10,175,low,moderate,perimeter_surface_drain_and_roof_runoff_route,community_site_check_and_basic_safety_review_required,validated_construction_commencement,0cf6c97286f62dc86414ae7aedb026a69faec4fb92a1b5dd85fd4fbb42273078
019ff0b1-9e06-7181-b790-0d5724aa9320,NCH-000004-2,central_plateau,central_plateau|agricultural_plateau,190,firm_lateritic_soil|compacted_gravel|stable_clay_above_flood_level,deep_soft_mud|active_floodway|unassessed_expansive_clay,10,175,low,moderate,perimeter_surface_drain_and_roof_runoff_route,community_site_check_and_basic_safety_review_required,validated_construction_commencement,0cf6c97286f62dc86414ae7aedb026a69faec4fb92a1b5dd85fd4fbb42273078
019ff0b1-9e08-7b12-b694-b4ca4f72b6cd,NCH-000005-9,central_plateau,central_plateau|agricultural_plateau,230,firm_lateritic_soil|compacted_gravel|stable_clay_above_flood_level,deep_soft_mud|active_floodway|unassessed_expansive_clay,10,175,low,moderate,perimeter_surface_drain_and_roof_runoff_route,community_site_check_and_basic_safety_review_required,validated_construction_commencement,0cf6c97286f62dc86414ae7aedb026a69faec4fb92a1b5dd85fd4fbb42273078
019ff0b1-9e0a-72b4-8639-578feee330ab,NCH-000006-7,central_plateau,central_plateau|agricultural_plateau,285,firm_lateritic_soil|compacted_gravel|stable_clay_above_flood_level,deep_soft_mud|active_floodway|unassessed_expansive_clay,10,200,low,moderate,perimeter_surface_drain_and_roof_runoff_route,trained_site_assessor_and_foundation_check_required,validated_construction_commencement,0cf6c97286f62dc86414ae7aedb026a69faec4fb92a1b5dd85fd4fbb42273078
019ff0b1-9e0c-7312-9d67-098dbb72b753,NCH-000007-5,central_plateau,central_plateau|agricultural_plateau,315,firm_lateritic_soil|compacted_gravel|stable_clay_above_flood_level,deep_soft_mud|active_floodway|unassessed_expansive_clay,10,200,low,moderate,perimeter_surface_drain_and_roof_runoff_route,trained_site_assessor_and_foundation_check_required,validated_construction_commencement,0cf6c97286f62dc86414ae7aedb026a69faec4fb92a1b5dd85fd4fbb42273078
019ff0b1-9e0e-77ec-b782-7a281c0d33b9,NCH-000008-3,central_plateau,central_plateau|agricultural_plateau,350,firm_lateritic_soil|compacted_gravel|stable_clay_above_flood_level,deep_soft_mud|active_floodway|unassessed_expansive_clay,10,200,low,moderate,perimeter_surface_drain_and_roof_runoff_route,trained_site_assessor_and_foundation_check_required,validated_construction_commencement,0cf6c97286f62dc86414ae7aedb026a69faec4fb92a1b5dd85fd4fbb42273078
019ff0b1-9e10-7fec-867e-a9cf4b7ce201,NCH-000009-1,central_plateau,central_plateau|agricultural_plateau,420,firm_lateritic_soil|compacted_gravel|stable_clay_above_flood_level,deep_soft_mud|active_floodway|unassessed_expansive_clay,10,200,low,moderate,perimeter_surface_drain_and_roof_runoff_route,trained_site_assessor_and_foundation_check_required,validated_construction_commencement,0cf6c97286f62dc86414ae7aedb026a69faec4fb92a1b5dd85fd4fbb42273078
019ff0b1-9e12-7272-9186-dc4ac5cc5ca1,NCH-000010-9,central_plateau,central_plateau|agricultural_plateau,470,firm_lateritic_soil|compacted_gravel|stable_clay_above_flood_level,deep_soft_mud|active_floodway|unassessed_expansive_clay,8,225,low,moderate,perimeter_surface_drain_and_roof_runoff_route,geotechnical_and_structural_review_required,validated_construction_commencement,0cf6c97286f62dc86414ae7aedb026a69faec4fb92a1b5dd85fd4fbb42273078
019ff0b1-9e14-73b8-8558-bf2b21e30d5a,NCH-000011-7,central_plateau,central_plateau|agricultural_plateau,450,firm_lateritic_soil|compacted_gravel|stable_clay_above_flood_level,deep_soft_mud|active_floodway|unassessed_expansive_clay,8,225,low,moderate,perimeter_surface_drain_and_roof_runoff_route,geotechnical_and_structural_review_required,validated_construction_commencement,0cf6c97286f62dc86414ae7aedb026a69faec4fb92a1b5dd85fd4fbb42273078
019ff0b1-9e16-74eb-8658-e8e2e6283090,NCH-000012-5,central_plateau,central_plateau|agricultural_plateau,540,firm_lateritic_soil|compacted_gravel|stable_clay_above_flood_level,deep_soft_mud|active_floodway|unassessed_expansive_clay,8,225,low,moderate,perimeter_surface_drain_and_roof_runoff_route,geotechnical_and_structural_review_required,validated_construction_commencement,0cf6c97286f62dc86414ae7aedb026a69faec4fb92a1b5dd85fd4fbb42273078
019ff0b1-9e18-77d6-adaa-0a4a7031e879,NCH-000013-3,central_plateau,central_plateau|agricultural_plateau,350,firm_lateritic_soil|compacted_gravel|stable_clay_above_flood_level,deep_soft_mud|active_floodway|unassessed_expansive_clay,8,225,low,moderate,perimeter_surface_drain_and_roof_runoff_route,geotechnical_and_structural_review_required,validated_construction_commencement,0cf6c97286f62dc86414ae7aedb026a69faec4fb92a1b5dd85fd4fbb42273078
019ff0b1-9e1a-7277-990f-36f4bb66afe2,NCH-000014-1,central_plateau,central_plateau|agricultural_plateau,700,firm_lateritic_soil|compacted_gravel|stable_clay_above_flood_level,deep_soft_mud|active_floodway|unassessed_expansive_clay,8,250,low,moderate,perimeter_surface_drain_and_roof_runoff_route,geotechnical_and_structural_review_required,validated_construction_commencement,0cf6c97286f62dc86414ae7aedb026a69faec4fb92a1b5dd85fd4fbb42273078
019ff0b1-9e1c-7936-ac61-1a379e652b4b,NCH-000015-8,central_plateau,central_plateau|agricultural_plateau,560,firm_lateritic_soil|compacted_gravel|stable_clay_above_flood_level,deep_soft_mud|active_floodway|unassessed_expansive_clay,8,250,low,moderate,perimeter_surface_drain_and_roof_runoff_route,geotechnical_and_structural_review_required,validated_construction_commencement,0cf6c97286f62dc86414ae7aedb026a69faec4fb92a1b5dd85fd4fbb42273078
019ff0b1-9e1e-786c-b4ca-34556593d17f,NCH-000016-6,mountain_highlands,mountain_highlands|central_plateau,80,stable_shallow_rock|well_drained_mountain_soil|engineered_slope_bench,active_landslip|unretained_cut_slope|deep_uncompacted_fill,22,250,low,high,upslope_interceptor_drain_and_controlled_downslope_outlet,community_site_check_and_basic_safety_review_required,validated_construction_commencement,0cf6c97286f62dc86414ae7aedb026a69faec4fb92a1b5dd85fd4fbb42273078
019ff0b1-9e20-7cf1-8d0a-a9363f0b6a12,NCH-000017-4,mountain_highlands,mountain_highlands|central_plateau,110,stable_shallow_rock|well_drained_mountain_soil|engineered_slope_bench,active_landslip|unretained_cut_slope|deep_uncompacted_fill,22,250,low,high,upslope_interceptor_drain_and_controlled_downslope_outlet,community_site_check_and_basic_safety_review_required,validated_construction_commencement,0cf6c97286f62dc86414ae7aedb026a69faec4fb92a1b5dd85fd4fbb42273078
019ff0b1-9e22-7188-80d4-fa6930335487,NCH-000018-2,mountain_highlands,mountain_highlands|central_plateau,140,stable_shallow_rock|well_drained_mountain_soil|engineered_slope_bench,active_landslip|unretained_cut_slope|deep_uncompacted_fill,22,275,low,high,upslope_interceptor_drain_and_controlled_downslope_outlet,community_site_check_and_basic_safety_review_required,validated_construction_commencement,0cf6c97286f62dc86414ae7aedb026a69faec4fb92a1b5dd85fd4fbb42273078
019ff0b1-9e24-7b56-8c39-2ba04680c150,NCH-000019-0,mountain_highlands,mountain_highlands|central_plateau,190,stable_shallow_rock|well_drained_mountain_soil|engineered_slope_bench,active_landslip|unretained_cut_slope|deep_uncompacted_fill,22,275,low,high,upslope_interceptor_drain_and_controlled_downslope_outlet,community_site_check_and_basic_safety_review_required,validated_construction_commencement,0cf6c97286f62dc86414ae7aedb026a69faec4fb92a1b5dd85fd4fbb42273078
019ff0b1-9e26-71fb-9aff-9e22ae4314c9,NCH-000020-8,mountain_highlands,mountain_highlands|central_plateau,230,stable_shallow_rock|well_drained_mountain_soil|engineered_slope_bench,active_landslip|unretained_cut_slope|deep_uncompacted_fill,22,275,low,high,upslope_interceptor_drain_and_controlled_downslope_outlet,community_site_check_and_basic_safety_review_required,validated_construction_commencement,0cf6c97286f62dc86414ae7aedb026a69faec4fb92a1b5dd85fd4fbb42273078
019ff0b1-9e28-735f-8c36-c4cdf744cc68,NCH-000021-6,mountain_highlands,mountain_highlands|central_plateau,285,stable_shallow_rock|well_drained_mountain_soil|engineered_slope_bench,active_landslip|unretained_cut_slope|deep_uncompacted_fill,22,300,low,high,upslope_interceptor_drain_and_controlled_downslope_outlet,trained_site_assessor_and_foundation_check_required,validated_construction_commencement,0cf6c97286f62dc86414ae7aedb026a69faec4fb92a1b5dd85fd4fbb42273078
019ff0b1-9e2a-7d06-8bec-11bb8bd3bdff,NCH-000022-4,mountain_highlands,mountain_highlands|central_plateau,315,stable_shallow_rock|well_drained_mountain_soil|engineered_slope_bench,active_landslip|unretained_cut_slope|deep_uncompacted_fill,22,300,low,high,upslope_interceptor_drain_and_controlled_downslope_outlet,trained_site_assessor_and_foundation_check_required,validated_construction_commencement,0cf6c97286f62dc86414ae7aedb026a69faec4fb92a1b5dd85fd4fbb42273078
019ff0b1-9e2c-7344-9299-26c6b48d5077,NCH-000023-2,mountain_highlands,mountain_highlands|central_plateau,350,stable_shallow_rock|well_drained_mountain_soil|engineered_slope_bench,active_landslip|unretained_cut_slope|deep_uncompacted_fill,22,300,low,high,upslope_interceptor_drain_and_controlled_downslope_outlet,trained_site_assessor_and_foundation_check_required,validated_construction_commencement,0cf6c97286f62dc86414ae7aedb026a69faec4fb92a1b5dd85fd4fbb42273078
019ff0b1-9e2e-7691-b070-c858b1c22e55,NCH-000024-0,mountain_highlands,mountain_highlands|central_plateau,420,stable_shallow_rock|well_drained_mountain_soil|engineered_slope_bench,active_landslip|unretained_cut_slope|deep_uncompacted_fill,22,300,low,high,upslope_interceptor_drain_and_controlled_downslope_outlet,trained_site_assessor_and_foundation_check_required,validated_construction_commencement,0cf6c97286f62dc86414ae7aedb026a69faec4fb92a1b5dd85fd4fbb42273078
019ff0b1-9e30-71d6-a586-4e270e95d034,NCH-000025-7,mountain_highlands,mountain_highlands|central_plateau,470,stable_shallow_rock|well_drained_mountain_soil|engineered_slope_bench,active_landslip|unretained_cut_slope|deep_uncompacted_fill,20,325,low,high,upslope_interceptor_drain_and_controlled_downslope_outlet,mandatory_geotechnical_slope_and_structural_review,validated_construction_commencement,0cf6c97286f62dc86414ae7aedb026a69faec4fb92a1b5dd85fd4fbb42273078
019ff0b1-9e32-79f2-a5db-213bd8842dc6,NCH-000026-5,mountain_highlands,mountain_highlands|central_plateau,450,stable_shallow_rock|well_drained_mountain_soil|engineered_slope_bench,active_landslip|unretained_cut_slope|deep_uncompacted_fill,20,325,low,high,upslope_interceptor_drain_and_controlled_downslope_outlet,mandatory_geotechnical_slope_and_structural_review,validated_construction_commencement,0cf6c97286f62dc86414ae7aedb026a69faec4fb92a1b5dd85fd4fbb42273078
019ff0b1-9e34-7c03-b060-edd923e1ace4,NCH-000027-3,mountain_highlands,mountain_highlands|central_plateau,540,stable_shallow_rock|well_drained_mountain_soil|engineered_slope_bench,active_landslip|unretained_cut_slope|deep_uncompacted_fill,20,325,low,high,upslope_interceptor_drain_and_controlled_downslope_outlet,mandatory_geotechnical_slope_and_structural_review,validated_construction_commencement,0cf6c97286f62dc86414ae7aedb026a69faec4fb92a1b5dd85fd4fbb42273078
019ff0b1-9e36-7fb2-bad1-079a907bffc1,NCH-000028-1,mountain_highlands,mountain_highlands|central_plateau,350,stable_shallow_rock|well_drained_mountain_soil|engineered_slope_bench,active_landslip|unretained_cut_slope|deep_uncompacted_fill,20,325,low,high,upslope_interceptor_drain_and_controlled_downslope_outlet,mandatory_geotechnical_slope_and_structural_review,validated_construction_commencement,0cf6c97286f62dc86414ae7aedb026a69faec4fb92a1b5dd85fd4fbb42273078
019ff0b1-9e38-7bb9-82c7-0ee3f0c98efc,NCH-000029-9,mountain_highlands,mountain_highlands|central_plateau,700,stable_shallow_rock|well_drained_mountain_soil|engineered_slope_bench,active_landslip|unretained_cut_slope|deep_uncompacted_fill,20,350,low,high,upslope_interceptor_drain_and_controlled_downslope_outlet,mandatory_geotechnical_slope_and_structural_review,validated_construction_commencement,0cf6c97286f62dc86414ae7aedb026a69faec4fb92a1b5dd85fd4fbb42273078
019ff0b1-9e3a-7831-933c-00bf363d227f,NCH-000030-7,mountain_highlands,mountain_highlands|central_plateau,560,stable_shallow_rock|well_drained_mountain_soil|engineered_slope_bench,active_landslip|unretained_cut_slope|deep_uncompacted_fill,20,350,low,high,upslope_interceptor_drain_and_controlled_downslope_outlet,mandatory_geotechnical_slope_and_structural_review,validated_construction_commencement,0cf6c97286f62dc86414ae7aedb026a69faec4fb92a1b5dd85fd4fbb42273078
019ff0b1-9e3c-78fb-b82d-c28827399280,NCH-000031-5,agricultural_plateau,agricultural_plateau|central_plateau,80,firm_clay_loam|well_drained_field_edge|compacted_gravelly_soil,seasonally_waterlogged_depression|active_stream_channel|uncompacted_organic_soil,9,200,low,moderate,shallow_perimeter_drain_and_gutter_discharge_to_safe_field_edge,community_site_check_and_basic_safety_review_required,validated_construction_commencement,0cf6c97286f62dc86414ae7aedb026a69faec4fb92a1b5dd85fd4fbb42273078
019ff0b1-9e3e-798c-a2a8-d442b6959a5b,NCH-000032-3,agricultural_plateau,agricultural_plateau|central_plateau,110,firm_clay_loam|well_drained_field_edge|compacted_gravelly_soil,seasonally_waterlogged_depression|active_stream_channel|uncompacted_organic_soil,9,200,low,moderate,shallow_perimeter_drain_and_gutter_discharge_to_safe_field_edge,community_site_check_and_basic_safety_review_required,validated_construction_commencement,0cf6c97286f62dc86414ae7aedb026a69faec4fb92a1b5dd85fd4fbb42273078
019ff0b1-9e40-7504-9c36-a443331db796,NCH-000033-1,agricultural_plateau,agricultural_plateau|central_plateau,140,firm_clay_loam|well_drained_field_edge|compacted_gravelly_soil,seasonally_waterlogged_depression|active_stream_channel|uncompacted_organic_soil,9,225,low,moderate,shallow_perimeter_drain_and_gutter_discharge_to_safe_field_edge,community_site_check_and_basic_safety_review_required,validated_construction_commencement,0cf6c97286f62dc86414ae7aedb026a69faec4fb92a1b5dd85fd4fbb42273078
019ff0b1-9e42-7e3f-a5ce-50eb5573d814,NCH-000034-9,agricultural_plateau,agricultural_plateau|central_plateau,190,firm_clay_loam|well_drained_field_edge|compacted_gravelly_soil,seasonally_waterlogged_depression|active_stream_channel|uncompacted_organic_soil,9,225,low,moderate,shallow_perimeter_drain_and_gutter_discharge_to_safe_field_edge,community_site_check_and_basic_safety_review_required,validated_construction_commencement,0cf6c97286f62dc86414ae7aedb026a69faec4fb92a1b5dd85fd4fbb42273078
019ff0b1-9e44-7037-83cc-3cfb3d0c5bf2,NCH-000035-6,agricultural_plateau,agricultural_plateau|central_plateau,230,firm_clay_loam|well_drained_field_edge|compacted_gravelly_soil,seasonally_waterlogged_depression|active_stream_channel|uncompacted_organic_soil,9,225,low,moderate,shallow_perimeter_drain_and_gutter_discharge_to_safe_field_edge,community_site_check_and_basic_safety_review_required,validated_construction_commencement,0cf6c97286f62dc86414ae7aedb026a69faec4fb92a1b5dd85fd4fbb42273078
019ff0b1-9e46-7ded-9353-a92f246ce249,NCH-000036-4,agricultural_plateau,agricultural_plateau|central_plateau,285,firm_clay_loam|well_drained_field_edge|compacted_gravelly_soil,seasonally_waterlogged_depression|active_stream_channel|uncompacted_organic_soil,9,250,low,moderate,shallow_perimeter_drain_and_gutter_discharge_to_safe_field_edge,trained_site_assessor_and_foundation_check_required,validated_construction_commencement,0cf6c97286f62dc86414ae7aedb026a69faec4fb92a1b5dd85fd4fbb42273078
019ff0b1-9e48-7bf4-a212-321642035294,NCH-000037-2,agricultural_plateau,agricultural_plateau|central_plateau,315,firm_clay_loam|well_drained_field_edge|compacted_gravelly_soil,seasonally_waterlogged_depression|active_stream_channel|uncompacted_organic_soil,9,250,low,moderate,shallow_perimeter_drain_and_gutter_discharge_to_safe_field_edge,trained_site_assessor_and_foundation_check_required,validated_construction_commencement,0cf6c97286f62dc86414ae7aedb026a69faec4fb92a1b5dd85fd4fbb42273078
019ff0b1-9e4a-7d33-82ab-efcd6883a38d,NCH-000038-0,agricultural_plateau,agricultural_plateau|central_plateau,350,firm_clay_loam|well_drained_field_edge|compacted_gravelly_soil,seasonally_waterlogged_depression|active_stream_channel|uncompacted_organic_soil,9,250,low,moderate,shallow_perimeter_drain_and_gutter_discharge_to_safe_field_edge,trained_site_assessor_and_foundation_check_required,validated_construction_commencement,0cf6c97286f62dc86414ae7aedb026a69faec4fb92a1b5dd85fd4fbb42273078
019ff0b1-9e4c-7114-9fa8-d40741a06d6f,NCH-000039-8,agricultural_plateau,agricultural_plateau|central_plateau,420,firm_clay_loam|well_drained_field_edge|compacted_gravelly_soil,seasonally_waterlogged_depression|active_stream_channel|uncompacted_organic_soil,9,250,low,moderate,shallow_perimeter_drain_and_gutter_discharge_to_safe_field_edge,trained_site_assessor_and_foundation_check_required,validated_construction_commencement,0cf6c97286f62dc86414ae7aedb026a69faec4fb92a1b5dd85fd4fbb42273078
019ff0b1-9e4e-71b1-888a-55a7773f5d73,NCH-000040-6,agricultural_plateau,agricultural_plateau|central_plateau,470,firm_clay_loam|well_drained_field_edge|compacted_gravelly_soil,seasonally_waterlogged_depression|active_stream_channel|uncompacted_organic_soil,7,275,low,moderate,shallow_perimeter_drain_and_gutter_discharge_to_safe_field_edge,geotechnical_and_structural_review_required,validated_construction_commencement,0cf6c97286f62dc86414ae7aedb026a69faec4fb92a1b5dd85fd4fbb42273078
019ff0b1-9e50-77e9-bed7-a3118238e874,NCH-000041-4,agricultural_plateau,agricultural_plateau|central_plateau,450,firm_clay_loam|well_drained_field_edge|compacted_gravelly_soil,seasonally_waterlogged_depression|active_stream_channel|uncompacted_organic_soil,7,275,low,moderate,shallow_perimeter_drain_and_gutter_discharge_to_safe_field_edge,geotechnical_and_structural_review_required,validated_construction_commencement,0cf6c97286f62dc86414ae7aedb026a69faec4fb92a1b5dd85fd4fbb42273078
019ff0b1-9e52-7b4a-b013-494c8b265885,NCH-000042-2,agricultural_plateau,agricultural_plateau|central_plateau,540,firm_clay_loam|well_drained_field_edge|compacted_gravelly_soil,seasonally_waterlogged_depression|active_stream_channel|uncompacted_organic_soil,7,275,low,moderate,shallow_perimeter_drain_and_gutter_discharge_to_safe_field_edge,geotechnical_and_structural_review_required,validated_construction_commencement,0cf6c97286f62dc86414ae7aedb026a69faec4fb92a1b5dd85fd4fbb42273078
019ff0b1-9e54-7092-a4c5-964c57d7231e,NCH-000043-0,agricultural_plateau,agricultural_plateau|central_plateau,350,firm_clay_loam|well_drained_field_edge|compacted_gravelly_soil,seasonally_waterlogged_depression|active_stream_channel|uncompacted_organic_soil,7,275,low,moderate,shallow_perimeter_drain_and_gutter_discharge_to_safe_field_edge,geotechnical_and_structural_review_required,validated_construction_commencement,0cf6c97286f62dc86414ae7aedb026a69faec4fb92a1b5dd85fd4fbb42273078
019ff0b1-9e56-7d80-96ff-95280be1d6da,NCH-000044-8,agricultural_plateau,agricultural_plateau|central_plateau,700,firm_clay_loam|well_drained_field_edge|compacted_gravelly_soil,seasonally_waterlogged_depression|active_stream_channel|uncompacted_organic_soil,7,300,low,moderate,shallow_perimeter_drain_and_gutter_discharge_to_safe_field_edge,geotechnical_and_structural_review_required,validated_construction_commencement,0cf6c97286f62dc86414ae7aedb026a69faec4fb92a1b5dd85fd4fbb42273078
019ff0b1-9e58-7a32-b2aa-89a514a855ac,NCH-000045-5,agricultural_plateau,agricultural_plateau|central_plateau,560,firm_clay_loam|well_drained_field_edge|compacted_gravelly_soil,seasonally_waterlogged_depression|active_stream_channel|uncompacted_organic_soil,7,300,low,moderate,shallow_perimeter_drain_and_gutter_discharge_to_safe_field_edge,geotechnical_and_structural_review_required,validated_construction_commencement,0cf6c97286f62dc86414ae7aedb026a69faec4fb92a1b5dd85fd4fbb42273078
019ff0b1-9e5a-798c-8f07-24c2cb10652a,NCH-000046-3,lake_and_wetland_basin,lake_and_wetland_basin|gulf_estuary_and_industrial_coast,80,seasonally_saturated_soil|shallow_soft_mud|assessed_floodplain_above_active_channel,unassessed_deep_peat|active_scour_channel|unstable_eroding_bank,4,900,high,moderate,raised_floor_with_open_flow_path_and_directed_roof_runoff,mandatory_geotechnical_hydrology_and_structural_review,validated_construction_commencement,0cf6c97286f62dc86414ae7aedb026a69faec4fb92a1b5dd85fd4fbb42273078
019ff0b1-9e5c-7f42-aee4-ccb783e3ea3a,NCH-000047-1,lake_and_wetland_basin,lake_and_wetland_basin|gulf_estuary_and_industrial_coast,110,seasonally_saturated_soil|shallow_soft_mud|assessed_floodplain_above_active_channel,unassessed_deep_peat|active_scour_channel|unstable_eroding_bank,4,900,high,moderate,raised_floor_with_open_flow_path_and_directed_roof_runoff,mandatory_geotechnical_hydrology_and_structural_review,validated_construction_commencement,0cf6c97286f62dc86414ae7aedb026a69faec4fb92a1b5dd85fd4fbb42273078
019ff0b1-9e5e-78f8-b9b8-81375aa0237e,NCH-000048-9,lake_and_wetland_basin,lake_and_wetland_basin|gulf_estuary_and_industrial_coast,140,seasonally_saturated_soil|shallow_soft_mud|assessed_floodplain_above_active_channel,unassessed_deep_peat|active_scour_channel|unstable_eroding_bank,4,1100,high,moderate,raised_floor_with_open_flow_path_and_directed_roof_runoff,mandatory_geotechnical_hydrology_and_structural_review,validated_construction_commencement,0cf6c97286f62dc86414ae7aedb026a69faec4fb92a1b5dd85fd4fbb42273078
019ff0b1-9e60-7e7c-a285-ee24ecf4b63a,NCH-000049-7,lake_and_wetland_basin,lake_and_wetland_basin|gulf_estuary_and_industrial_coast,190,seasonally_saturated_soil|shallow_soft_mud|assessed_floodplain_above_active_channel,unassessed_deep_peat|active_scour_channel|unstable_eroding_bank,4,1100,high,moderate,raised_floor_with_open_flow_path_and_directed_roof_runoff,mandatory_geotechnical_hydrology_and_structural_review,validated_construction_commencement,0cf6c97286f62dc86414ae7aedb026a69faec4fb92a1b5dd85fd4fbb42273078
019ff0b1-9e62-7da5-afe9-436a53424926,NCH-000050-5,lake_and_wetland_basin,lake_and_wetland_basin|gulf_estuary_and_industrial_coast,230,seasonally_saturated_soil|shallow_soft_mud|assessed_floodplain_above_active_channel,unassessed_deep_peat|active_scour_channel|unstable_eroding_bank,4,1100,high,moderate,raised_floor_with_open_flow_path_and_directed_roof_runoff,mandatory_geotechnical_hydrology_and_structural_review,validated_construction_commencement,0cf6c97286f62dc86414ae7aedb026a69faec4fb92a1b5dd85fd4fbb42273078
019ff0b1-9e64-79d6-b815-754a2375d1e2,NCH-000051-3,lake_and_wetland_basin,lake_and_wetland_basin|gulf_estuary_and_industrial_coast,285,seasonally_saturated_soil|shallow_soft_mud|assessed_floodplain_above_active_channel,unassessed_deep_peat|active_scour_channel|unstable_eroding_bank,4,1300,high,moderate,raised_floor_with_open_flow_path_and_directed_roof_runoff,mandatory_geotechnical_hydrology_and_structural_review,validated_construction_commencement,0cf6c97286f62dc86414ae7aedb026a69faec4fb92a1b5dd85fd4fbb42273078
019ff0b1-9e66-75fc-974b-2ad7da6a662b,NCH-000052-1,lake_and_wetland_basin,lake_and_wetland_basin|gulf_estuary_and_industrial_coast,315,seasonally_saturated_soil|shallow_soft_mud|assessed_floodplain_above_active_channel,unassessed_deep_peat|active_scour_channel|unstable_eroding_bank,4,1300,high,moderate,raised_floor_with_open_flow_path_and_directed_roof_runoff,mandatory_geotechnical_hydrology_and_structural_review,validated_construction_commencement,0cf6c97286f62dc86414ae7aedb026a69faec4fb92a1b5dd85fd4fbb42273078
019ff0b1-9e68-7ba5-9d94-4aeaf2d5068f,NCH-000053-9,lake_and_wetland_basin,lake_and_wetland_basin|gulf_estuary_and_industrial_coast,350,seasonally_saturated_soil|shallow_soft_mud|assessed_floodplain_above_active_channel,unassessed_deep_peat|active_scour_channel|unstable_eroding_bank,4,1300,high,moderate,raised_floor_with_open_flow_path_and_directed_roof_runoff,mandatory_geotechnical_hydrology_and_structural_review,validated_construction_commencement,0cf6c97286f62dc86414ae7aedb026a69faec4fb92a1b5dd85fd4fbb42273078
019ff0b1-9e6a-7988-b9d5-ab0460d01d1d,NCH-000054-7,lake_and_wetland_basin,lake_and_wetland_basin|gulf_estuary_and_industrial_coast,420,seasonally_saturated_soil|shallow_soft_mud|assessed_floodplain_above_active_channel,unassessed_deep_peat|active_scour_channel|unstable_eroding_bank,4,1300,high,moderate,raised_floor_with_open_flow_path_and_directed_roof_runoff,mandatory_geotechnical_hydrology_and_structural_review,validated_construction_commencement,0cf6c97286f62dc86414ae7aedb026a69faec4fb92a1b5dd85fd4fbb42273078
019ff0b1-9e6c-7242-99f9-d28452822233,NCH-000055-4,lake_and_wetland_basin,lake_and_wetland_basin|gulf_estuary_and_industrial_coast,470,seasonally_saturated_soil|shallow_soft_mud|assessed_floodplain_above_active_channel,unassessed_deep_peat|active_scour_channel|unstable_eroding_bank,3,1500,high,moderate,raised_floor_with_open_flow_path_and_directed_roof_runoff,mandatory_geotechnical_hydrology_and_structural_review,validated_construction_commencement,0cf6c97286f62dc86414ae7aedb026a69faec4fb92a1b5dd85fd4fbb42273078
019ff0b1-9e6e-7455-a818-9e6ee0442178,NCH-000056-2,lake_and_wetland_basin,lake_and_wetland_basin|gulf_estuary_and_industrial_coast,450,seasonally_saturated_soil|shallow_soft_mud|assessed_floodplain_above_active_channel,unassessed_deep_peat|active_scour_channel|unstable_eroding_bank,3,1500,high,moderate,raised_floor_with_open_flow_path_and_directed_roof_runoff,mandatory_geotechnical_hydrology_and_structural_review,validated_construction_commencement,0cf6c97286f62dc86414ae7aedb026a69faec4fb92a1b5dd85fd4fbb42273078
019ff0b1-9e70-7b4f-9823-51857772b9fc,NCH-000057-0,lake_and_wetland_basin,lake_and_wetland_basin|gulf_estuary_and_industrial_coast,540,seasonally_saturated_soil|shallow_soft_mud|assessed_floodplain_above_active_channel,unassessed_deep_peat|active_scour_channel|unstable_eroding_bank,3,1500,high,moderate,raised_floor_with_open_flow_path_and_directed_roof_runoff,mandatory_geotechnical_hydrology_and_structural_review,validated_construction_commencement,0cf6c97286f62dc86414ae7aedb026a69faec4fb92a1b5dd85fd4fbb42273078
019ff0b1-9e72-73e6-b3ef-5f2f6c6d82d4,NCH-000058-8,lake_and_wetland_basin,lake_and_wetland_basin|gulf_estuary_and_industrial_coast,350,seasonally_saturated_soil|shallow_soft_mud|assessed_floodplain_above_active_channel,unassessed_deep_peat|active_scour_channel|unstable_eroding_bank,3,1500,high,moderate,raised_floor_with_open_flow_path_and_directed_roof_runoff,mandatory_geotechnical_hydrology_and_structural_review,validated_construction_commencement,0cf6c97286f62dc86414ae7aedb026a69faec4fb92a1b5dd85fd4fbb42273078
019ff0b1-9e74-7dcd-8cbb-4a3a59e55024,NCH-000059-6,lake_and_wetland_basin,lake_and_wetland_basin|gulf_estuary_and_industrial_coast,700,seasonally_saturated_soil|shallow_soft_mud|assessed_floodplain_above_active_channel,unassessed_deep_peat|active_scour_channel|unstable_eroding_bank,3,1700,high,moderate,raised_floor_with_open_flow_path_and_directed_roof_runoff,mandatory_geotechnical_hydrology_and_structural_review,validated_construction_commencement,0cf6c97286f62dc86414ae7aedb026a69faec4fb92a1b5dd85fd4fbb42273078
019ff0b1-9e76-769c-a62d-d9d81000b5e5,NCH-000060-4,lake_and_wetland_basin,lake_and_wetland_basin|gulf_estuary_and_industrial_coast,560,seasonally_saturated_soil|shallow_soft_mud|assessed_floodplain_above_active_channel,unassessed_deep_peat|active_scour_channel|unstable_eroding_bank,3,1700,high,moderate,raised_floor_with_open_flow_path_and_directed_roof_runoff,mandatory_geotechnical_hydrology_and_structural_review,validated_construction_commencement,0cf6c97286f62dc86414ae7aedb026a69faec4fb92a1b5dd85fd4fbb42273078
019ff0b1-9e78-7d98-9617-fff0e5b35dac,NCH-000061-2,rainforest_corridor,rainforest_corridor|eastern_coastal_plain,80,firm_wet_tropical_soil|well_drained_ridge_soil|assessed_forest_clearing,root_plate_instability|active_landslip|permanently_saturated_unassessed_soil,12,450,moderate,moderate,deep_eaves_gutters_and_raised_plinth_with_perimeter_drain,community_site_check_and_basic_safety_review_required,validated_construction_commencement,0cf6c97286f62dc86414ae7aedb026a69faec4fb92a1b5dd85fd4fbb42273078
019ff0b1-9e7a-7ee5-a56e-61d3a0b854c6,NCH-000062-0,rainforest_corridor,rainforest_corridor|eastern_coastal_plain,110,firm_wet_tropical_soil|well_drained_ridge_soil|assessed_forest_clearing,root_plate_instability|active_landslip|permanently_saturated_unassessed_soil,12,450,moderate,moderate,deep_eaves_gutters_and_raised_plinth_with_perimeter_drain,community_site_check_and_basic_safety_review_required,validated_construction_commencement,0cf6c97286f62dc86414ae7aedb026a69faec4fb92a1b5dd85fd4fbb42273078
019ff0b1-9e7c-7e33-ad6b-2803f97d8a3a,NCH-000063-8,rainforest_corridor,rainforest_corridor|eastern_coastal_plain,140,firm_wet_tropical_soil|well_drained_ridge_soil|assessed_forest_clearing,root_plate_instability|active_landslip|permanently_saturated_unassessed_soil,12,525,moderate,moderate,deep_eaves_gutters_and_raised_plinth_with_perimeter_drain,community_site_check_and_basic_safety_review_required,validated_construction_commencement,0cf6c97286f62dc86414ae7aedb026a69faec4fb92a1b5dd85fd4fbb42273078
019ff0b1-9e7e-742a-bbd5-d404deffafbe,NCH-000064-6,rainforest_corridor,rainforest_corridor|eastern_coastal_plain,190,firm_wet_tropical_soil|well_drained_ridge_soil|assessed_forest_clearing,root_plate_instability|active_landslip|permanently_saturated_unassessed_soil,12,525,moderate,moderate,deep_eaves_gutters_and_raised_plinth_with_perimeter_drain,community_site_check_and_basic_safety_review_required,validated_construction_commencement,0cf6c97286f62dc86414ae7aedb026a69faec4fb92a1b5dd85fd4fbb42273078
019ff0b1-9e80-7cec-a97d-393396813c79,NCH-000065-3,rainforest_corridor,rainforest_corridor|eastern_coastal_plain,230,firm_wet_tropical_soil|well_drained_ridge_soil|assessed_forest_clearing,root_plate_instability|active_landslip|permanently_saturated_unassessed_soil,12,525,moderate,moderate,deep_eaves_gutters_and_raised_plinth_with_perimeter_drain,community_site_check_and_basic_safety_review_required,validated_construction_commencement,0cf6c97286f62dc86414ae7aedb026a69faec4fb92a1b5dd85fd4fbb42273078
019ff0b1-9e82-7cf0-9d1f-00cc22fcb5e6,NCH-000066-1,rainforest_corridor,rainforest_corridor|eastern_coastal_plain,285,firm_wet_tropical_soil|well_drained_ridge_soil|assessed_forest_clearing,root_plate_instability|active_landslip|permanently_saturated_unassessed_soil,12,600,moderate,moderate,deep_eaves_gutters_and_raised_plinth_with_perimeter_drain,trained_site_assessor_and_foundation_check_required,validated_construction_commencement,0cf6c97286f62dc86414ae7aedb026a69faec4fb92a1b5dd85fd4fbb42273078
019ff0b1-9e84-7eee-a953-8527583bac74,NCH-000067-9,rainforest_corridor,rainforest_corridor|eastern_coastal_plain,315,firm_wet_tropical_soil|well_drained_ridge_soil|assessed_forest_clearing,root_plate_instability|active_landslip|permanently_saturated_unassessed_soil,12,600,moderate,moderate,deep_eaves_gutters_and_raised_plinth_with_perimeter_drain,trained_site_assessor_and_foundation_check_required,validated_construction_commencement,0cf6c97286f62dc86414ae7aedb026a69faec4fb92a1b5dd85fd4fbb42273078
019ff0b1-9e86-7db2-a8c1-cef5357be9b0,NCH-000068-7,rainforest_corridor,rainforest_corridor|eastern_coastal_plain,350,firm_wet_tropical_soil|well_drained_ridge_soil|assessed_forest_clearing,root_plate_instability|active_landslip|permanently_saturated_unassessed_soil,12,600,moderate,moderate,deep_eaves_gutters_and_raised_plinth_with_perimeter_drain,trained_site_assessor_and_foundation_check_required,validated_construction_commencement,0cf6c97286f62dc86414ae7aedb026a69faec4fb92a1b5dd85fd4fbb42273078
019ff0b1-9e88-79b1-85d5-6cb4ff4c719e,NCH-000069-5,rainforest_corridor,rainforest_corridor|eastern_coastal_plain,420,firm_wet_tropical_soil|well_drained_ridge_soil|assessed_forest_clearing,root_plate_instability|active_landslip|permanently_saturated_unassessed_soil,12,600,moderate,moderate,deep_eaves_gutters_and_raised_plinth_with_perimeter_drain,trained_site_assessor_and_foundation_check_required,validated_construction_commencement,0cf6c97286f62dc86414ae7aedb026a69faec4fb92a1b5dd85fd4fbb42273078
019ff0b1-9e8a-7a7d-8570-0954ce97eed2,NCH-000070-3,rainforest_corridor,rainforest_corridor|eastern_coastal_plain,470,firm_wet_tropical_soil|well_drained_ridge_soil|assessed_forest_clearing,root_plate_instability|active_landslip|permanently_saturated_unassessed_soil,10,675,moderate,moderate,deep_eaves_gutters_and_raised_plinth_with_perimeter_drain,geotechnical_and_structural_review_required,validated_construction_commencement,0cf6c97286f62dc86414ae7aedb026a69faec4fb92a1b5dd85fd4fbb42273078
019ff0b1-9e8c-785c-a58a-82610122145f,NCH-000071-1,rainforest_corridor,rainforest_corridor|eastern_coastal_plain,450,firm_wet_tropical_soil|well_drained_ridge_soil|assessed_forest_clearing,root_plate_instability|active_landslip|permanently_saturated_unassessed_soil,10,675,moderate,moderate,deep_eaves_gutters_and_raised_plinth_with_perimeter_drain,geotechnical_and_structural_review_required,validated_construction_commencement,0cf6c97286f62dc86414ae7aedb026a69faec4fb92a1b5dd85fd4fbb42273078
019ff0b1-9e8e-74d0-8d9d-92850424b657,NCH-000072-9,rainforest_corridor,rainforest_corridor|eastern_coastal_plain,540,firm_wet_tropical_soil|well_drained_ridge_soil|assessed_forest_clearing,root_plate_instability|active_landslip|permanently_saturated_unassessed_soil,10,675,moderate,moderate,deep_eaves_gutters_and_raised_plinth_with_perimeter_drain,geotechnical_and_structural_review_required,validated_construction_commencement,0cf6c97286f62dc86414ae7aedb026a69faec4fb92a1b5dd85fd4fbb42273078
019ff0b1-9e90-7d55-b327-325777473599,NCH-000073-7,rainforest_corridor,rainforest_corridor|eastern_coastal_plain,350,firm_wet_tropical_soil|well_drained_ridge_soil|assessed_forest_clearing,root_plate_instability|active_landslip|permanently_saturated_unassessed_soil,10,675,moderate,moderate,deep_eaves_gutters_and_raised_plinth_with_perimeter_drain,geotechnical_and_structural_review_required,validated_construction_commencement,0cf6c97286f62dc86414ae7aedb026a69faec4fb92a1b5dd85fd4fbb42273078
019ff0b1-9e92-736e-85a7-35b1992a35a8,NCH-000074-5,rainforest_corridor,rainforest_corridor|eastern_coastal_plain,700,firm_wet_tropical_soil|well_drained_ridge_soil|assessed_forest_clearing,root_plate_instability|active_landslip|permanently_saturated_unassessed_soil,10,750,moderate,moderate,deep_eaves_gutters_and_raised_plinth_with_perimeter_drain,geotechnical_and_structural_review_required,validated_construction_commencement,0cf6c97286f62dc86414ae7aedb026a69faec4fb92a1b5dd85fd4fbb42273078
019ff0b1-9e94-7491-a517-9f596ec9c366,NCH-000075-2,rainforest_corridor,rainforest_corridor|eastern_coastal_plain,560,firm_wet_tropical_soil|well_drained_ridge_soil|assessed_forest_clearing,root_plate_instability|active_landslip|permanently_saturated_unassessed_soil,10,750,moderate,moderate,deep_eaves_gutters_and_raised_plinth_with_perimeter_drain,geotechnical_and_structural_review_required,validated_construction_commencement,0cf6c97286f62dc86414ae7aedb026a69faec4fb92a1b5dd85fd4fbb42273078
019ff0b1-9e96-7535-a3ba-04f221ecbdc8,NCH-000076-0,semi_arid_savanna,semi_arid_savanna|central_plateau,80,firm_dry_soil|compacted_sandy_gravel|stable_calcrete,active_dune_face|flash_flood_channel|collapsible_unassessed_soil,8,180,flash_flood_aware,high,raised_plinth_and_diversion_swale_clear_of_flash_flood_paths,community_site_check_and_basic_safety_review_required,validated_construction_commencement,0cf6c97286f62dc86414ae7aedb026a69faec4fb92a1b5dd85fd4fbb42273078
019ff0b1-9e98-7e67-904a-23761206e5a8,NCH-000077-8,semi_arid_savanna,semi_arid_savanna|central_plateau,110,firm_dry_soil|compacted_sandy_gravel|stable_calcrete,active_dune_face|flash_flood_channel|collapsible_unassessed_soil,8,180,flash_flood_aware,high,raised_plinth_and_diversion_swale_clear_of_flash_flood_paths,community_site_check_and_basic_safety_review_required,validated_construction_commencement,0cf6c97286f62dc86414ae7aedb026a69faec4fb92a1b5dd85fd4fbb42273078
019ff0b1-9e9a-7566-a7c7-f2169a576feb,NCH-000078-6,semi_arid_savanna,semi_arid_savanna|central_plateau,140,firm_dry_soil|compacted_sandy_gravel|stable_calcrete,active_dune_face|flash_flood_channel|collapsible_unassessed_soil,8,205,flash_flood_aware,high,raised_plinth_and_diversion_swale_clear_of_flash_flood_paths,community_site_check_and_basic_safety_review_required,validated_construction_commencement,0cf6c97286f62dc86414ae7aedb026a69faec4fb92a1b5dd85fd4fbb42273078
019ff0b1-9e9c-7227-8318-5ff1c9aa1647,NCH-000079-4,semi_arid_savanna,semi_arid_savanna|central_plateau,190,firm_dry_soil|compacted_sandy_gravel|stable_calcrete,active_dune_face|flash_flood_channel|collapsible_unassessed_soil,8,205,flash_flood_aware,high,raised_plinth_and_diversion_swale_clear_of_flash_flood_paths,community_site_check_and_basic_safety_review_required,validated_construction_commencement,0cf6c97286f62dc86414ae7aedb026a69faec4fb92a1b5dd85fd4fbb42273078
019ff0b1-9e9e-7515-aacd-6008b2f24d0a,NCH-000080-2,semi_arid_savanna,semi_arid_savanna|central_plateau,230,firm_dry_soil|compacted_sandy_gravel|stable_calcrete,active_dune_face|flash_flood_channel|collapsible_unassessed_soil,8,205,flash_flood_aware,high,raised_plinth_and_diversion_swale_clear_of_flash_flood_paths,community_site_check_and_basic_safety_review_required,validated_construction_commencement,0cf6c97286f62dc86414ae7aedb026a69faec4fb92a1b5dd85fd4fbb42273078
019ff0b1-9ea0-7141-a2ff-db631fa5ddc9,NCH-000081-0,semi_arid_savanna,semi_arid_savanna|central_plateau,285,firm_dry_soil|compacted_sandy_gravel|stable_calcrete,active_dune_face|flash_flood_channel|collapsible_unassessed_soil,8,230,flash_flood_aware,high,raised_plinth_and_diversion_swale_clear_of_flash_flood_paths,trained_site_assessor_and_foundation_check_required,validated_construction_commencement,0cf6c97286f62dc86414ae7aedb026a69faec4fb92a1b5dd85fd4fbb42273078
019ff0b1-9ea2-7163-9572-9754f099b8ad,NCH-000082-8,semi_arid_savanna,semi_arid_savanna|central_plateau,315,firm_dry_soil|compacted_sandy_gravel|stable_calcrete,active_dune_face|flash_flood_channel|collapsible_unassessed_soil,8,230,flash_flood_aware,high,raised_plinth_and_diversion_swale_clear_of_flash_flood_paths,trained_site_assessor_and_foundation_check_required,validated_construction_commencement,0cf6c97286f62dc86414ae7aedb026a69faec4fb92a1b5dd85fd4fbb42273078
019ff0b1-9ea4-7736-a607-0805c22748fd,NCH-000083-6,semi_arid_savanna,semi_arid_savanna|central_plateau,350,firm_dry_soil|compacted_sandy_gravel|stable_calcrete,active_dune_face|flash_flood_channel|collapsible_unassessed_soil,8,230,flash_flood_aware,high,raised_plinth_and_diversion_swale_clear_of_flash_flood_paths,trained_site_assessor_and_foundation_check_required,validated_construction_commencement,0cf6c97286f62dc86414ae7aedb026a69faec4fb92a1b5dd85fd4fbb42273078
019ff0b1-9ea6-7d7d-930e-1d4b60d18281,NCH-000084-4,semi_arid_savanna,semi_arid_savanna|central_plateau,420,firm_dry_soil|compacted_sandy_gravel|stable_calcrete,active_dune_face|flash_flood_channel|collapsible_unassessed_soil,8,230,flash_flood_aware,high,raised_plinth_and_diversion_swale_clear_of_flash_flood_paths,trained_site_assessor_and_foundation_check_required,validated_construction_commencement,0cf6c97286f62dc86414ae7aedb026a69faec4fb92a1b5dd85fd4fbb42273078
019ff0b1-9ea8-7044-96b5-024399ce7e49,NCH-000085-1,semi_arid_savanna,semi_arid_savanna|central_plateau,470,firm_dry_soil|compacted_sandy_gravel|stable_calcrete,active_dune_face|flash_flood_channel|collapsible_unassessed_soil,6,255,flash_flood_aware,high,raised_plinth_and_diversion_swale_clear_of_flash_flood_paths,geotechnical_and_structural_review_required,validated_construction_commencement,0cf6c97286f62dc86414ae7aedb026a69faec4fb92a1b5dd85fd4fbb42273078
019ff0b1-9eaa-7e58-bc2d-75360d82ef48,NCH-000086-9,semi_arid_savanna,semi_arid_savanna|central_plateau,450,firm_dry_soil|compacted_sandy_gravel|stable_calcrete,active_dune_face|flash_flood_channel|collapsible_unassessed_soil,6,255,flash_flood_aware,high,raised_plinth_and_diversion_swale_clear_of_flash_flood_paths,geotechnical_and_structural_review_required,validated_construction_commencement,0cf6c97286f62dc86414ae7aedb026a69faec4fb92a1b5dd85fd4fbb42273078
019ff0b1-9eac-7722-96b7-3017ae239540,NCH-000087-7,semi_arid_savanna,semi_arid_savanna|central_plateau,540,firm_dry_soil|compacted_sandy_gravel|stable_calcrete,active_dune_face|flash_flood_channel|collapsible_unassessed_soil,6,255,flash_flood_aware,high,raised_plinth_and_diversion_swale_clear_of_flash_flood_paths,geotechnical_and_structural_review_required,validated_construction_commencement,0cf6c97286f62dc86414ae7aedb026a69faec4fb92a1b5dd85fd4fbb42273078
019ff0b1-9eae-70c1-ab47-e51646f5686b,NCH-000088-5,semi_arid_savanna,semi_arid_savanna|central_plateau,350,firm_dry_soil|compacted_sandy_gravel|stable_calcrete,active_dune_face|flash_flood_channel|collapsible_unassessed_soil,6,255,flash_flood_aware,high,raised_plinth_and_diversion_swale_clear_of_flash_flood_paths,geotechnical_and_structural_review_required,validated_construction_commencement,0cf6c97286f62dc86414ae7aedb026a69faec4fb92a1b5dd85fd4fbb42273078
019ff0b1-9eb0-73bf-83c9-a8f16e7b47bc,NCH-000089-3,semi_arid_savanna,semi_arid_savanna|central_plateau,700,firm_dry_soil|compacted_sandy_gravel|stable_calcrete,active_dune_face|flash_flood_channel|collapsible_unassessed_soil,6,280,flash_flood_aware,high,raised_plinth_and_diversion_swale_clear_of_flash_flood_paths,geotechnical_and_structural_review_required,validated_construction_commencement,0cf6c97286f62dc86414ae7aedb026a69faec4fb92a1b5dd85fd4fbb42273078
019ff0b1-9eb2-7670-afcf-97d9abe6ab88,NCH-000090-1,semi_arid_savanna,semi_arid_savanna|central_plateau,560,firm_dry_soil|compacted_sandy_gravel|stable_calcrete,active_dune_face|flash_flood_channel|collapsible_unassessed_soil,6,280,flash_flood_aware,high,raised_plinth_and_diversion_swale_clear_of_flash_flood_paths,geotechnical_and_structural_review_required,validated_construction_commencement,0cf6c97286f62dc86414ae7aedb026a69faec4fb92a1b5dd85fd4fbb42273078
019ff0b1-9eb4-7186-b4a8-c7850c9b9a86,NCH-000091-9,eastern_coastal_plain,eastern_coastal_plain|gulf_estuary_and_industrial_coast,80,firm_coastal_sand_above_erosion_setback|stable_limestone_soil|well_drained_coastal_plain,active_beach_erosion_zone|unassessed_loose_dune|tidal_inundation_zone,7,350,moderate,high,raised_plinth_gutters_and_outfall_away_from_foundation,community_site_check_and_basic_safety_review_required,validated_construction_commencement,0cf6c97286f62dc86414ae7aedb026a69faec4fb92a1b5dd85fd4fbb42273078
019ff0b1-9eb6-7d10-9308-207c3d2fe2f2,NCH-000092-7,eastern_coastal_plain,eastern_coastal_plain|gulf_estuary_and_industrial_coast,110,firm_coastal_sand_above_erosion_setback|stable_limestone_soil|well_drained_coastal_plain,active_beach_erosion_zone|unassessed_loose_dune|tidal_inundation_zone,7,350,moderate,high,raised_plinth_gutters_and_outfall_away_from_foundation,community_site_check_and_basic_safety_review_required,validated_construction_commencement,0cf6c97286f62dc86414ae7aedb026a69faec4fb92a1b5dd85fd4fbb42273078
019ff0b1-9eb8-7c44-961c-ac8391e99054,NCH-000093-5,eastern_coastal_plain,eastern_coastal_plain|gulf_estuary_and_industrial_coast,140,firm_coastal_sand_above_erosion_setback|stable_limestone_soil|well_drained_coastal_plain,active_beach_erosion_zone|unassessed_loose_dune|tidal_inundation_zone,7,375,moderate,high,raised_plinth_gutters_and_outfall_away_from_foundation,community_site_check_and_basic_safety_review_required,validated_construction_commencement,0cf6c97286f62dc86414ae7aedb026a69faec4fb92a1b5dd85fd4fbb42273078
019ff0b1-9eba-7863-803c-0dd1c46d7f0e,NCH-000094-3,eastern_coastal_plain,eastern_coastal_plain|gulf_estuary_and_industrial_coast,190,firm_coastal_sand_above_erosion_setback|stable_limestone_soil|well_drained_coastal_plain,active_beach_erosion_zone|unassessed_loose_dune|tidal_inundation_zone,7,375,moderate,high,raised_plinth_gutters_and_outfall_away_from_foundation,community_site_check_and_basic_safety_review_required,validated_construction_commencement,0cf6c97286f62dc86414ae7aedb026a69faec4fb92a1b5dd85fd4fbb42273078
019ff0b1-9ebc-7cd4-ba4d-c7e68986b8dc,NCH-000095-0,eastern_coastal_plain,eastern_coastal_plain|gulf_estuary_and_industrial_coast,230,firm_coastal_sand_above_erosion_setback|stable_limestone_soil|well_drained_coastal_plain,active_beach_erosion_zone|unassessed_loose_dune|tidal_inundation_zone,7,375,moderate,high,raised_plinth_gutters_and_outfall_away_from_foundation,community_site_check_and_basic_safety_review_required,validated_construction_commencement,0cf6c97286f62dc86414ae7aedb026a69faec4fb92a1b5dd85fd4fbb42273078
019ff0b1-9ebe-7030-aa5b-33e8b9f69288,NCH-000096-8,eastern_coastal_plain,eastern_coastal_plain|gulf_estuary_and_industrial_coast,285,firm_coastal_sand_above_erosion_setback|stable_limestone_soil|well_drained_coastal_plain,active_beach_erosion_zone|unassessed_loose_dune|tidal_inundation_zone,7,400,moderate,high,raised_plinth_gutters_and_outfall_away_from_foundation,trained_site_assessor_and_foundation_check_required,validated_construction_commencement,0cf6c97286f62dc86414ae7aedb026a69faec4fb92a1b5dd85fd4fbb42273078
019ff0b1-9ec0-7f85-b7d9-24efe1b4fd01,NCH-000097-6,eastern_coastal_plain,eastern_coastal_plain|gulf_estuary_and_industrial_coast,315,firm_coastal_sand_above_erosion_setback|stable_limestone_soil|well_drained_coastal_plain,active_beach_erosion_zone|unassessed_loose_dune|tidal_inundation_zone,7,400,moderate,high,raised_plinth_gutters_and_outfall_away_from_foundation,trained_site_assessor_and_foundation_check_required,validated_construction_commencement,0cf6c97286f62dc86414ae7aedb026a69faec4fb92a1b5dd85fd4fbb42273078
019ff0b1-9ec2-7d4d-bf3f-8a6b3fbd57d0,NCH-000098-4,eastern_coastal_plain,eastern_coastal_plain|gulf_estuary_and_industrial_coast,350,firm_coastal_sand_above_erosion_setback|stable_limestone_soil|well_drained_coastal_plain,active_beach_erosion_zone|unassessed_loose_dune|tidal_inundation_zone,7,400,moderate,high,raised_plinth_gutters_and_outfall_away_from_foundation,trained_site_assessor_and_foundation_check_required,validated_construction_commencement,0cf6c97286f62dc86414ae7aedb026a69faec4fb92a1b5dd85fd4fbb42273078
019ff0b1-9ec4-7f84-bf44-e687d15ca712,NCH-000099-2,eastern_coastal_plain,eastern_coastal_plain|gulf_estuary_and_industrial_coast,420,firm_coastal_sand_above_erosion_setback|stable_limestone_soil|well_drained_coastal_plain,active_beach_erosion_zone|unassessed_loose_dune|tidal_inundation_zone,7,400,moderate,high,raised_plinth_gutters_and_outfall_away_from_foundation,trained_site_assessor_and_foundation_check_required,validated_construction_commencement,0cf6c97286f62dc86414ae7aedb026a69faec4fb92a1b5dd85fd4fbb42273078
019ff0b1-9ec6-7bf8-a3fc-eabae5f0f8da,NCH-000100-8,eastern_coastal_plain,eastern_coastal_plain|gulf_estuary_and_industrial_coast,470,firm_coastal_sand_above_erosion_setback|stable_limestone_soil|well_drained_coastal_plain,active_beach_erosion_zone|unassessed_loose_dune|tidal_inundation_zone,5,425,moderate,high,raised_plinth_gutters_and_outfall_away_from_foundation,geotechnical_and_structural_review_required,validated_construction_commencement,0cf6c97286f62dc86414ae7aedb026a69faec4fb92a1b5dd85fd4fbb42273078
019ff0b1-9ec8-7bc4-a2cc-b26311cd0567,NCH-000101-6,eastern_coastal_plain,eastern_coastal_plain|gulf_estuary_and_industrial_coast,450,firm_coastal_sand_above_erosion_setback|stable_limestone_soil|well_drained_coastal_plain,active_beach_erosion_zone|unassessed_loose_dune|tidal_inundation_zone,5,425,moderate,high,raised_plinth_gutters_and_outfall_away_from_foundation,geotechnical_and_structural_review_required,validated_construction_commencement,0cf6c97286f62dc86414ae7aedb026a69faec4fb92a1b5dd85fd4fbb42273078
019ff0b1-9eca-77c5-bef7-a5eac8c8d33d,NCH-000102-4,eastern_coastal_plain,eastern_coastal_plain|gulf_estuary_and_industrial_coast,540,firm_coastal_sand_above_erosion_setback|stable_limestone_soil|well_drained_coastal_plain,active_beach_erosion_zone|unassessed_loose_dune|tidal_inundation_zone,5,425,moderate,high,raised_plinth_gutters_and_outfall_away_from_foundation,geotechnical_and_structural_review_required,validated_construction_commencement,0cf6c97286f62dc86414ae7aedb026a69faec4fb92a1b5dd85fd4fbb42273078
019ff0b1-9ecc-74cd-b08a-0b234936facf,NCH-000103-2,eastern_coastal_plain,eastern_coastal_plain|gulf_estuary_and_industrial_coast,350,firm_coastal_sand_above_erosion_setback|stable_limestone_soil|well_drained_coastal_plain,active_beach_erosion_zone|unassessed_loose_dune|tidal_inundation_zone,5,425,moderate,high,raised_plinth_gutters_and_outfall_away_from_foundation,geotechnical_and_structural_review_required,validated_construction_commencement,0cf6c97286f62dc86414ae7aedb026a69faec4fb92a1b5dd85fd4fbb42273078
019ff0b1-9ece-77e7-8528-7c35c6e44fbb,NCH-000104-0,eastern_coastal_plain,eastern_coastal_plain|gulf_estuary_and_industrial_coast,700,firm_coastal_sand_above_erosion_setback|stable_limestone_soil|well_drained_coastal_plain,active_beach_erosion_zone|unassessed_loose_dune|tidal_inundation_zone,5,450,moderate,high,raised_plinth_gutters_and_outfall_away_from_foundation,geotechnical_and_structural_review_required,validated_construction_commencement,0cf6c97286f62dc86414ae7aedb026a69faec4fb92a1b5dd85fd4fbb42273078
019ff0b1-9ed0-7d9b-908b-96a2bb53dd8c,NCH-000105-7,eastern_coastal_plain,eastern_coastal_plain|gulf_estuary_and_industrial_coast,560,firm_coastal_sand_above_erosion_setback|stable_limestone_soil|well_drained_coastal_plain,active_beach_erosion_zone|unassessed_loose_dune|tidal_inundation_zone,5,450,moderate,high,raised_plinth_gutters_and_outfall_away_from_foundation,geotechnical_and_structural_review_required,validated_construction_commencement,0cf6c97286f62dc86414ae7aedb026a69faec4fb92a1b5dd85fd4fbb42273078
019ff0b1-9ed2-74f5-bee8-35aa6c00ad10,NCH-000106-5,gulf_estuary_and_industrial_coast,gulf_estuary_and_industrial_coast|lake_and_wetland_basin,80,assessed_estuary_silt|shallow_soft_mud|saline_ground_with_engineered_foundation,active_tidal_channel|unassessed_deep_mud|unstable_eroding_mangrove_edge,4,1000,high,high,elevated_open_flow_path_with_tidal_backflow_protection,mandatory_geotechnical_hydrology_and_structural_review,validated_construction_commencement,0cf6c97286f62dc86414ae7aedb026a69faec4fb92a1b5dd85fd4fbb42273078
019ff0b1-9ed4-7202-9994-0433bb220ab0,NCH-000107-3,gulf_estuary_and_industrial_coast,gulf_estuary_and_industrial_coast|lake_and_wetland_basin,110,assessed_estuary_silt|shallow_soft_mud|saline_ground_with_engineered_foundation,active_tidal_channel|unassessed_deep_mud|unstable_eroding_mangrove_edge,4,1000,high,high,elevated_open_flow_path_with_tidal_backflow_protection,mandatory_geotechnical_hydrology_and_structural_review,validated_construction_commencement,0cf6c97286f62dc86414ae7aedb026a69faec4fb92a1b5dd85fd4fbb42273078
019ff0b1-9ed6-723c-8f00-6d3e4da1dce4,NCH-000108-1,gulf_estuary_and_industrial_coast,gulf_estuary_and_industrial_coast|lake_and_wetland_basin,140,assessed_estuary_silt|shallow_soft_mud|saline_ground_with_engineered_foundation,active_tidal_channel|unassessed_deep_mud|unstable_eroding_mangrove_edge,4,1200,high,high,elevated_open_flow_path_with_tidal_backflow_protection,mandatory_geotechnical_hydrology_and_structural_review,validated_construction_commencement,0cf6c97286f62dc86414ae7aedb026a69faec4fb92a1b5dd85fd4fbb42273078
019ff0b1-9ed8-77b1-825e-33a9f917b4b5,NCH-000109-9,gulf_estuary_and_industrial_coast,gulf_estuary_and_industrial_coast|lake_and_wetland_basin,190,assessed_estuary_silt|shallow_soft_mud|saline_ground_with_engineered_foundation,active_tidal_channel|unassessed_deep_mud|unstable_eroding_mangrove_edge,4,1200,high,high,elevated_open_flow_path_with_tidal_backflow_protection,mandatory_geotechnical_hydrology_and_structural_review,validated_construction_commencement,0cf6c97286f62dc86414ae7aedb026a69faec4fb92a1b5dd85fd4fbb42273078
019ff0b1-9eda-7389-b356-c1a2087281cd,NCH-000110-7,gulf_estuary_and_industrial_coast,gulf_estuary_and_industrial_coast|lake_and_wetland_basin,230,assessed_estuary_silt|shallow_soft_mud|saline_ground_with_engineered_foundation,active_tidal_channel|unassessed_deep_mud|unstable_eroding_mangrove_edge,4,1200,high,high,elevated_open_flow_path_with_tidal_backflow_protection,mandatory_geotechnical_hydrology_and_structural_review,validated_construction_commencement,0cf6c97286f62dc86414ae7aedb026a69faec4fb92a1b5dd85fd4fbb42273078
019ff0b1-9edc-7666-a8c8-14f350793834,NCH-000111-5,gulf_estuary_and_industrial_coast,gulf_estuary_and_industrial_coast|lake_and_wetland_basin,285,assessed_estuary_silt|shallow_soft_mud|saline_ground_with_engineered_foundation,active_tidal_channel|unassessed_deep_mud|unstable_eroding_mangrove_edge,4,1400,high,high,elevated_open_flow_path_with_tidal_backflow_protection,mandatory_geotechnical_hydrology_and_structural_review,validated_construction_commencement,0cf6c97286f62dc86414ae7aedb026a69faec4fb92a1b5dd85fd4fbb42273078
019ff0b1-9ede-73c1-b225-26b552fedbf2,NCH-000112-3,gulf_estuary_and_industrial_coast,gulf_estuary_and_industrial_coast|lake_and_wetland_basin,315,assessed_estuary_silt|shallow_soft_mud|saline_ground_with_engineered_foundation,active_tidal_channel|unassessed_deep_mud|unstable_eroding_mangrove_edge,4,1400,high,high,elevated_open_flow_path_with_tidal_backflow_protection,mandatory_geotechnical_hydrology_and_structural_review,validated_construction_commencement,0cf6c97286f62dc86414ae7aedb026a69faec4fb92a1b5dd85fd4fbb42273078
019ff0b1-9ee0-7fe1-93c3-763bed94903a,NCH-000113-1,gulf_estuary_and_industrial_coast,gulf_estuary_and_industrial_coast|lake_and_wetland_basin,350,assessed_estuary_silt|shallow_soft_mud|saline_ground_with_engineered_foundation,active_tidal_channel|unassessed_deep_mud|unstable_eroding_mangrove_edge,4,1400,high,high,elevated_open_flow_path_with_tidal_backflow_protection,mandatory_geotechnical_hydrology_and_structural_review,validated_construction_commencement,0cf6c97286f62dc86414ae7aedb026a69faec4fb92a1b5dd85fd4fbb42273078
019ff0b1-9ee2-7aff-82d1-7dbe6fbc73b8,NCH-000114-9,gulf_estuary_and_industrial_coast,gulf_estuary_and_industrial_coast|lake_and_wetland_basin,420,assessed_estuary_silt|shallow_soft_mud|saline_ground_with_engineered_foundation,active_tidal_channel|unassessed_deep_mud|unstable_eroding_mangrove_edge,4,1400,high,high,elevated_open_flow_path_with_tidal_backflow_protection,mandatory_geotechnical_hydrology_and_structural_review,validated_construction_commencement,0cf6c97286f62dc86414ae7aedb026a69faec4fb92a1b5dd85fd4fbb42273078
019ff0b1-9ee4-7421-9df9-04a7065677f1,NCH-000115-6,gulf_estuary_and_industrial_coast,gulf_estuary_and_industrial_coast|lake_and_wetland_basin,470,assessed_estuary_silt|shallow_soft_mud|saline_ground_with_engineered_foundation,active_tidal_channel|unassessed_deep_mud|unstable_eroding_mangrove_edge,3,1600,high,high,elevated_open_flow_path_with_tidal_backflow_protection,mandatory_geotechnical_hydrology_and_structural_review,validated_construction_commencement,0cf6c97286f62dc86414ae7aedb026a69faec4fb92a1b5dd85fd4fbb42273078
019ff0b1-9ee6-72d0-9bae-c4d69ce758d3,NCH-000116-4,gulf_estuary_and_industrial_coast,gulf_estuary_and_industrial_coast|lake_and_wetland_basin,450,assessed_estuary_silt|shallow_soft_mud|saline_ground_with_engineered_foundation,active_tidal_channel|unassessed_deep_mud|unstable_eroding_mangrove_edge,3,1600,high,high,elevated_open_flow_path_with_tidal_backflow_protection,mandatory_geotechnical_hydrology_and_structural_review,validated_construction_commencement,0cf6c97286f62dc86414ae7aedb026a69faec4fb92a1b5dd85fd4fbb42273078
019ff0b1-9ee8-7d03-85ef-36dca4f37dec,NCH-000117-2,gulf_estuary_and_industrial_coast,gulf_estuary_and_industrial_coast|lake_and_wetland_basin,540,assessed_estuary_silt|shallow_soft_mud|saline_ground_with_engineered_foundation,active_tidal_channel|unassessed_deep_mud|unstable_eroding_mangrove_edge,3,1600,high,high,elevated_open_flow_path_with_tidal_backflow_protection,mandatory_geotechnical_hydrology_and_structural_review,validated_construction_commencement,0cf6c97286f62dc86414ae7aedb026a69faec4fb92a1b5dd85fd4fbb42273078
019ff0b1-9eea-72e9-ac6c-08cb32c38d4d,NCH-000118-0,gulf_estuary_and_industrial_coast,gulf_estuary_and_industrial_coast|lake_and_wetland_basin,350,assessed_estuary_silt|shallow_soft_mud|saline_ground_with_engineered_foundation,active_tidal_channel|unassessed_deep_mud|unstable_eroding_mangrove_edge,3,1600,high,high,elevated_open_flow_path_with_tidal_backflow_protection,mandatory_geotechnical_hydrology_and_structural_review,validated_construction_commencement,0cf6c97286f62dc86414ae7aedb026a69faec4fb92a1b5dd85fd4fbb42273078
019ff0b1-9eec-7493-8141-883438cd3805,NCH-000119-8,gulf_estuary_and_industrial_coast,gulf_estuary_and_industrial_coast|lake_and_wetland_basin,700,assessed_estuary_silt|shallow_soft_mud|saline_ground_with_engineered_foundation,active_tidal_channel|unassessed_deep_mud|unstable_eroding_mangrove_edge,3,1800,high,high,elevated_open_flow_path_with_tidal_backflow_protection,mandatory_geotechnical_hydrology_and_structural_review,validated_construction_commencement,0cf6c97286f62dc86414ae7aedb026a69faec4fb92a1b5dd85fd4fbb42273078
019ff0b1-9eee-7759-83a6-b0ce37287966,NCH-000120-6,gulf_estuary_and_industrial_coast,gulf_estuary_and_industrial_coast|lake_and_wetland_basin,560,assessed_estuary_silt|shallow_soft_mud|saline_ground_with_engineered_foundation,active_tidal_channel|unassessed_deep_mud|unstable_eroding_mangrove_edge,3,1800,high,high,elevated_open_flow_path_with_tidal_backflow_protection,mandatory_geotechnical_hydrology_and_structural_review,validated_construction_commencement,0cf6c97286f62dc86414ae7aedb026a69faec4fb92a1b5dd85fd4fbb42273078
