climate_observation_id,spatial_point_id,longitude,latitude,annual_rainfall_mm,mean_temperature_c,mean_wind_speed_mps,prevailing_wind_direction_deg,climate_class,baseline_period,qualification_status,source_dataset_id,source_dataset_version,source_path_reference,source_sha256,runtime_effect_scope
NG-CLIM-OBS-000001,NG-SPT-000001,35.14,-7.507467,559,25.6,4.8,38,DRY_SUBHUMID,governed_climatology_v001,QUALIFIED,dataset:novegeo:climate:baseline,1,data/novegeo/geography/climate/qualified/novegeo_climate_v001.json,46a56b00792ffd6deae46861201b12b8ca47b9dfeacae43619fb58ee0a9114ac,SHARED_REFERENCE
NG-CLIM-OBS-000002,NG-SPT-000005,36.82,-7.507467,562,25.4,4.8,43,DRY_SUBHUMID,governed_climatology_v001,QUALIFIED,dataset:novegeo:climate:baseline,1,data/novegeo/geography/climate/qualified/novegeo_climate_v001.json,46a56b00792ffd6deae46861201b12b8ca47b9dfeacae43619fb58ee0a9114ac,SHARED_REFERENCE
NG-CLIM-OBS-000003,NG-SPT-000009,38.5,-7.507467,564,25.3,5.2,48,DRY_SUBHUMID,governed_climatology_v001,QUALIFIED,dataset:novegeo:climate:baseline,1,data/novegeo/geography/climate/qualified/novegeo_climate_v001.json,46a56b00792ffd6deae46861201b12b8ca47b9dfeacae43619fb58ee0a9114ac,SHARED_REFERENCE
NG-CLIM-OBS-000004,NG-SPT-000013,34.72,-7.087467,564,25.4,4.8,39,DRY_SUBHUMID,governed_climatology_v001,QUALIFIED,dataset:novegeo:climate:baseline,1,data/novegeo/geography/climate/qualified/novegeo_climate_v001.json,46a56b00792ffd6deae46861201b12b8ca47b9dfeacae43619fb58ee0a9114ac,SHARED_REFERENCE
NG-CLIM-OBS-000005,NG-SPT-000017,36.4,-7.087467,570,25.1,4.7,44,DRY_SUBHUMID,governed_climatology_v001,QUALIFIED,dataset:novegeo:climate:baseline,1,data/novegeo/geography/climate/qualified/novegeo_climate_v001.json,46a56b00792ffd6deae46861201b12b8ca47b9dfeacae43619fb58ee0a9114ac,SHARED_REFERENCE
NG-CLIM-OBS-000006,NG-SPT-000021,38.08,-7.087467,575,24.8,5.1,49,DRY_SUBHUMID,governed_climatology_v001,QUALIFIED,dataset:novegeo:climate:baseline,1,data/novegeo/geography/climate/qualified/novegeo_climate_v001.json,46a56b00792ffd6deae46861201b12b8ca47b9dfeacae43619fb58ee0a9114ac,SHARED_REFERENCE
NG-CLIM-OBS-000007,NG-SPT-000025,39.76,-7.087467,572,25.0,5.4,54,DRY_SUBHUMID,governed_climatology_v001,QUALIFIED,dataset:novegeo:climate:baseline,1,data/novegeo/geography/climate/qualified/novegeo_climate_v001.json,46a56b00792ffd6deae46861201b12b8ca47b9dfeacae43619fb58ee0a9114ac,SHARED_REFERENCE
NG-CLIM-OBS-000008,NG-SPT-000029,33.04,-6.667467,563,25.6,5.1,36,DRY_SUBHUMID,governed_climatology_v001,QUALIFIED,dataset:novegeo:climate:baseline,1,data/novegeo/geography/climate/qualified/novegeo_climate_v001.json,46a56b00792ffd6deae46861201b12b8ca47b9dfeacae43619fb58ee0a9114ac,SHARED_REFERENCE
NG-CLIM-OBS-000009,NG-SPT-000033,34.72,-6.667467,573,25.2,4.8,41,DRY_SUBHUMID,governed_climatology_v001,QUALIFIED,dataset:novegeo:climate:baseline,1,data/novegeo/geography/climate/qualified/novegeo_climate_v001.json,46a56b00792ffd6deae46861201b12b8ca47b9dfeacae43619fb58ee0a9114ac,SHARED_REFERENCE
NG-CLIM-OBS-000010,NG-SPT-000037,36.4,-6.667467,583,24.7,4.6,46,DRY_SUBHUMID,governed_climatology_v001,QUALIFIED,dataset:novegeo:climate:baseline,1,data/novegeo/geography/climate/qualified/novegeo_climate_v001.json,46a56b00792ffd6deae46861201b12b8ca47b9dfeacae43619fb58ee0a9114ac,SHARED_REFERENCE
NG-CLIM-OBS-000011,NG-SPT-000041,38.08,-6.667467,592,24.1,5.1,51,DRY_SUBHUMID,governed_climatology_v001,QUALIFIED,dataset:novegeo:climate:baseline,1,data/novegeo/geography/climate/qualified/novegeo_climate_v001.json,46a56b00792ffd6deae46861201b12b8ca47b9dfeacae43619fb58ee0a9114ac,SHARED_REFERENCE
NG-CLIM-OBS-000012,NG-SPT-000045,39.76,-6.667467,586,24.4,5.4,56,DRY_SUBHUMID,governed_climatology_v001,QUALIFIED,dataset:novegeo:climate:baseline,1,data/novegeo/geography/climate/qualified/novegeo_climate_v001.json,46a56b00792ffd6deae46861201b12b8ca47b9dfeacae43619fb58ee0a9114ac,SHARED_REFERENCE
NG-CLIM-OBS-000013,NG-SPT-000049,31.78,-6.247467,564,25.6,5.3,34,DRY_SUBHUMID,governed_climatology_v001,QUALIFIED,dataset:novegeo:climate:baseline,1,data/novegeo/geography/climate/qualified/novegeo_climate_v001.json,46a56b00792ffd6deae46861201b12b8ca47b9dfeacae43619fb58ee0a9114ac,SHARED_REFERENCE
NG-CLIM-OBS-000014,NG-SPT-000053,33.46,-6.247467,573,25.3,5.0,39,DRY_SUBHUMID,governed_climatology_v001,QUALIFIED,dataset:novegeo:climate:baseline,1,data/novegeo/geography/climate/qualified/novegeo_climate_v001.json,46a56b00792ffd6deae46861201b12b8ca47b9dfeacae43619fb58ee0a9114ac,SHARED_REFERENCE
NG-CLIM-OBS-000015,NG-SPT-000057,35.14,-6.247467,590,24.6,4.7,44,DRY_SUBHUMID,governed_climatology_v001,QUALIFIED,dataset:novegeo:climate:baseline,1,data/novegeo/geography/climate/qualified/novegeo_climate_v001.json,46a56b00792ffd6deae46861201b12b8ca47b9dfeacae43619fb58ee0a9114ac,SHARED_REFERENCE
NG-CLIM-OBS-000016,NG-SPT-000061,36.82,-6.247467,607,23.8,4.7,49,DRY_SUBHUMID,governed_climatology_v001,QUALIFIED,dataset:novegeo:climate:baseline,1,data/novegeo/geography/climate/qualified/novegeo_climate_v001.json,46a56b00792ffd6deae46861201b12b8ca47b9dfeacae43619fb58ee0a9114ac,SHARED_REFERENCE
NG-CLIM-OBS-000017,NG-SPT-000065,38.5,-6.247467,616,23.2,5.2,54,DRY_SUBHUMID,governed_climatology_v001,QUALIFIED,dataset:novegeo:climate:baseline,1,data/novegeo/geography/climate/qualified/novegeo_climate_v001.json,46a56b00792ffd6deae46861201b12b8ca47b9dfeacae43619fb58ee0a9114ac,SHARED_REFERENCE
NG-CLIM-OBS-000018,NG-SPT-000069,40.18,-6.247467,598,23.9,5.5,59,DRY_SUBHUMID,governed_climatology_v001,QUALIFIED,dataset:novegeo:climate:baseline,1,data/novegeo/geography/climate/qualified/novegeo_climate_v001.json,46a56b00792ffd6deae46861201b12b8ca47b9dfeacae43619fb58ee0a9114ac,SHARED_REFERENCE
NG-CLIM-OBS-000019,NG-SPT-000073,30.52,-5.827467,561,25.8,5.5,32,DRY_SUBHUMID,governed_climatology_v001,QUALIFIED,dataset:novegeo:climate:baseline,1,data/novegeo/geography/climate/qualified/novegeo_climate_v001.json,46a56b00792ffd6deae46861201b12b8ca47b9dfeacae43619fb58ee0a9114ac,SHARED_REFERENCE
NG-CLIM-OBS-000020,NG-SPT-000077,32.2,-5.827467,573,25.4,5.2,37,DRY_SUBHUMID,governed_climatology_v001,QUALIFIED,dataset:novegeo:climate:baseline,1,data/novegeo/geography/climate/qualified/novegeo_climate_v001.json,46a56b00792ffd6deae46861201b12b8ca47b9dfeacae43619fb58ee0a9114ac,SHARED_REFERENCE
NG-CLIM-OBS-000021,NG-SPT-000081,33.88,-5.827467,590,25.0,4.9,43,DRY_SUBHUMID,governed_climatology_v001,QUALIFIED,dataset:novegeo:climate:baseline,1,data/novegeo/geography/climate/qualified/novegeo_climate_v001.json,46a56b00792ffd6deae46861201b12b8ca47b9dfeacae43619fb58ee0a9114ac,SHARED_REFERENCE
NG-CLIM-OBS-000022,NG-SPT-000085,35.56,-5.827467,619,23.8,4.6,48,DRY_SUBHUMID,governed_climatology_v001,QUALIFIED,dataset:novegeo:climate:baseline,1,data/novegeo/geography/climate/qualified/novegeo_climate_v001.json,46a56b00792ffd6deae46861201b12b8ca47b9dfeacae43619fb58ee0a9114ac,SHARED_REFERENCE
NG-CLIM-OBS-000023,NG-SPT-000089,37.24,-5.827467,643,22.5,4.9,53,DRY_SUBHUMID,governed_climatology_v001,QUALIFIED,dataset:novegeo:climate:baseline,1,data/novegeo/geography/climate/qualified/novegeo_climate_v001.json,46a56b00792ffd6deae46861201b12b8ca47b9dfeacae43619fb58ee0a9114ac,SHARED_REFERENCE
NG-CLIM-OBS-000024,NG-SPT-000093,38.92,-5.827467,644,22.1,5.3,58,DRY_SUBHUMID,governed_climatology_v001,QUALIFIED,dataset:novegeo:climate:baseline,1,data/novegeo/geography/climate/qualified/novegeo_climate_v001.json,46a56b00792ffd6deae46861201b12b8ca47b9dfeacae43619fb58ee0a9114ac,SHARED_REFERENCE
NG-CLIM-OBS-000025,NG-SPT-000097,40.6,-5.827467,609,23.5,5.5,63,DRY_SUBHUMID,governed_climatology_v001,QUALIFIED,dataset:novegeo:climate:baseline,1,data/novegeo/geography/climate/qualified/novegeo_climate_v001.json,46a56b00792ffd6deae46861201b12b8ca47b9dfeacae43619fb58ee0a9114ac,SHARED_REFERENCE
NG-CLIM-OBS-000026,NG-SPT-000101,30.1,-5.407467,559,26.0,5.5,33,DRY_SUBHUMID,governed_climatology_v001,QUALIFIED,dataset:novegeo:climate:baseline,1,data/novegeo/geography/climate/qualified/novegeo_climate_v001.json,46a56b00792ffd6deae46861201b12b8ca47b9dfeacae43619fb58ee0a9114ac,SHARED_REFERENCE
NG-CLIM-OBS-000027,NG-SPT-000105,31.78,-5.407467,577,25.5,5.2,38,DRY_SUBHUMID,governed_climatology_v001,QUALIFIED,dataset:novegeo:climate:baseline,1,data/novegeo/geography/climate/qualified/novegeo_climate_v001.json,46a56b00792ffd6deae46861201b12b8ca47b9dfeacae43619fb58ee0a9114ac,SHARED_REFERENCE
NG-CLIM-OBS-000028,NG-SPT-000109,33.46,-5.407467,598,25.2,4.9,43,DRY_SUBHUMID,governed_climatology_v001,QUALIFIED,dataset:novegeo:climate:baseline,1,data/novegeo/geography/climate/qualified/novegeo_climate_v001.json,46a56b00792ffd6deae46861201b12b8ca47b9dfeacae43619fb58ee0a9114ac,SHARED_REFERENCE
NG-CLIM-OBS-000029,NG-SPT-000113,35.14,-5.407467,641,23.6,4.6,48,DRY_SUBHUMID,governed_climatology_v001,QUALIFIED,dataset:novegeo:climate:baseline,1,data/novegeo/geography/climate/qualified/novegeo_climate_v001.json,46a56b00792ffd6deae46861201b12b8ca47b9dfeacae43619fb58ee0a9114ac,SHARED_REFERENCE
NG-CLIM-OBS-000030,NG-SPT-000117,36.82,-5.407467,679,21.7,4.8,53,DRY_SUBHUMID,governed_climatology_v001,QUALIFIED,dataset:novegeo:climate:baseline,1,data/novegeo/geography/climate/qualified/novegeo_climate_v001.json,46a56b00792ffd6deae46861201b12b8ca47b9dfeacae43619fb58ee0a9114ac,SHARED_REFERENCE
NG-CLIM-OBS-000031,NG-SPT-000121,38.5,-5.407467,688,20.7,5.3,58,DRY_SUBHUMID,governed_climatology_v001,QUALIFIED,dataset:novegeo:climate:baseline,1,data/novegeo/geography/climate/qualified/novegeo_climate_v001.json,46a56b00792ffd6deae46861201b12b8ca47b9dfeacae43619fb58ee0a9114ac,SHARED_REFERENCE
NG-CLIM-OBS-000032,NG-SPT-000125,40.18,-5.407467,644,22.3,5.5,64,DRY_SUBHUMID,governed_climatology_v001,QUALIFIED,dataset:novegeo:climate:baseline,1,data/novegeo/geography/climate/qualified/novegeo_climate_v001.json,46a56b00792ffd6deae46861201b12b8ca47b9dfeacae43619fb58ee0a9114ac,SHARED_REFERENCE
NG-CLIM-OBS-000033,NG-SPT-000129,41.86,-5.407467,594,24.4,5.7,69,DRY_SUBHUMID,governed_climatology_v001,QUALIFIED,dataset:novegeo:climate:baseline,1,data/novegeo/geography/climate/qualified/novegeo_climate_v001.json,46a56b00792ffd6deae46861201b12b8ca47b9dfeacae43619fb58ee0a9114ac,SHARED_REFERENCE
NG-CLIM-OBS-000034,NG-SPT-000133,30.52,-4.987467,569,25.9,5.4,37,DRY_SUBHUMID,governed_climatology_v001,QUALIFIED,dataset:novegeo:climate:baseline,1,data/novegeo/geography/climate/qualified/novegeo_climate_v001.json,46a56b00792ffd6deae46861201b12b8ca47b9dfeacae43619fb58ee0a9114ac,SHARED_REFERENCE
NG-CLIM-OBS-000035,NG-SPT-000137,32.2,-4.987467,590,25.7,5.0,42,DRY_SUBHUMID,governed_climatology_v001,QUALIFIED,dataset:novegeo:climate:baseline,1,data/novegeo/geography/climate/qualified/novegeo_climate_v001.json,46a56b00792ffd6deae46861201b12b8ca47b9dfeacae43619fb58ee0a9114ac,SHARED_REFERENCE
NG-CLIM-OBS-000036,NG-SPT-000141,33.88,-4.987467,632,24.8,4.8,47,DRY_SUBHUMID,governed_climatology_v001,QUALIFIED,dataset:novegeo:climate:baseline,1,data/novegeo/geography/climate/qualified/novegeo_climate_v001.json,46a56b00792ffd6deae46861201b12b8ca47b9dfeacae43619fb58ee0a9114ac,SHARED_REFERENCE
NG-CLIM-OBS-000037,NG-SPT-000145,35.56,-4.987467,696,22.4,4.6,52,DRY_SUBHUMID,governed_climatology_v001,QUALIFIED,dataset:novegeo:climate:baseline,1,data/novegeo/geography/climate/qualified/novegeo_climate_v001.json,46a56b00792ffd6deae46861201b12b8ca47b9dfeacae43619fb58ee0a9114ac,SHARED_REFERENCE
NG-CLIM-OBS-000038,NG-SPT-000149,37.24,-4.987467,740,20.1,5.0,57,DRY_SUBHUMID,governed_climatology_v001,QUALIFIED,dataset:novegeo:climate:baseline,1,data/novegeo/geography/climate/qualified/novegeo_climate_v001.json,46a56b00792ffd6deae46861201b12b8ca47b9dfeacae43619fb58ee0a9114ac,SHARED_REFERENCE
NG-CLIM-OBS-000039,NG-SPT-000153,38.92,-4.987467,729,19.7,5.4,62,DRY_SUBHUMID,governed_climatology_v001,QUALIFIED,dataset:novegeo:climate:baseline,1,data/novegeo/geography/climate/qualified/novegeo_climate_v001.json,46a56b00792ffd6deae46861201b12b8ca47b9dfeacae43619fb58ee0a9114ac,SHARED_REFERENCE
NG-CLIM-OBS-000040,NG-SPT-000157,40.6,-4.987467,656,22.3,5.5,67,DRY_SUBHUMID,governed_climatology_v001,QUALIFIED,dataset:novegeo:climate:baseline,1,data/novegeo/geography/climate/qualified/novegeo_climate_v001.json,46a56b00792ffd6deae46861201b12b8ca47b9dfeacae43619fb58ee0a9114ac,SHARED_REFERENCE
NG-CLIM-OBS-000041,NG-SPT-000161,42.28,-4.987467,594,24.6,5.7,72,DRY_SUBHUMID,governed_climatology_v001,QUALIFIED,dataset:novegeo:climate:baseline,1,data/novegeo/geography/climate/qualified/novegeo_climate_v001.json,46a56b00792ffd6deae46861201b12b8ca47b9dfeacae43619fb58ee0a9114ac,SHARED_REFERENCE
NG-CLIM-OBS-000042,NG-SPT-000165,30.94,-4.567467,583,25.8,5.2,40,DRY_SUBHUMID,governed_climatology_v001,QUALIFIED,dataset:novegeo:climate:baseline,1,data/novegeo/geography/climate/qualified/novegeo_climate_v001.json,46a56b00792ffd6deae46861201b12b8ca47b9dfeacae43619fb58ee0a9114ac,SHARED_REFERENCE
NG-CLIM-OBS-000043,NG-SPT-000169,32.62,-4.567467,616,25.8,4.9,45,DRY_SUBHUMID,governed_climatology_v001,QUALIFIED,dataset:novegeo:climate:baseline,1,data/novegeo/geography/climate/qualified/novegeo_climate_v001.json,46a56b00792ffd6deae46861201b12b8ca47b9dfeacae43619fb58ee0a9114ac,SHARED_REFERENCE
NG-CLIM-OBS-000044,NG-SPT-000173,34.3,-4.567467,689,24.1,4.7,50,DRY_SUBHUMID,governed_climatology_v001,QUALIFIED,dataset:novegeo:climate:baseline,1,data/novegeo/geography/climate/qualified/novegeo_climate_v001.json,46a56b00792ffd6deae46861201b12b8ca47b9dfeacae43619fb58ee0a9114ac,SHARED_REFERENCE
NG-CLIM-OBS-000045,NG-SPT-000177,35.98,-4.567467,775,21.0,4.6,55,DRY_SUBHUMID,governed_climatology_v001,QUALIFIED,dataset:novegeo:climate:baseline,1,data/novegeo/geography/climate/qualified/novegeo_climate_v001.json,46a56b00792ffd6deae46861201b12b8ca47b9dfeacae43619fb58ee0a9114ac,SHARED_REFERENCE
NG-CLIM-OBS-000046,NG-SPT-000181,37.66,-4.567467,814,18.5,5.2,60,DRY_SUBHUMID,governed_climatology_v001,QUALIFIED,dataset:novegeo:climate:baseline,1,data/novegeo/geography/climate/qualified/novegeo_climate_v001.json,46a56b00792ffd6deae46861201b12b8ca47b9dfeacae43619fb58ee0a9114ac,SHARED_REFERENCE
NG-CLIM-OBS-000047,NG-SPT-000185,39.34,-4.567467,768,19.1,5.5,65,DRY_SUBHUMID,governed_climatology_v001,QUALIFIED,dataset:novegeo:climate:baseline,1,data/novegeo/geography/climate/qualified/novegeo_climate_v001.json,46a56b00792ffd6deae46861201b12b8ca47b9dfeacae43619fb58ee0a9114ac,SHARED_REFERENCE
NG-CLIM-OBS-000048,NG-SPT-000189,41.02,-4.567467,665,22.5,5.5,70,DRY_SUBHUMID,governed_climatology_v001,QUALIFIED,dataset:novegeo:climate:baseline,1,data/novegeo/geography/climate/qualified/novegeo_climate_v001.json,46a56b00792ffd6deae46861201b12b8ca47b9dfeacae43619fb58ee0a9114ac,SHARED_REFERENCE
NG-CLIM-OBS-000049,NG-SPT-000193,42.7,-4.567467,593,24.9,5.7,75,DRY_SUBHUMID,governed_climatology_v001,QUALIFIED,dataset:novegeo:climate:baseline,1,data/novegeo/geography/climate/qualified/novegeo_climate_v001.json,46a56b00792ffd6deae46861201b12b8ca47b9dfeacae43619fb58ee0a9114ac,SHARED_REFERENCE
NG-CLIM-OBS-000050,NG-SPT-000197,30.52,-4.147467,584,26.1,5.3,41,DRY_SUBHUMID,governed_climatology_v001,QUALIFIED,dataset:novegeo:climate:baseline,1,data/novegeo/geography/climate/qualified/novegeo_climate_v001.json,46a56b00792ffd6deae46861201b12b8ca47b9dfeacae43619fb58ee0a9114ac,SHARED_REFERENCE
NG-CLIM-OBS-000051,NG-SPT-000201,32.2,-4.147467,627,26.1,4.9,46,DRY_SUBHUMID,governed_climatology_v001,QUALIFIED,dataset:novegeo:climate:baseline,1,data/novegeo/geography/climate/qualified/novegeo_climate_v001.json,46a56b00792ffd6deae46861201b12b8ca47b9dfeacae43619fb58ee0a9114ac,SHARED_REFERENCE
NG-CLIM-OBS-000052,NG-SPT-000205,33.88,-4.147467,716,24.8,4.6,51,DRY_SUBHUMID,governed_climatology_v001,QUALIFIED,dataset:novegeo:climate:baseline,1,data/novegeo/geography/climate/qualified/novegeo_climate_v001.json,46a56b00792ffd6deae46861201b12b8ca47b9dfeacae43619fb58ee0a9114ac,SHARED_REFERENCE
NG-CLIM-OBS-000053,NG-SPT-000209,35.56,-4.147467,835,21.2,4.6,56,DRY_SUBHUMID,governed_climatology_v001,QUALIFIED,dataset:novegeo:climate:baseline,1,data/novegeo/geography/climate/qualified/novegeo_climate_v001.json,46a56b00792ffd6deae46861201b12b8ca47b9dfeacae43619fb58ee0a9114ac,SHARED_REFERENCE
NG-CLIM-OBS-000054,NG-SPT-000213,37.24,-4.147467,897,18.1,5.0,61,DRY_SUBHUMID,governed_climatology_v001,QUALIFIED,dataset:novegeo:climate:baseline,1,data/novegeo/geography/climate/qualified/novegeo_climate_v001.json,46a56b00792ffd6deae46861201b12b8ca47b9dfeacae43619fb58ee0a9114ac,SHARED_REFERENCE
NG-CLIM-OBS-000055,NG-SPT-000217,38.92,-4.147467,861,17.5,5.5,66,DRY_SUBHUMID,governed_climatology_v001,QUALIFIED,dataset:novegeo:climate:baseline,1,data/novegeo/geography/climate/qualified/novegeo_climate_v001.json,46a56b00792ffd6deae46861201b12b8ca47b9dfeacae43619fb58ee0a9114ac,SHARED_REFERENCE
NG-CLIM-OBS-000056,NG-SPT-000221,40.6,-4.147467,730,21.1,5.5,71,DRY_SUBHUMID,governed_climatology_v001,QUALIFIED,dataset:novegeo:climate:baseline,1,data/novegeo/geography/climate/qualified/novegeo_climate_v001.json,46a56b00792ffd6deae46861201b12b8ca47b9dfeacae43619fb58ee0a9114ac,SHARED_REFERENCE
NG-CLIM-OBS-000057,NG-SPT-000225,42.28,-4.147467,623,24.3,5.6,76,DRY_SUBHUMID,governed_climatology_v001,QUALIFIED,dataset:novegeo:climate:baseline,1,data/novegeo/geography/climate/qualified/novegeo_climate_v001.json,46a56b00792ffd6deae46861201b12b8ca47b9dfeacae43619fb58ee0a9114ac,SHARED_REFERENCE
NG-CLIM-OBS-000058,NG-SPT-000229,29.68,-3.727467,571,26.5,5.3,40,DRY_SUBHUMID,governed_climatology_v001,QUALIFIED,dataset:novegeo:climate:baseline,1,data/novegeo/geography/climate/qualified/novegeo_climate_v001.json,46a56b00792ffd6deae46861201b12b8ca47b9dfeacae43619fb58ee0a9114ac,SHARED_REFERENCE
NG-CLIM-OBS-000059,NG-SPT-000233,31.36,-3.727467,624,26.1,5.0,45,DRY_SUBHUMID,governed_climatology_v001,QUALIFIED,dataset:novegeo:climate:baseline,1,data/novegeo/geography/climate/qualified/novegeo_climate_v001.json,46a56b00792ffd6deae46861201b12b8ca47b9dfeacae43619fb58ee0a9114ac,SHARED_REFERENCE
NG-CLIM-OBS-000060,NG-SPT-000237,33.04,-3.727467,711,25.9,4.6,50,DRY_SUBHUMID,governed_climatology_v001,QUALIFIED,dataset:novegeo:climate:baseline,1,data/novegeo/geography/climate/qualified/novegeo_climate_v001.json,46a56b00792ffd6deae46861201b12b8ca47b9dfeacae43619fb58ee0a9114ac,SHARED_REFERENCE
NG-CLIM-OBS-000061,NG-SPT-000241,34.72,-3.727467,864,22.8,4.6,56,DRY_SUBHUMID,governed_climatology_v001,QUALIFIED,dataset:novegeo:climate:baseline,1,data/novegeo/geography/climate/qualified/novegeo_climate_v001.json,46a56b00792ffd6deae46861201b12b8ca47b9dfeacae43619fb58ee0a9114ac,SHARED_REFERENCE
NG-CLIM-OBS-000062,NG-SPT-000245,36.4,-3.727467,982,19.1,4.7,61,SUBHUMID,governed_climatology_v001,QUALIFIED,dataset:novegeo:climate:baseline,1,data/novegeo/geography/climate/qualified/novegeo_climate_v001.json,46a56b00792ffd6deae46861201b12b8ca47b9dfeacae43619fb58ee0a9114ac,SHARED_REFERENCE
NG-CLIM-OBS-000063,NG-SPT-000249,38.08,-3.727467,993,16.6,5.3,66,SUBHUMID,governed_climatology_v001,QUALIFIED,dataset:novegeo:climate:baseline,1,data/novegeo/geography/climate/qualified/novegeo_climate_v001.json,46a56b00792ffd6deae46861201b12b8ca47b9dfeacae43619fb58ee0a9114ac,SHARED_REFERENCE
NG-CLIM-OBS-000064,NG-SPT-000253,39.76,-3.727467,867,18.5,5.5,71,DRY_SUBHUMID,governed_climatology_v001,QUALIFIED,dataset:novegeo:climate:baseline,1,data/novegeo/geography/climate/qualified/novegeo_climate_v001.json,46a56b00792ffd6deae46861201b12b8ca47b9dfeacae43619fb58ee0a9114ac,SHARED_REFERENCE
NG-CLIM-OBS-000065,NG-SPT-000257,41.44,-3.727467,702,22.7,5.5,76,DRY_SUBHUMID,governed_climatology_v001,QUALIFIED,dataset:novegeo:climate:baseline,1,data/novegeo/geography/climate/qualified/novegeo_climate_v001.json,46a56b00792ffd6deae46861201b12b8ca47b9dfeacae43619fb58ee0a9114ac,SHARED_REFERENCE
NG-CLIM-OBS-000066,NG-SPT-000261,43.12,-3.727467,600,25.4,5.6,81,DRY_SUBHUMID,governed_climatology_v001,QUALIFIED,dataset:novegeo:climate:baseline,1,data/novegeo/geography/climate/qualified/novegeo_climate_v001.json,46a56b00792ffd6deae46861201b12b8ca47b9dfeacae43619fb58ee0a9114ac,SHARED_REFERENCE
NG-CLIM-OBS-000067,NG-SPT-000265,30.1,-3.307467,595,26.4,5.2,44,DRY_SUBHUMID,governed_climatology_v001,QUALIFIED,dataset:novegeo:climate:baseline,1,data/novegeo/geography/climate/qualified/novegeo_climate_v001.json,46a56b00792ffd6deae46861201b12b8ca47b9dfeacae43619fb58ee0a9114ac,SHARED_REFERENCE
NG-CLIM-OBS-000068,NG-SPT-000269,31.78,-3.307467,674,26.4,4.8,49,DRY_SUBHUMID,governed_climatology_v001,QUALIFIED,dataset:novegeo:climate:baseline,1,data/novegeo/geography/climate/qualified/novegeo_climate_v001.json,46a56b00792ffd6deae46861201b12b8ca47b9dfeacae43619fb58ee0a9114ac,SHARED_REFERENCE
NG-CLIM-OBS-000069,NG-SPT-000273,33.46,-3.307467,820,25.4,4.5,54,DRY_SUBHUMID,governed_climatology_v001,QUALIFIED,dataset:novegeo:climate:baseline,1,data/novegeo/geography/climate/qualified/novegeo_climate_v001.json,46a56b00792ffd6deae46861201b12b8ca47b9dfeacae43619fb58ee0a9114ac,SHARED_REFERENCE
NG-CLIM-OBS-000070,NG-SPT-000277,35.14,-3.307467,1018,21.5,4.5,59,SUBHUMID,governed_climatology_v001,QUALIFIED,dataset:novegeo:climate:baseline,1,data/novegeo/geography/climate/qualified/novegeo_climate_v001.json,46a56b00792ffd6deae46861201b12b8ca47b9dfeacae43619fb58ee0a9114ac,SHARED_REFERENCE
NG-CLIM-OBS-000071,NG-SPT-000281,36.82,-3.307467,1122,18.2,4.8,64,SUBHUMID,governed_climatology_v001,QUALIFIED,dataset:novegeo:climate:baseline,1,data/novegeo/geography/climate/qualified/novegeo_climate_v001.json,46a56b00792ffd6deae46861201b12b8ca47b9dfeacae43619fb58ee0a9114ac,SHARED_REFERENCE
NG-CLIM-OBS-000072,NG-SPT-000285,38.5,-3.307467,1081,16.3,5.3,69,SUBHUMID,governed_climatology_v001,QUALIFIED,dataset:novegeo:climate:baseline,1,data/novegeo/geography/climate/qualified/novegeo_climate_v001.json,46a56b00792ffd6deae46861201b12b8ca47b9dfeacae43619fb58ee0a9114ac,SHARED_REFERENCE
NG-CLIM-OBS-000073,NG-SPT-000289,40.18,-3.307467,891,19.3,5.4,74,DRY_SUBHUMID,governed_climatology_v001,QUALIFIED,dataset:novegeo:climate:baseline,1,data/novegeo/geography/climate/qualified/novegeo_climate_v001.json,46a56b00792ffd6deae46861201b12b8ca47b9dfeacae43619fb58ee0a9114ac,SHARED_REFERENCE
NG-CLIM-OBS-000074,NG-SPT-000293,41.86,-3.307467,702,23.3,5.5,79,DRY_SUBHUMID,governed_climatology_v001,QUALIFIED,dataset:novegeo:climate:baseline,1,data/novegeo/geography/climate/qualified/novegeo_climate_v001.json,46a56b00792ffd6deae46861201b12b8ca47b9dfeacae43619fb58ee0a9114ac,SHARED_REFERENCE
NG-CLIM-OBS-000075,NG-SPT-000297,43.54,-3.307467,593,25.9,5.6,84,DRY_SUBHUMID,governed_climatology_v001,QUALIFIED,dataset:novegeo:climate:baseline,1,data/novegeo/geography/climate/qualified/novegeo_climate_v001.json,46a56b00792ffd6deae46861201b12b8ca47b9dfeacae43619fb58ee0a9114ac,SHARED_REFERENCE
NG-CLIM-OBS-000076,NG-SPT-000301,30.52,-2.887467,632,26.3,5.0,47,DRY_SUBHUMID,governed_climatology_v001,QUALIFIED,dataset:novegeo:climate:baseline,1,data/novegeo/geography/climate/qualified/novegeo_climate_v001.json,46a56b00792ffd6deae46861201b12b8ca47b9dfeacae43619fb58ee0a9114ac,SHARED_REFERENCE
NG-CLIM-OBS-000077,NG-SPT-000305,32.2,-2.887467,756,26.3,4.7,52,DRY_SUBHUMID,governed_climatology_v001,QUALIFIED,dataset:novegeo:climate:baseline,1,data/novegeo/geography/climate/qualified/novegeo_climate_v001.json,46a56b00792ffd6deae46861201b12b8ca47b9dfeacae43619fb58ee0a9114ac,SHARED_REFERENCE
NG-CLIM-OBS-000078,NG-SPT-000309,33.88,-2.887467,976,24.3,4.5,57,SUBHUMID,governed_climatology_v001,QUALIFIED,dataset:novegeo:climate:baseline,1,data/novegeo/geography/climate/qualified/novegeo_climate_v001.json,46a56b00792ffd6deae46861201b12b8ca47b9dfeacae43619fb58ee0a9114ac,SHARED_REFERENCE
NG-CLIM-OBS-000079,NG-SPT-000313,35.56,-2.887467,1201,20.4,4.5,62,SUBHUMID,governed_climatology_v001,QUALIFIED,dataset:novegeo:climate:baseline,1,data/novegeo/geography/climate/qualified/novegeo_climate_v001.json,46a56b00792ffd6deae46861201b12b8ca47b9dfeacae43619fb58ee0a9114ac,SHARED_REFERENCE
NG-CLIM-OBS-000080,NG-SPT-000317,37.24,-2.887467,1267,17.8,4.9,67,SUBHUMID,governed_climatology_v001,QUALIFIED,dataset:novegeo:climate:baseline,1,data/novegeo/geography/climate/qualified/novegeo_climate_v001.json,46a56b00792ffd6deae46861201b12b8ca47b9dfeacae43619fb58ee0a9114ac,SHARED_REFERENCE
NG-CLIM-OBS-000081,NG-SPT-000321,38.92,-2.887467,1154,16.7,5.3,72,SUBHUMID,governed_climatology_v001,QUALIFIED,dataset:novegeo:climate:baseline,1,data/novegeo/geography/climate/qualified/novegeo_climate_v001.json,46a56b00792ffd6deae46861201b12b8ca47b9dfeacae43619fb58ee0a9114ac,SHARED_REFERENCE
NG-CLIM-OBS-000082,NG-SPT-000325,40.6,-2.887467,902,20.3,5.4,77,SUBHUMID,governed_climatology_v001,QUALIFIED,dataset:novegeo:climate:baseline,1,data/novegeo/geography/climate/qualified/novegeo_climate_v001.json,46a56b00792ffd6deae46861201b12b8ca47b9dfeacae43619fb58ee0a9114ac,SHARED_REFERENCE
NG-CLIM-OBS-000083,NG-SPT-000329,42.28,-2.887467,696,24.0,5.4,82,DRY_SUBHUMID,governed_climatology_v001,QUALIFIED,dataset:novegeo:climate:baseline,1,data/novegeo/geography/climate/qualified/novegeo_climate_v001.json,46a56b00792ffd6deae46861201b12b8ca47b9dfeacae43619fb58ee0a9114ac,SHARED_REFERENCE
NG-CLIM-OBS-000084,NG-SPT-000333,29.68,-2.467467,604,26.7,5.1,47,DRY_SUBHUMID,governed_climatology_v001,QUALIFIED,dataset:novegeo:climate:baseline,1,data/novegeo/geography/climate/qualified/novegeo_climate_v001.json,46a56b00792ffd6deae46861201b12b8ca47b9dfeacae43619fb58ee0a9114ac,SHARED_REFERENCE
NG-CLIM-OBS-000085,NG-SPT-000337,31.36,-2.467467,726,26.1,4.8,52,DRY_SUBHUMID,governed_climatology_v001,QUALIFIED,dataset:novegeo:climate:baseline,1,data/novegeo/geography/climate/qualified/novegeo_climate_v001.json,46a56b00792ffd6deae46861201b12b8ca47b9dfeacae43619fb58ee0a9114ac,SHARED_REFERENCE
NG-CLIM-OBS-000086,NG-SPT-000341,33.04,-2.467467,947,25.3,4.5,57,SUBHUMID,governed_climatology_v001,QUALIFIED,dataset:novegeo:climate:baseline,1,data/novegeo/geography/climate/qualified/novegeo_climate_v001.json,46a56b00792ffd6deae46861201b12b8ca47b9dfeacae43619fb58ee0a9114ac,SHARED_REFERENCE
NG-CLIM-OBS-000087,NG-SPT-000345,34.72,-2.467467,1247,21.9,4.5,62,SUBHUMID,governed_climatology_v001,QUALIFIED,dataset:novegeo:climate:baseline,1,data/novegeo/geography/climate/qualified/novegeo_climate_v001.json,46a56b00792ffd6deae46861201b12b8ca47b9dfeacae43619fb58ee0a9114ac,SHARED_REFERENCE
NG-CLIM-OBS-000088,NG-SPT-000349,36.4,-2.467467,1417,19.4,4.5,67,HUMID,governed_climatology_v001,QUALIFIED,dataset:novegeo:climate:baseline,1,data/novegeo/geography/climate/qualified/novegeo_climate_v001.json,46a56b00792ffd6deae46861201b12b8ca47b9dfeacae43619fb58ee0a9114ac,SHARED_REFERENCE
NG-CLIM-OBS-000089,NG-SPT-000353,38.08,-2.467467,1373,17.3,5.0,72,HUMID,governed_climatology_v001,QUALIFIED,dataset:novegeo:climate:baseline,1,data/novegeo/geography/climate/qualified/novegeo_climate_v001.json,46a56b00792ffd6deae46861201b12b8ca47b9dfeacae43619fb58ee0a9114ac,SHARED_REFERENCE
NG-CLIM-OBS-000090,NG-SPT-000357,39.76,-2.467467,1129,18.3,5.3,77,SUBHUMID,governed_climatology_v001,QUALIFIED,dataset:novegeo:climate:baseline,1,data/novegeo/geography/climate/qualified/novegeo_climate_v001.json,46a56b00792ffd6deae46861201b12b8ca47b9dfeacae43619fb58ee0a9114ac,SHARED_REFERENCE
NG-CLIM-OBS-000091,NG-SPT-000361,41.44,-2.467467,835,22.3,5.3,82,DRY_SUBHUMID,governed_climatology_v001,QUALIFIED,dataset:novegeo:climate:baseline,1,data/novegeo/geography/climate/qualified/novegeo_climate_v001.json,46a56b00792ffd6deae46861201b12b8ca47b9dfeacae43619fb58ee0a9114ac,SHARED_REFERENCE
NG-CLIM-OBS-000092,NG-SPT-000365,43.12,-2.467467,650,25.2,5.4,87,DRY_SUBHUMID,governed_climatology_v001,QUALIFIED,dataset:novegeo:climate:baseline,1,data/novegeo/geography/climate/qualified/novegeo_climate_v001.json,46a56b00792ffd6deae46861201b12b8ca47b9dfeacae43619fb58ee0a9114ac,SHARED_REFERENCE
NG-CLIM-OBS-000093,NG-SPT-000369,30.1,-2.047467,646,26.5,5.0,50,DRY_SUBHUMID,governed_climatology_v001,QUALIFIED,dataset:novegeo:climate:baseline,1,data/novegeo/geography/climate/qualified/novegeo_climate_v001.json,46a56b00792ffd6deae46861201b12b8ca47b9dfeacae43619fb58ee0a9114ac,SHARED_REFERENCE
NG-CLIM-OBS-000094,NG-SPT-000373,31.78,-2.047467,826,25.8,4.7,55,DRY_SUBHUMID,governed_climatology_v001,QUALIFIED,dataset:novegeo:climate:baseline,1,data/novegeo/geography/climate/qualified/novegeo_climate_v001.json,46a56b00792ffd6deae46861201b12b8ca47b9dfeacae43619fb58ee0a9114ac,SHARED_REFERENCE
NG-CLIM-OBS-000095,NG-SPT-000377,33.46,-2.047467,1136,23.9,4.5,60,SUBHUMID,governed_climatology_v001,QUALIFIED,dataset:novegeo:climate:baseline,1,data/novegeo/geography/climate/qualified/novegeo_climate_v001.json,46a56b00792ffd6deae46861201b12b8ca47b9dfeacae43619fb58ee0a9114ac,SHARED_REFERENCE
NG-CLIM-OBS-000096,NG-SPT-000381,35.14,-2.047467,1472,20.6,4.4,65,HUMID,governed_climatology_v001,QUALIFIED,dataset:novegeo:climate:baseline,1,data/novegeo/geography/climate/qualified/novegeo_climate_v001.json,46a56b00792ffd6deae46861201b12b8ca47b9dfeacae43619fb58ee0a9114ac,SHARED_REFERENCE
NG-CLIM-OBS-000097,NG-SPT-000385,36.82,-2.047467,1588,19.6,4.5,70,HUMID,governed_climatology_v001,QUALIFIED,dataset:novegeo:climate:baseline,1,data/novegeo/geography/climate/qualified/novegeo_climate_v001.json,46a56b00792ffd6deae46861201b12b8ca47b9dfeacae43619fb58ee0a9114ac,SHARED_REFERENCE
NG-CLIM-OBS-000098,NG-SPT-000389,38.5,-2.047467,1462,17.7,5.0,75,HUMID,governed_climatology_v001,QUALIFIED,dataset:novegeo:climate:baseline,1,data/novegeo/geography/climate/qualified/novegeo_climate_v001.json,46a56b00792ffd6deae46861201b12b8ca47b9dfeacae43619fb58ee0a9114ac,SHARED_REFERENCE
NG-CLIM-OBS-000099,NG-SPT-000393,40.18,-2.047467,1136,19.4,5.2,80,SUBHUMID,governed_climatology_v001,QUALIFIED,dataset:novegeo:climate:baseline,1,data/novegeo/geography/climate/qualified/novegeo_climate_v001.json,46a56b00792ffd6deae46861201b12b8ca47b9dfeacae43619fb58ee0a9114ac,SHARED_REFERENCE
NG-CLIM-OBS-000100,NG-SPT-000397,41.86,-2.047467,819,23.1,5.3,85,DRY_SUBHUMID,governed_climatology_v001,QUALIFIED,dataset:novegeo:climate:baseline,1,data/novegeo/geography/climate/qualified/novegeo_climate_v001.json,46a56b00792ffd6deae46861201b12b8ca47b9dfeacae43619fb58ee0a9114ac,SHARED_REFERENCE
NG-CLIM-OBS-000101,NG-SPT-000401,43.54,-2.047467,634,25.7,5.4,90,DRY_SUBHUMID,governed_climatology_v001,QUALIFIED,dataset:novegeo:climate:baseline,1,data/novegeo/geography/climate/qualified/novegeo_climate_v001.json,46a56b00792ffd6deae46861201b12b8ca47b9dfeacae43619fb58ee0a9114ac,SHARED_REFERENCE
NG-CLIM-OBS-000102,NG-SPT-000405,30.52,-1.627467,706,26.1,4.9,53,DRY_SUBHUMID,governed_climatology_v001,QUALIFIED,dataset:novegeo:climate:baseline,1,data/novegeo/geography/climate/qualified/novegeo_climate_v001.json,46a56b00792ffd6deae46861201b12b8ca47b9dfeacae43619fb58ee0a9114ac,SHARED_REFERENCE
NG-CLIM-OBS-000103,NG-SPT-000409,32.2,-1.627467,961,24.9,4.6,58,SUBHUMID,governed_climatology_v001,QUALIFIED,dataset:novegeo:climate:baseline,1,data/novegeo/geography/climate/qualified/novegeo_climate_v001.json,46a56b00792ffd6deae46861201b12b8ca47b9dfeacae43619fb58ee0a9114ac,SHARED_REFERENCE
NG-CLIM-OBS-000104,NG-SPT-000413,33.88,-1.627467,1357,22.0,4.5,64,HUMID,governed_climatology_v001,QUALIFIED,dataset:novegeo:climate:baseline,1,data/novegeo/geography/climate/qualified/novegeo_climate_v001.json,46a56b00792ffd6deae46861201b12b8ca47b9dfeacae43619fb58ee0a9114ac,SHARED_REFERENCE
NG-CLIM-OBS-000105,NG-SPT-000417,35.56,-1.627467,1689,19.9,4.3,69,HUMID,governed_climatology_v001,QUALIFIED,dataset:novegeo:climate:baseline,1,data/novegeo/geography/climate/qualified/novegeo_climate_v001.json,46a56b00792ffd6deae46861201b12b8ca47b9dfeacae43619fb58ee0a9114ac,SHARED_REFERENCE
NG-CLIM-OBS-000106,NG-SPT-000421,37.24,-1.627467,1727,19.8,4.5,74,HUMID,governed_climatology_v001,QUALIFIED,dataset:novegeo:climate:baseline,1,data/novegeo/geography/climate/qualified/novegeo_climate_v001.json,46a56b00792ffd6deae46861201b12b8ca47b9dfeacae43619fb58ee0a9114ac,SHARED_REFERENCE
NG-CLIM-OBS-000107,NG-SPT-000425,38.92,-1.627467,1508,18.1,5.0,79,HUMID,governed_climatology_v001,QUALIFIED,dataset:novegeo:climate:baseline,1,data/novegeo/geography/climate/qualified/novegeo_climate_v001.json,46a56b00792ffd6deae46861201b12b8ca47b9dfeacae43619fb58ee0a9114ac,SHARED_REFERENCE
NG-CLIM-OBS-000108,NG-SPT-000429,40.6,-1.627467,1116,20.4,5.2,84,SUBHUMID,governed_climatology_v001,QUALIFIED,dataset:novegeo:climate:baseline,1,data/novegeo/geography/climate/qualified/novegeo_climate_v001.json,46a56b00792ffd6deae46861201b12b8ca47b9dfeacae43619fb58ee0a9114ac,SHARED_REFERENCE
NG-CLIM-OBS-000109,NG-SPT-000433,42.28,-1.627467,792,23.7,5.3,89,DRY_SUBHUMID,governed_climatology_v001,QUALIFIED,dataset:novegeo:climate:baseline,1,data/novegeo/geography/climate/qualified/novegeo_climate_v001.json,46a56b00792ffd6deae46861201b12b8ca47b9dfeacae43619fb58ee0a9114ac,SHARED_REFERENCE
NG-CLIM-OBS-000110,NG-SPT-000437,29.26,-1.207467,610,27.1,5.0,52,DRY_SUBHUMID,governed_climatology_v001,QUALIFIED,dataset:novegeo:climate:baseline,1,data/novegeo/geography/climate/qualified/novegeo_climate_v001.json,46a56b00792ffd6deae46861201b12b8ca47b9dfeacae43619fb58ee0a9114ac,SHARED_REFERENCE
NG-CLIM-OBS-000111,NG-SPT-000441,30.94,-1.207467,787,25.6,4.8,57,DRY_SUBHUMID,governed_climatology_v001,QUALIFIED,dataset:novegeo:climate:baseline,1,data/novegeo/geography/climate/qualified/novegeo_climate_v001.json,46a56b00792ffd6deae46861201b12b8ca47b9dfeacae43619fb58ee0a9114ac,SHARED_REFERENCE
NG-CLIM-OBS-000112,NG-SPT-000445,32.62,-1.207467,1129,23.4,4.6,62,SUBHUMID,governed_climatology_v001,QUALIFIED,dataset:novegeo:climate:baseline,1,data/novegeo/geography/climate/qualified/novegeo_climate_v001.json,46a56b00792ffd6deae46861201b12b8ca47b9dfeacae43619fb58ee0a9114ac,SHARED_REFERENCE
NG-CLIM-OBS-000113,NG-SPT-000449,34.3,-1.207467,1586,20.0,4.5,67,HUMID,governed_climatology_v001,QUALIFIED,dataset:novegeo:climate:baseline,1,data/novegeo/geography/climate/qualified/novegeo_climate_v001.json,46a56b00792ffd6deae46861201b12b8ca47b9dfeacae43619fb58ee0a9114ac,SHARED_REFERENCE
NG-CLIM-OBS-000114,NG-SPT-000453,35.98,-1.207467,1867,19.7,4.2,72,HUMID_HIGH_RAINFALL,governed_climatology_v001,QUALIFIED,dataset:novegeo:climate:baseline,1,data/novegeo/geography/climate/qualified/novegeo_climate_v001.json,46a56b00792ffd6deae46861201b12b8ca47b9dfeacae43619fb58ee0a9114ac,SHARED_REFERENCE
NG-CLIM-OBS-000115,NG-SPT-000457,37.66,-1.207467,1816,19.9,4.5,77,HUMID_HIGH_RAINFALL,governed_climatology_v001,QUALIFIED,dataset:novegeo:climate:baseline,1,data/novegeo/geography/climate/qualified/novegeo_climate_v001.json,46a56b00792ffd6deae46861201b12b8ca47b9dfeacae43619fb58ee0a9114ac,SHARED_REFERENCE
NG-CLIM-OBS-000116,NG-SPT-000461,39.34,-1.207467,1505,18.6,5.0,82,HUMID,governed_climatology_v001,QUALIFIED,dataset:novegeo:climate:baseline,1,data/novegeo/geography/climate/qualified/novegeo_climate_v001.json,46a56b00792ffd6deae46861201b12b8ca47b9dfeacae43619fb58ee0a9114ac,SHARED_REFERENCE
NG-CLIM-OBS-000117,NG-SPT-000465,41.02,-1.207467,1071,21.2,5.1,87,SUBHUMID,governed_climatology_v001,QUALIFIED,dataset:novegeo:climate:baseline,1,data/novegeo/geography/climate/qualified/novegeo_climate_v001.json,46a56b00792ffd6deae46861201b12b8ca47b9dfeacae43619fb58ee0a9114ac,SHARED_REFERENCE
NG-CLIM-OBS-000118,NG-SPT-000469,42.7,-1.207467,758,24.2,5.2,92,DRY_SUBHUMID,governed_climatology_v001,QUALIFIED,dataset:novegeo:climate:baseline,1,data/novegeo/geography/climate/qualified/novegeo_climate_v001.json,46a56b00792ffd6deae46861201b12b8ca47b9dfeacae43619fb58ee0a9114ac,SHARED_REFERENCE
NG-CLIM-OBS-000119,NG-SPT-000473,30.1,-0.787467,693,26.3,4.8,56,DRY_SUBHUMID,governed_climatology_v001,QUALIFIED,dataset:novegeo:climate:baseline,1,data/novegeo/geography/climate/qualified/novegeo_climate_v001.json,46a56b00792ffd6deae46861201b12b8ca47b9dfeacae43619fb58ee0a9114ac,SHARED_REFERENCE
NG-CLIM-OBS-000120,NG-SPT-000477,31.78,-0.787467,978,24.0,4.7,61,SUBHUMID,governed_climatology_v001,QUALIFIED,dataset:novegeo:climate:baseline,1,data/novegeo/geography/climate/qualified/novegeo_climate_v001.json,46a56b00792ffd6deae46861201b12b8ca47b9dfeacae43619fb58ee0a9114ac,SHARED_REFERENCE
NG-CLIM-OBS-000121,NG-SPT-000481,33.46,-0.787467,1442,20.3,4.6,66,HUMID,governed_climatology_v001,QUALIFIED,dataset:novegeo:climate:baseline,1,data/novegeo/geography/climate/qualified/novegeo_climate_v001.json,46a56b00792ffd6deae46861201b12b8ca47b9dfeacae43619fb58ee0a9114ac,SHARED_REFERENCE
NG-CLIM-OBS-000122,NG-SPT-000485,35.14,-0.787467,1875,18.2,4.4,71,HUMID_HIGH_RAINFALL,governed_climatology_v001,QUALIFIED,dataset:novegeo:climate:baseline,1,data/novegeo/geography/climate/qualified/novegeo_climate_v001.json,46a56b00792ffd6deae46861201b12b8ca47b9dfeacae43619fb58ee0a9114ac,SHARED_REFERENCE
NG-CLIM-OBS-000123,NG-SPT-000489,36.82,-0.787467,1973,20.3,4.2,77,HUMID_HIGH_RAINFALL,governed_climatology_v001,QUALIFIED,dataset:novegeo:climate:baseline,1,data/novegeo/geography/climate/qualified/novegeo_climate_v001.json,46a56b00792ffd6deae46861201b12b8ca47b9dfeacae43619fb58ee0a9114ac,SHARED_REFERENCE
NG-CLIM-OBS-000124,NG-SPT-000493,38.5,-0.787467,1764,19.1,4.7,82,HUMID,governed_climatology_v001,QUALIFIED,dataset:novegeo:climate:baseline,1,data/novegeo/geography/climate/qualified/novegeo_climate_v001.json,46a56b00792ffd6deae46861201b12b8ca47b9dfeacae43619fb58ee0a9114ac,SHARED_REFERENCE
NG-CLIM-OBS-000125,NG-SPT-000497,40.18,-0.787467,1334,19.5,5.0,87,HUMID,governed_climatology_v001,QUALIFIED,dataset:novegeo:climate:baseline,1,data/novegeo/geography/climate/qualified/novegeo_climate_v001.json,46a56b00792ffd6deae46861201b12b8ca47b9dfeacae43619fb58ee0a9114ac,SHARED_REFERENCE
NG-CLIM-OBS-000126,NG-SPT-000501,41.86,-0.787467,917,22.6,5.1,92,SUBHUMID,governed_climatology_v001,QUALIFIED,dataset:novegeo:climate:baseline,1,data/novegeo/geography/climate/qualified/novegeo_climate_v001.json,46a56b00792ffd6deae46861201b12b8ca47b9dfeacae43619fb58ee0a9114ac,SHARED_REFERENCE
NG-CLIM-OBS-000127,NG-SPT-000505,43.54,-0.787467,670,25.5,5.3,97,DRY_SUBHUMID,governed_climatology_v001,QUALIFIED,dataset:novegeo:climate:baseline,1,data/novegeo/geography/climate/qualified/novegeo_climate_v001.json,46a56b00792ffd6deae46861201b12b8ca47b9dfeacae43619fb58ee0a9114ac,SHARED_REFERENCE
NG-CLIM-OBS-000128,NG-SPT-000509,30.52,-0.367467,757,25.7,4.7,60,DRY_SUBHUMID,governed_climatology_v001,QUALIFIED,dataset:novegeo:climate:baseline,1,data/novegeo/geography/climate/qualified/novegeo_climate_v001.json,46a56b00792ffd6deae46861201b12b8ca47b9dfeacae43619fb58ee0a9114ac,SHARED_REFERENCE
NG-CLIM-OBS-000129,NG-SPT-000513,32.2,-0.367467,1120,22.4,4.6,65,SUBHUMID,governed_climatology_v001,QUALIFIED,dataset:novegeo:climate:baseline,1,data/novegeo/geography/climate/qualified/novegeo_climate_v001.json,46a56b00792ffd6deae46861201b12b8ca47b9dfeacae43619fb58ee0a9114ac,SHARED_REFERENCE
NG-CLIM-OBS-000130,NG-SPT-000517,33.88,-0.367467,1634,18.0,4.7,70,HUMID,governed_climatology_v001,QUALIFIED,dataset:novegeo:climate:baseline,1,data/novegeo/geography/climate/qualified/novegeo_climate_v001.json,46a56b00792ffd6deae46861201b12b8ca47b9dfeacae43619fb58ee0a9114ac,SHARED_REFERENCE
NG-CLIM-OBS-000131,NG-SPT-000521,35.56,-0.367467,1996,17.6,4.3,75,HUMID_HIGH_RAINFALL,governed_climatology_v001,QUALIFIED,dataset:novegeo:climate:baseline,1,data/novegeo/geography/climate/qualified/novegeo_climate_v001.json,46a56b00792ffd6deae46861201b12b8ca47b9dfeacae43619fb58ee0a9114ac,SHARED_REFERENCE
NG-CLIM-OBS-000132,NG-SPT-000525,37.24,-0.367467,1987,20.3,4.3,80,HUMID_HIGH_RAINFALL,governed_climatology_v001,QUALIFIED,dataset:novegeo:climate:baseline,1,data/novegeo/geography/climate/qualified/novegeo_climate_v001.json,46a56b00792ffd6deae46861201b12b8ca47b9dfeacae43619fb58ee0a9114ac,SHARED_REFERENCE
NG-CLIM-OBS-000133,NG-SPT-000529,38.92,-0.367467,1701,18.8,4.8,85,HUMID,governed_climatology_v001,QUALIFIED,dataset:novegeo:climate:baseline,1,data/novegeo/geography/climate/qualified/novegeo_climate_v001.json,46a56b00792ffd6deae46861201b12b8ca47b9dfeacae43619fb58ee0a9114ac,SHARED_REFERENCE
NG-CLIM-OBS-000134,NG-SPT-000533,40.6,-0.367467,1239,20.1,5.0,90,SUBHUMID,governed_climatology_v001,QUALIFIED,dataset:novegeo:climate:baseline,1,data/novegeo/geography/climate/qualified/novegeo_climate_v001.json,46a56b00792ffd6deae46861201b12b8ca47b9dfeacae43619fb58ee0a9114ac,SHARED_REFERENCE
NG-CLIM-OBS-000135,NG-SPT-000537,42.28,-0.367467,850,23.2,5.1,95,DRY_SUBHUMID,governed_climatology_v001,QUALIFIED,dataset:novegeo:climate:baseline,1,data/novegeo/geography/climate/qualified/novegeo_climate_v001.json,46a56b00792ffd6deae46861201b12b8ca47b9dfeacae43619fb58ee0a9114ac,SHARED_REFERENCE
NG-CLIM-OBS-000136,NG-SPT-000541,29.26,0.052533,619,27.2,4.8,58,DRY_SUBHUMID,governed_climatology_v001,QUALIFIED,dataset:novegeo:climate:baseline,1,data/novegeo/geography/climate/qualified/novegeo_climate_v001.json,46a56b00792ffd6deae46861201b12b8ca47b9dfeacae43619fb58ee0a9114ac,SHARED_REFERENCE
NG-CLIM-OBS-000137,NG-SPT-000545,30.94,0.052533,838,24.7,4.7,63,DRY_SUBHUMID,governed_climatology_v001,QUALIFIED,dataset:novegeo:climate:baseline,1,data/novegeo/geography/climate/qualified/novegeo_climate_v001.json,46a56b00792ffd6deae46861201b12b8ca47b9dfeacae43619fb58ee0a9114ac,SHARED_REFERENCE
NG-CLIM-OBS-000138,NG-SPT-000549,32.62,0.052533,1279,20.2,4.7,68,SUBHUMID,governed_climatology_v001,QUALIFIED,dataset:novegeo:climate:baseline,1,data/novegeo/geography/climate/qualified/novegeo_climate_v001.json,46a56b00792ffd6deae46861201b12b8ca47b9dfeacae43619fb58ee0a9114ac,SHARED_REFERENCE
NG-CLIM-OBS-000139,NG-SPT-000553,34.3,0.052533,1790,15.8,4.7,73,HUMID,governed_climatology_v001,QUALIFIED,dataset:novegeo:climate:baseline,1,data/novegeo/geography/climate/qualified/novegeo_climate_v001.json,46a56b00792ffd6deae46861201b12b8ca47b9dfeacae43619fb58ee0a9114ac,SHARED_REFERENCE
NG-CLIM-OBS-000140,NG-SPT-000557,35.98,0.052533,2031,17.5,4.2,78,HUMID_HIGH_RAINFALL,governed_climatology_v001,QUALIFIED,dataset:novegeo:climate:baseline,1,data/novegeo/geography/climate/qualified/novegeo_climate_v001.json,46a56b00792ffd6deae46861201b12b8ca47b9dfeacae43619fb58ee0a9114ac,SHARED_REFERENCE
NG-CLIM-OBS-000141,NG-SPT-000561,37.66,0.052533,1924,20.0,4.3,83,HUMID_HIGH_RAINFALL,governed_climatology_v001,QUALIFIED,dataset:novegeo:climate:baseline,1,data/novegeo/geography/climate/qualified/novegeo_climate_v001.json,46a56b00792ffd6deae46861201b12b8ca47b9dfeacae43619fb58ee0a9114ac,SHARED_REFERENCE
NG-CLIM-OBS-000142,NG-SPT-000565,39.34,0.052533,1582,18.6,4.8,88,HUMID,governed_climatology_v001,QUALIFIED,dataset:novegeo:climate:baseline,1,data/novegeo/geography/climate/qualified/novegeo_climate_v001.json,46a56b00792ffd6deae46861201b12b8ca47b9dfeacae43619fb58ee0a9114ac,SHARED_REFERENCE
NG-CLIM-OBS-000143,NG-SPT-000569,41.02,0.052533,1125,20.5,5.0,93,SUBHUMID,governed_climatology_v001,QUALIFIED,dataset:novegeo:climate:baseline,1,data/novegeo/geography/climate/qualified/novegeo_climate_v001.json,46a56b00792ffd6deae46861201b12b8ca47b9dfeacae43619fb58ee0a9114ac,SHARED_REFERENCE
NG-CLIM-OBS-000144,NG-SPT-000573,42.7,0.052533,783,23.8,5.1,98,DRY_SUBHUMID,governed_climatology_v001,QUALIFIED,dataset:novegeo:climate:baseline,1,data/novegeo/geography/climate/qualified/novegeo_climate_v001.json,46a56b00792ffd6deae46861201b12b8ca47b9dfeacae43619fb58ee0a9114ac,SHARED_REFERENCE
NG-CLIM-OBS-000145,NG-SPT-000577,29.26,0.472533,616,27.1,4.9,60,DRY_SUBHUMID,governed_climatology_v001,QUALIFIED,dataset:novegeo:climate:baseline,1,data/novegeo/geography/climate/qualified/novegeo_climate_v001.json,46a56b00792ffd6deae46861201b12b8ca47b9dfeacae43619fb58ee0a9114ac,SHARED_REFERENCE
NG-CLIM-OBS-000146,NG-SPT-000581,30.94,0.472533,845,24.5,4.8,65,DRY_SUBHUMID,governed_climatology_v001,QUALIFIED,dataset:novegeo:climate:baseline,1,data/novegeo/geography/climate/qualified/novegeo_climate_v001.json,46a56b00792ffd6deae46861201b12b8ca47b9dfeacae43619fb58ee0a9114ac,SHARED_REFERENCE
NG-CLIM-OBS-000147,NG-SPT-000585,32.62,0.472533,1312,19.2,4.9,70,HUMID,governed_climatology_v001,QUALIFIED,dataset:novegeo:climate:baseline,1,data/novegeo/geography/climate/qualified/novegeo_climate_v001.json,46a56b00792ffd6deae46861201b12b8ca47b9dfeacae43619fb58ee0a9114ac,SHARED_REFERENCE
NG-CLIM-OBS-000148,NG-SPT-000589,34.3,0.472533,1803,14.4,4.9,75,HUMID_HIGH_RAINFALL,governed_climatology_v001,QUALIFIED,dataset:novegeo:climate:baseline,1,data/novegeo/geography/climate/qualified/novegeo_climate_v001.json,46a56b00792ffd6deae46861201b12b8ca47b9dfeacae43619fb58ee0a9114ac,SHARED_REFERENCE
NG-CLIM-OBS-000149,NG-SPT-000593,35.98,0.472533,1986,16.5,4.4,80,HUMID_HIGH_RAINFALL,governed_climatology_v001,QUALIFIED,dataset:novegeo:climate:baseline,1,data/novegeo/geography/climate/qualified/novegeo_climate_v001.json,46a56b00792ffd6deae46861201b12b8ca47b9dfeacae43619fb58ee0a9114ac,SHARED_REFERENCE
NG-CLIM-OBS-000150,NG-SPT-000597,37.66,0.472533,1857,19.7,4.4,85,HUMID_HIGH_RAINFALL,governed_climatology_v001,QUALIFIED,dataset:novegeo:climate:baseline,1,data/novegeo/geography/climate/qualified/novegeo_climate_v001.json,46a56b00792ffd6deae46861201b12b8ca47b9dfeacae43619fb58ee0a9114ac,SHARED_REFERENCE
NG-CLIM-OBS-000151,NG-SPT-000601,39.34,0.472533,1533,18.4,4.9,90,HUMID,governed_climatology_v001,QUALIFIED,dataset:novegeo:climate:baseline,1,data/novegeo/geography/climate/qualified/novegeo_climate_v001.json,46a56b00792ffd6deae46861201b12b8ca47b9dfeacae43619fb58ee0a9114ac,SHARED_REFERENCE
NG-CLIM-OBS-000152,NG-SPT-000605,41.02,0.472533,1104,20.2,5.1,95,SUBHUMID,governed_climatology_v001,QUALIFIED,dataset:novegeo:climate:baseline,1,data/novegeo/geography/climate/qualified/novegeo_climate_v001.json,46a56b00792ffd6deae46861201b12b8ca47b9dfeacae43619fb58ee0a9114ac,SHARED_REFERENCE
NG-CLIM-OBS-000153,NG-SPT-000609,42.7,0.472533,776,23.6,5.2,100,DRY_SUBHUMID,governed_climatology_v001,QUALIFIED,dataset:novegeo:climate:baseline,1,data/novegeo/geography/climate/qualified/novegeo_climate_v001.json,46a56b00792ffd6deae46861201b12b8ca47b9dfeacae43619fb58ee0a9114ac,SHARED_REFERENCE
NG-CLIM-OBS-000154,NG-SPT-000613,29.68,0.892533,649,26.6,4.9,64,DRY_SUBHUMID,governed_climatology_v001,QUALIFIED,dataset:novegeo:climate:baseline,1,data/novegeo/geography/climate/qualified/novegeo_climate_v001.json,46a56b00792ffd6deae46861201b12b8ca47b9dfeacae43619fb58ee0a9114ac,SHARED_REFERENCE
NG-CLIM-OBS-000155,NG-SPT-000617,31.36,0.892533,956,23.0,4.9,69,SUBHUMID,governed_climatology_v001,QUALIFIED,dataset:novegeo:climate:baseline,1,data/novegeo/geography/climate/qualified/novegeo_climate_v001.json,46a56b00792ffd6deae46861201b12b8ca47b9dfeacae43619fb58ee0a9114ac,SHARED_REFERENCE
NG-CLIM-OBS-000156,NG-SPT-000621,33.04,0.892533,1489,16.7,5.1,74,HUMID,governed_climatology_v001,QUALIFIED,dataset:novegeo:climate:baseline,1,data/novegeo/geography/climate/qualified/novegeo_climate_v001.json,46a56b00792ffd6deae46861201b12b8ca47b9dfeacae43619fb58ee0a9114ac,SHARED_REFERENCE
NG-CLIM-OBS-000157,NG-SPT-000625,34.72,0.892533,1864,12.9,5.0,79,HUMID_HIGH_RAINFALL,governed_climatology_v001,QUALIFIED,dataset:novegeo:climate:baseline,1,data/novegeo/geography/climate/qualified/novegeo_climate_v001.json,46a56b00792ffd6deae46861201b12b8ca47b9dfeacae43619fb58ee0a9114ac,SHARED_REFERENCE
NG-CLIM-OBS-000158,NG-SPT-000629,36.4,0.892533,1877,17.1,4.5,84,HUMID_HIGH_RAINFALL,governed_climatology_v001,QUALIFIED,dataset:novegeo:climate:baseline,1,data/novegeo/geography/climate/qualified/novegeo_climate_v001.json,46a56b00792ffd6deae46861201b12b8ca47b9dfeacae43619fb58ee0a9114ac,SHARED_REFERENCE
NG-CLIM-OBS-000159,NG-SPT-000633,38.08,0.892533,1687,19.2,4.6,89,HUMID,governed_climatology_v001,QUALIFIED,dataset:novegeo:climate:baseline,1,data/novegeo/geography/climate/qualified/novegeo_climate_v001.json,46a56b00792ffd6deae46861201b12b8ca47b9dfeacae43619fb58ee0a9114ac,SHARED_REFERENCE
NG-CLIM-OBS-000160,NG-SPT-000637,39.76,0.892533,1357,18.3,5.1,94,HUMID,governed_climatology_v001,QUALIFIED,dataset:novegeo:climate:baseline,1,data/novegeo/geography/climate/qualified/novegeo_climate_v001.json,46a56b00792ffd6deae46861201b12b8ca47b9dfeacae43619fb58ee0a9114ac,SHARED_REFERENCE
NG-CLIM-OBS-000161,NG-SPT-000641,41.44,0.892533,977,20.6,5.2,99,SUBHUMID,governed_climatology_v001,QUALIFIED,dataset:novegeo:climate:baseline,1,data/novegeo/geography/climate/qualified/novegeo_climate_v001.json,46a56b00792ffd6deae46861201b12b8ca47b9dfeacae43619fb58ee0a9114ac,SHARED_REFERENCE
NG-CLIM-OBS-000162,NG-SPT-000645,43.12,0.892533,709,24.2,5.3,104,DRY_SUBHUMID,governed_climatology_v001,QUALIFIED,dataset:novegeo:climate:baseline,1,data/novegeo/geography/climate/qualified/novegeo_climate_v001.json,46a56b00792ffd6deae46861201b12b8ca47b9dfeacae43619fb58ee0a9114ac,SHARED_REFERENCE
NG-CLIM-OBS-000163,NG-SPT-000649,30.52,1.312533,768,25.1,4.9,68,DRY_SUBHUMID,governed_climatology_v001,QUALIFIED,dataset:novegeo:climate:baseline,1,data/novegeo/geography/climate/qualified/novegeo_climate_v001.json,46a56b00792ffd6deae46861201b12b8ca47b9dfeacae43619fb58ee0a9114ac,SHARED_REFERENCE
NG-CLIM-OBS-000164,NG-SPT-000653,32.2,1.312533,1259,19.5,5.0,73,SUBHUMID,governed_climatology_v001,QUALIFIED,dataset:novegeo:climate:baseline,1,data/novegeo/geography/climate/qualified/novegeo_climate_v001.json,46a56b00792ffd6deae46861201b12b8ca47b9dfeacae43619fb58ee0a9114ac,SHARED_REFERENCE
NG-CLIM-OBS-000165,NG-SPT-000657,33.88,1.312533,1752,13.0,5.3,78,HUMID,governed_climatology_v001,QUALIFIED,dataset:novegeo:climate:baseline,1,data/novegeo/geography/climate/qualified/novegeo_climate_v001.json,46a56b00792ffd6deae46861201b12b8ca47b9dfeacae43619fb58ee0a9114ac,SHARED_REFERENCE
NG-CLIM-OBS-000166,NG-SPT-000661,35.56,1.312533,1823,13.5,4.8,83,HUMID_HIGH_RAINFALL,governed_climatology_v001,QUALIFIED,dataset:novegeo:climate:baseline,1,data/novegeo/geography/climate/qualified/novegeo_climate_v001.json,46a56b00792ffd6deae46861201b12b8ca47b9dfeacae43619fb58ee0a9114ac,SHARED_REFERENCE
NG-CLIM-OBS-000167,NG-SPT-000665,37.24,1.312533,1654,18.8,4.5,88,HUMID,governed_climatology_v001,QUALIFIED,dataset:novegeo:climate:baseline,1,data/novegeo/geography/climate/qualified/novegeo_climate_v001.json,46a56b00792ffd6deae46861201b12b8ca47b9dfeacae43619fb58ee0a9114ac,SHARED_REFERENCE
NG-CLIM-OBS-000168,NG-SPT-000669,38.92,1.312533,1422,18.5,4.9,93,HUMID,governed_climatology_v001,QUALIFIED,dataset:novegeo:climate:baseline,1,data/novegeo/geography/climate/qualified/novegeo_climate_v001.json,46a56b00792ffd6deae46861201b12b8ca47b9dfeacae43619fb58ee0a9114ac,SHARED_REFERENCE
NG-CLIM-OBS-000169,NG-SPT-000673,40.6,1.312533,1100,18.8,5.3,98,SUBHUMID,governed_climatology_v001,QUALIFIED,dataset:novegeo:climate:baseline,1,data/novegeo/geography/climate/qualified/novegeo_climate_v001.json,46a56b00792ffd6deae46861201b12b8ca47b9dfeacae43619fb58ee0a9114ac,SHARED_REFERENCE
NG-CLIM-OBS-000170,NG-SPT-000677,42.28,1.312533,802,22.1,5.4,103,DRY_SUBHUMID,governed_climatology_v001,QUALIFIED,dataset:novegeo:climate:baseline,1,data/novegeo/geography/climate/qualified/novegeo_climate_v001.json,46a56b00792ffd6deae46861201b12b8ca47b9dfeacae43619fb58ee0a9114ac,SHARED_REFERENCE
NG-CLIM-OBS-000171,NG-SPT-000681,29.68,1.732533,639,26.6,5.0,68,DRY_SUBHUMID,governed_climatology_v001,QUALIFIED,dataset:novegeo:climate:baseline,1,data/novegeo/geography/climate/qualified/novegeo_climate_v001.json,46a56b00792ffd6deae46861201b12b8ca47b9dfeacae43619fb58ee0a9114ac,SHARED_REFERENCE
NG-CLIM-OBS-000172,NG-SPT-000685,31.36,1.732533,1005,22.6,5.0,73,SUBHUMID,governed_climatology_v001,QUALIFIED,dataset:novegeo:climate:baseline,1,data/novegeo/geography/climate/qualified/novegeo_climate_v001.json,46a56b00792ffd6deae46861201b12b8ca47b9dfeacae43619fb58ee0a9114ac,SHARED_REFERENCE
NG-CLIM-OBS-000173,NG-SPT-000689,33.04,1.732533,1615,15.4,5.3,78,HUMID,governed_climatology_v001,QUALIFIED,dataset:novegeo:climate:baseline,1,data/novegeo/geography/climate/qualified/novegeo_climate_v001.json,46a56b00792ffd6deae46861201b12b8ca47b9dfeacae43619fb58ee0a9114ac,SHARED_REFERENCE
NG-CLIM-OBS-000174,NG-SPT-000693,34.72,1.732533,1812,11.4,5.3,83,HUMID_HIGH_RAINFALL,governed_climatology_v001,QUALIFIED,dataset:novegeo:climate:baseline,1,data/novegeo/geography/climate/qualified/novegeo_climate_v001.json,46a56b00792ffd6deae46861201b12b8ca47b9dfeacae43619fb58ee0a9114ac,SHARED_REFERENCE
NG-CLIM-OBS-000175,NG-SPT-000697,36.4,1.732533,1606,16.2,4.7,88,HUMID,governed_climatology_v001,QUALIFIED,dataset:novegeo:climate:baseline,1,data/novegeo/geography/climate/qualified/novegeo_climate_v001.json,46a56b00792ffd6deae46861201b12b8ca47b9dfeacae43619fb58ee0a9114ac,SHARED_REFERENCE
NG-CLIM-OBS-000176,NG-SPT-000701,38.08,1.732533,1396,19.2,4.8,93,HUMID,governed_climatology_v001,QUALIFIED,dataset:novegeo:climate:baseline,1,data/novegeo/geography/climate/qualified/novegeo_climate_v001.json,46a56b00792ffd6deae46861201b12b8ca47b9dfeacae43619fb58ee0a9114ac,SHARED_REFERENCE
NG-CLIM-OBS-000177,NG-SPT-000705,39.76,1.732533,1166,18.1,5.2,98,SUBHUMID,governed_climatology_v001,QUALIFIED,dataset:novegeo:climate:baseline,1,data/novegeo/geography/climate/qualified/novegeo_climate_v001.json,46a56b00792ffd6deae46861201b12b8ca47b9dfeacae43619fb58ee0a9114ac,SHARED_REFERENCE
NG-CLIM-OBS-000178,NG-SPT-000709,41.44,1.732533,896,19.8,5.4,103,DRY_SUBHUMID,governed_climatology_v001,QUALIFIED,dataset:novegeo:climate:baseline,1,data/novegeo/geography/climate/qualified/novegeo_climate_v001.json,46a56b00792ffd6deae46861201b12b8ca47b9dfeacae43619fb58ee0a9114ac,SHARED_REFERENCE
NG-CLIM-OBS-000179,NG-SPT-000713,43.12,1.732533,680,23.9,5.4,108,DRY_SUBHUMID,governed_climatology_v001,QUALIFIED,dataset:novegeo:climate:baseline,1,data/novegeo/geography/climate/qualified/novegeo_climate_v001.json,46a56b00792ffd6deae46861201b12b8ca47b9dfeacae43619fb58ee0a9114ac,SHARED_REFERENCE
NG-CLIM-OBS-000180,NG-SPT-000717,30.52,2.152533,776,25.1,5.0,72,DRY_SUBHUMID,governed_climatology_v001,QUALIFIED,dataset:novegeo:climate:baseline,1,data/novegeo/geography/climate/qualified/novegeo_climate_v001.json,46a56b00792ffd6deae46861201b12b8ca47b9dfeacae43619fb58ee0a9114ac,SHARED_REFERENCE
NG-CLIM-OBS-000181,NG-SPT-000721,32.2,2.152533,1369,19.0,5.2,77,HUMID,governed_climatology_v001,QUALIFIED,dataset:novegeo:climate:baseline,1,data/novegeo/geography/climate/qualified/novegeo_climate_v001.json,46a56b00792ffd6deae46861201b12b8ca47b9dfeacae43619fb58ee0a9114ac,SHARED_REFERENCE
NG-CLIM-OBS-000182,NG-SPT-000725,33.88,2.152533,1825,12.1,5.5,82,HUMID_HIGH_RAINFALL,governed_climatology_v001,QUALIFIED,dataset:novegeo:climate:baseline,1,data/novegeo/geography/climate/qualified/novegeo_climate_v001.json,46a56b00792ffd6deae46861201b12b8ca47b9dfeacae43619fb58ee0a9114ac,SHARED_REFERENCE
NG-CLIM-OBS-000183,NG-SPT-000729,35.56,2.152533,1625,12.8,5.0,87,HUMID,governed_climatology_v001,QUALIFIED,dataset:novegeo:climate:baseline,1,data/novegeo/geography/climate/qualified/novegeo_climate_v001.json,46a56b00792ffd6deae46861201b12b8ca47b9dfeacae43619fb58ee0a9114ac,SHARED_REFERENCE
NG-CLIM-OBS-000184,NG-SPT-000733,37.24,2.152533,1333,18.8,4.7,92,HUMID,governed_climatology_v001,QUALIFIED,dataset:novegeo:climate:baseline,1,data/novegeo/geography/climate/qualified/novegeo_climate_v001.json,46a56b00792ffd6deae46861201b12b8ca47b9dfeacae43619fb58ee0a9114ac,SHARED_REFERENCE
NG-CLIM-OBS-000185,NG-SPT-000737,38.92,2.152533,1157,18.9,5.0,98,SUBHUMID,governed_climatology_v001,QUALIFIED,dataset:novegeo:climate:baseline,1,data/novegeo/geography/climate/qualified/novegeo_climate_v001.json,46a56b00792ffd6deae46861201b12b8ca47b9dfeacae43619fb58ee0a9114ac,SHARED_REFERENCE
NG-CLIM-OBS-000186,NG-SPT-000741,40.6,2.152533,961,18.4,5.4,103,SUBHUMID,governed_climatology_v001,QUALIFIED,dataset:novegeo:climate:baseline,1,data/novegeo/geography/climate/qualified/novegeo_climate_v001.json,46a56b00792ffd6deae46861201b12b8ca47b9dfeacae43619fb58ee0a9114ac,SHARED_REFERENCE
NG-CLIM-OBS-000187,NG-SPT-000745,42.28,2.152533,749,21.6,5.5,108,DRY_SUBHUMID,governed_climatology_v001,QUALIFIED,dataset:novegeo:climate:baseline,1,data/novegeo/geography/climate/qualified/novegeo_climate_v001.json,46a56b00792ffd6deae46861201b12b8ca47b9dfeacae43619fb58ee0a9114ac,SHARED_REFERENCE
NG-CLIM-OBS-000188,NG-SPT-000749,43.96,2.152533,604,25.5,5.6,113,DRY_SUBHUMID,governed_climatology_v001,QUALIFIED,dataset:novegeo:climate:baseline,1,data/novegeo/geography/climate/qualified/novegeo_climate_v001.json,46a56b00792ffd6deae46861201b12b8ca47b9dfeacae43619fb58ee0a9114ac,SHARED_REFERENCE
NG-CLIM-OBS-000189,NG-SPT-000753,30.94,2.572533,892,23.9,5.1,76,DRY_SUBHUMID,governed_climatology_v001,QUALIFIED,dataset:novegeo:climate:baseline,1,data/novegeo/geography/climate/qualified/novegeo_climate_v001.json,46a56b00792ffd6deae46861201b12b8ca47b9dfeacae43619fb58ee0a9114ac,SHARED_REFERENCE
NG-CLIM-OBS-000190,NG-SPT-000757,32.62,2.572533,1569,17.1,5.4,81,HUMID,governed_climatology_v001,QUALIFIED,dataset:novegeo:climate:baseline,1,data/novegeo/geography/climate/qualified/novegeo_climate_v001.json,46a56b00792ffd6deae46861201b12b8ca47b9dfeacae43619fb58ee0a9114ac,SHARED_REFERENCE
NG-CLIM-OBS-000191,NG-SPT-000761,34.3,2.572533,1798,11.4,5.5,86,HUMID,governed_climatology_v001,QUALIFIED,dataset:novegeo:climate:baseline,1,data/novegeo/geography/climate/qualified/novegeo_climate_v001.json,46a56b00792ffd6deae46861201b12b8ca47b9dfeacae43619fb58ee0a9114ac,SHARED_REFERENCE
NG-CLIM-OBS-000192,NG-SPT-000765,35.98,2.572533,1412,14.5,4.8,91,HUMID,governed_climatology_v001,QUALIFIED,dataset:novegeo:climate:baseline,1,data/novegeo/geography/climate/qualified/novegeo_climate_v001.json,46a56b00792ffd6deae46861201b12b8ca47b9dfeacae43619fb58ee0a9114ac,SHARED_REFERENCE
NG-CLIM-OBS-000193,NG-SPT-000769,37.66,2.572533,1132,19.7,4.7,96,SUBHUMID,governed_climatology_v001,QUALIFIED,dataset:novegeo:climate:baseline,1,data/novegeo/geography/climate/qualified/novegeo_climate_v001.json,46a56b00792ffd6deae46861201b12b8ca47b9dfeacae43619fb58ee0a9114ac,SHARED_REFERENCE
NG-CLIM-OBS-000194,NG-SPT-000773,39.34,2.572533,1001,18.9,5.2,101,SUBHUMID,governed_climatology_v001,QUALIFIED,dataset:novegeo:climate:baseline,1,data/novegeo/geography/climate/qualified/novegeo_climate_v001.json,46a56b00792ffd6deae46861201b12b8ca47b9dfeacae43619fb58ee0a9114ac,SHARED_REFERENCE
NG-CLIM-OBS-000195,NG-SPT-000777,41.02,2.572533,853,18.8,5.6,106,DRY_SUBHUMID,governed_climatology_v001,QUALIFIED,dataset:novegeo:climate:baseline,1,data/novegeo/geography/climate/qualified/novegeo_climate_v001.json,46a56b00792ffd6deae46861201b12b8ca47b9dfeacae43619fb58ee0a9114ac,SHARED_REFERENCE
NG-CLIM-OBS-000196,NG-SPT-000781,42.7,2.572533,684,22.6,5.6,111,DRY_SUBHUMID,governed_climatology_v001,QUALIFIED,dataset:novegeo:climate:baseline,1,data/novegeo/geography/climate/qualified/novegeo_climate_v001.json,46a56b00792ffd6deae46861201b12b8ca47b9dfeacae43619fb58ee0a9114ac,SHARED_REFERENCE
NG-CLIM-OBS-000197,NG-SPT-000785,29.68,2.992533,619,26.6,5.2,74,DRY_SUBHUMID,governed_climatology_v001,QUALIFIED,dataset:novegeo:climate:baseline,1,data/novegeo/geography/climate/qualified/novegeo_climate_v001.json,46a56b00792ffd6deae46861201b12b8ca47b9dfeacae43619fb58ee0a9114ac,SHARED_REFERENCE
NG-CLIM-OBS-000198,NG-SPT-000789,31.36,2.992533,1026,22.7,5.2,79,SUBHUMID,governed_climatology_v001,QUALIFIED,dataset:novegeo:climate:baseline,1,data/novegeo/geography/climate/qualified/novegeo_climate_v001.json,46a56b00792ffd6deae46861201b12b8ca47b9dfeacae43619fb58ee0a9114ac,SHARED_REFERENCE
NG-CLIM-OBS-000199,NG-SPT-000793,33.04,2.992533,1676,15.5,5.5,84,HUMID,governed_climatology_v001,QUALIFIED,dataset:novegeo:climate:baseline,1,data/novegeo/geography/climate/qualified/novegeo_climate_v001.json,46a56b00792ffd6deae46861201b12b8ca47b9dfeacae43619fb58ee0a9114ac,SHARED_REFERENCE
NG-CLIM-OBS-000200,NG-SPT-000797,34.72,2.992533,1637,11.7,5.4,89,HUMID,governed_climatology_v001,QUALIFIED,dataset:novegeo:climate:baseline,1,data/novegeo/geography/climate/qualified/novegeo_climate_v001.json,46a56b00792ffd6deae46861201b12b8ca47b9dfeacae43619fb58ee0a9114ac,SHARED_REFERENCE
NG-CLIM-OBS-000201,NG-SPT-000801,36.4,2.992533,1184,16.7,4.8,94,SUBHUMID,governed_climatology_v001,QUALIFIED,dataset:novegeo:climate:baseline,1,data/novegeo/geography/climate/qualified/novegeo_climate_v001.json,46a56b00792ffd6deae46861201b12b8ca47b9dfeacae43619fb58ee0a9114ac,SHARED_REFERENCE
NG-CLIM-OBS-000202,NG-SPT-000805,38.08,2.992533,966,20.5,4.8,99,SUBHUMID,governed_climatology_v001,QUALIFIED,dataset:novegeo:climate:baseline,1,data/novegeo/geography/climate/qualified/novegeo_climate_v001.json,46a56b00792ffd6deae46861201b12b8ca47b9dfeacae43619fb58ee0a9114ac,SHARED_REFERENCE
NG-CLIM-OBS-000203,NG-SPT-000809,39.76,2.992533,881,19.0,5.3,104,DRY_SUBHUMID,governed_climatology_v001,QUALIFIED,dataset:novegeo:climate:baseline,1,data/novegeo/geography/climate/qualified/novegeo_climate_v001.json,46a56b00792ffd6deae46861201b12b8ca47b9dfeacae43619fb58ee0a9114ac,SHARED_REFERENCE
NG-CLIM-OBS-000204,NG-SPT-000813,41.44,2.992533,770,19.6,5.7,109,DRY_SUBHUMID,governed_climatology_v001,QUALIFIED,dataset:novegeo:climate:baseline,1,data/novegeo/geography/climate/qualified/novegeo_climate_v001.json,46a56b00792ffd6deae46861201b12b8ca47b9dfeacae43619fb58ee0a9114ac,SHARED_REFERENCE
NG-CLIM-OBS-000205,NG-SPT-000817,43.12,2.992533,633,23.8,5.6,114,DRY_SUBHUMID,governed_climatology_v001,QUALIFIED,dataset:novegeo:climate:baseline,1,data/novegeo/geography/climate/qualified/novegeo_climate_v001.json,46a56b00792ffd6deae46861201b12b8ca47b9dfeacae43619fb58ee0a9114ac,SHARED_REFERENCE
NG-CLIM-OBS-000206,NG-SPT-000821,30.1,3.412533,659,26.1,5.2,77,DRY_SUBHUMID,governed_climatology_v001,QUALIFIED,dataset:novegeo:climate:baseline,1,data/novegeo/geography/climate/qualified/novegeo_climate_v001.json,46a56b00792ffd6deae46861201b12b8ca47b9dfeacae43619fb58ee0a9114ac,SHARED_REFERENCE
NG-CLIM-OBS-000207,NG-SPT-000825,31.78,3.412533,1137,21.4,5.3,82,SUBHUMID,governed_climatology_v001,QUALIFIED,dataset:novegeo:climate:baseline,1,data/novegeo/geography/climate/qualified/novegeo_climate_v001.json,46a56b00792ffd6deae46861201b12b8ca47b9dfeacae43619fb58ee0a9114ac,SHARED_REFERENCE
NG-CLIM-OBS-000208,NG-SPT-000829,33.46,3.412533,1639,14.5,5.5,87,HUMID,governed_climatology_v001,QUALIFIED,dataset:novegeo:climate:baseline,1,data/novegeo/geography/climate/qualified/novegeo_climate_v001.json,46a56b00792ffd6deae46861201b12b8ca47b9dfeacae43619fb58ee0a9114ac,SHARED_REFERENCE
NG-CLIM-OBS-000209,NG-SPT-000833,35.14,3.412533,1391,13.1,5.3,92,HUMID,governed_climatology_v001,QUALIFIED,dataset:novegeo:climate:baseline,1,data/novegeo/geography/climate/qualified/novegeo_climate_v001.json,46a56b00792ffd6deae46861201b12b8ca47b9dfeacae43619fb58ee0a9114ac,SHARED_REFERENCE
NG-CLIM-OBS-000210,NG-SPT-000837,36.82,3.412533,982,18.9,4.8,98,SUBHUMID,governed_climatology_v001,QUALIFIED,dataset:novegeo:climate:baseline,1,data/novegeo/geography/climate/qualified/novegeo_climate_v001.json,46a56b00792ffd6deae46861201b12b8ca47b9dfeacae43619fb58ee0a9114ac,SHARED_REFERENCE
NG-CLIM-OBS-000211,NG-SPT-000841,38.5,3.412533,841,21.1,4.9,103,DRY_SUBHUMID,governed_climatology_v001,QUALIFIED,dataset:novegeo:climate:baseline,1,data/novegeo/geography/climate/qualified/novegeo_climate_v001.json,46a56b00792ffd6deae46861201b12b8ca47b9dfeacae43619fb58ee0a9114ac,SHARED_REFERENCE
NG-CLIM-OBS-000212,NG-SPT-000845,40.18,3.412533,794,19.3,5.5,108,DRY_SUBHUMID,governed_climatology_v001,QUALIFIED,dataset:novegeo:climate:baseline,1,data/novegeo/geography/climate/qualified/novegeo_climate_v001.json,46a56b00792ffd6deae46861201b12b8ca47b9dfeacae43619fb58ee0a9114ac,SHARED_REFERENCE
NG-CLIM-OBS-000213,NG-SPT-000849,41.86,3.412533,704,20.7,5.7,113,DRY_SUBHUMID,governed_climatology_v001,QUALIFIED,dataset:novegeo:climate:baseline,1,data/novegeo/geography/climate/qualified/novegeo_climate_v001.json,46a56b00792ffd6deae46861201b12b8ca47b9dfeacae43619fb58ee0a9114ac,SHARED_REFERENCE
NG-CLIM-OBS-000214,NG-SPT-000853,43.54,3.412533,597,24.8,5.7,118,DRY_SUBHUMID,governed_climatology_v001,QUALIFIED,dataset:novegeo:climate:baseline,1,data/novegeo/geography/climate/qualified/novegeo_climate_v001.json,46a56b00792ffd6deae46861201b12b8ca47b9dfeacae43619fb58ee0a9114ac,SHARED_REFERENCE
NG-CLIM-OBS-000215,NG-SPT-000857,30.94,3.832533,794,24.4,5.3,82,DRY_SUBHUMID,governed_climatology_v001,QUALIFIED,dataset:novegeo:climate:baseline,1,data/novegeo/geography/climate/qualified/novegeo_climate_v001.json,46a56b00792ffd6deae46861201b12b8ca47b9dfeacae43619fb58ee0a9114ac,SHARED_REFERENCE
NG-CLIM-OBS-000216,NG-SPT-000861,32.62,3.832533,1311,18.5,5.4,87,HUMID,governed_climatology_v001,QUALIFIED,dataset:novegeo:climate:baseline,1,data/novegeo/geography/climate/qualified/novegeo_climate_v001.json,46a56b00792ffd6deae46861201b12b8ca47b9dfeacae43619fb58ee0a9114ac,SHARED_REFERENCE
NG-CLIM-OBS-000217,NG-SPT-000865,34.3,3.832533,1424,13.7,5.5,92,HUMID,governed_climatology_v001,QUALIFIED,dataset:novegeo:climate:baseline,1,data/novegeo/geography/climate/qualified/novegeo_climate_v001.json,46a56b00792ffd6deae46861201b12b8ca47b9dfeacae43619fb58ee0a9114ac,SHARED_REFERENCE
NG-CLIM-OBS-000218,NG-SPT-000869,35.98,3.832533,1033,16.6,4.8,97,SUBHUMID,governed_climatology_v001,QUALIFIED,dataset:novegeo:climate:baseline,1,data/novegeo/geography/climate/qualified/novegeo_climate_v001.json,46a56b00792ffd6deae46861201b12b8ca47b9dfeacae43619fb58ee0a9114ac,SHARED_REFERENCE
NG-CLIM-OBS-000219,NG-SPT-000873,37.66,3.832533,794,21.6,4.8,102,DRY_SUBHUMID,governed_climatology_v001,QUALIFIED,dataset:novegeo:climate:baseline,1,data/novegeo/geography/climate/qualified/novegeo_climate_v001.json,46a56b00792ffd6deae46861201b12b8ca47b9dfeacae43619fb58ee0a9114ac,SHARED_REFERENCE
NG-CLIM-OBS-000220,NG-SPT-000877,39.34,3.832533,748,21.0,5.2,107,DRY_SUBHUMID,governed_climatology_v001,QUALIFIED,dataset:novegeo:climate:baseline,1,data/novegeo/geography/climate/qualified/novegeo_climate_v001.json,46a56b00792ffd6deae46861201b12b8ca47b9dfeacae43619fb58ee0a9114ac,SHARED_REFERENCE
NG-CLIM-OBS-000221,NG-SPT-000881,41.02,3.832533,717,20.0,5.6,112,DRY_SUBHUMID,governed_climatology_v001,QUALIFIED,dataset:novegeo:climate:baseline,1,data/novegeo/geography/climate/qualified/novegeo_climate_v001.json,46a56b00792ffd6deae46861201b12b8ca47b9dfeacae43619fb58ee0a9114ac,SHARED_REFERENCE
NG-CLIM-OBS-000222,NG-SPT-000885,42.7,3.832533,629,23.1,5.7,117,DRY_SUBHUMID,governed_climatology_v001,QUALIFIED,dataset:novegeo:climate:baseline,1,data/novegeo/geography/climate/qualified/novegeo_climate_v001.json,46a56b00792ffd6deae46861201b12b8ca47b9dfeacae43619fb58ee0a9114ac,SHARED_REFERENCE
NG-CLIM-OBS-000223,NG-SPT-000889,30.52,4.252533,664,25.6,5.3,83,DRY_SUBHUMID,governed_climatology_v001,QUALIFIED,dataset:novegeo:climate:baseline,1,data/novegeo/geography/climate/qualified/novegeo_climate_v001.json,46a56b00792ffd6deae46861201b12b8ca47b9dfeacae43619fb58ee0a9114ac,SHARED_REFERENCE
NG-CLIM-OBS-000224,NG-SPT-000893,32.2,4.252533,1039,20.8,5.4,88,SUBHUMID,governed_climatology_v001,QUALIFIED,dataset:novegeo:climate:baseline,1,data/novegeo/geography/climate/qualified/novegeo_climate_v001.json,46a56b00792ffd6deae46861201b12b8ca47b9dfeacae43619fb58ee0a9114ac,SHARED_REFERENCE
NG-CLIM-OBS-000225,NG-SPT-000897,33.88,4.252533,1266,15.5,5.5,93,SUBHUMID,governed_climatology_v001,QUALIFIED,dataset:novegeo:climate:baseline,1,data/novegeo/geography/climate/qualified/novegeo_climate_v001.json,46a56b00792ffd6deae46861201b12b8ca47b9dfeacae43619fb58ee0a9114ac,SHARED_REFERENCE
NG-CLIM-OBS-000226,NG-SPT-000901,35.56,4.252533,1001,16.4,5.0,98,SUBHUMID,governed_climatology_v001,QUALIFIED,dataset:novegeo:climate:baseline,1,data/novegeo/geography/climate/qualified/novegeo_climate_v001.json,46a56b00792ffd6deae46861201b12b8ca47b9dfeacae43619fb58ee0a9114ac,SHARED_REFERENCE
NG-CLIM-OBS-000227,NG-SPT-000905,37.24,4.252533,752,21.6,4.7,103,DRY_SUBHUMID,governed_climatology_v001,QUALIFIED,dataset:novegeo:climate:baseline,1,data/novegeo/geography/climate/qualified/novegeo_climate_v001.json,46a56b00792ffd6deae46861201b12b8ca47b9dfeacae43619fb58ee0a9114ac,SHARED_REFERENCE
NG-CLIM-OBS-000228,NG-SPT-000909,38.92,4.252533,694,22.4,5.0,108,DRY_SUBHUMID,governed_climatology_v001,QUALIFIED,dataset:novegeo:climate:baseline,1,data/novegeo/geography/climate/qualified/novegeo_climate_v001.json,46a56b00792ffd6deae46861201b12b8ca47b9dfeacae43619fb58ee0a9114ac,SHARED_REFERENCE
NG-CLIM-OBS-000229,NG-SPT-000913,40.6,4.252533,689,20.9,5.5,113,DRY_SUBHUMID,governed_climatology_v001,QUALIFIED,dataset:novegeo:climate:baseline,1,data/novegeo/geography/climate/qualified/novegeo_climate_v001.json,46a56b00792ffd6deae46861201b12b8ca47b9dfeacae43619fb58ee0a9114ac,SHARED_REFERENCE
NG-CLIM-OBS-000230,NG-SPT-000917,42.28,4.252533,631,22.8,5.7,118,DRY_SUBHUMID,governed_climatology_v001,QUALIFIED,dataset:novegeo:climate:baseline,1,data/novegeo/geography/climate/qualified/novegeo_climate_v001.json,46a56b00792ffd6deae46861201b12b8ca47b9dfeacae43619fb58ee0a9114ac,SHARED_REFERENCE
NG-CLIM-OBS-000231,NG-SPT-000921,30.52,4.672533,628,25.7,5.4,85,DRY_SUBHUMID,governed_climatology_v001,QUALIFIED,dataset:novegeo:climate:baseline,1,data/novegeo/geography/climate/qualified/novegeo_climate_v001.json,46a56b00792ffd6deae46861201b12b8ca47b9dfeacae43619fb58ee0a9114ac,SHARED_REFERENCE
NG-CLIM-OBS-000232,NG-SPT-000925,32.2,4.672533,900,21.5,5.4,90,SUBHUMID,governed_climatology_v001,QUALIFIED,dataset:novegeo:climate:baseline,1,data/novegeo/geography/climate/qualified/novegeo_climate_v001.json,46a56b00792ffd6deae46861201b12b8ca47b9dfeacae43619fb58ee0a9114ac,SHARED_REFERENCE
NG-CLIM-OBS-000233,NG-SPT-000929,33.88,4.672533,1071,16.8,5.4,95,SUBHUMID,governed_climatology_v001,QUALIFIED,dataset:novegeo:climate:baseline,1,data/novegeo/geography/climate/qualified/novegeo_climate_v001.json,46a56b00792ffd6deae46861201b12b8ca47b9dfeacae43619fb58ee0a9114ac,SHARED_REFERENCE
NG-CLIM-OBS-000234,NG-SPT-000933,35.56,4.672533,884,17.7,5.0,100,DRY_SUBHUMID,governed_climatology_v001,QUALIFIED,dataset:novegeo:climate:baseline,1,data/novegeo/geography/climate/qualified/novegeo_climate_v001.json,46a56b00792ffd6deae46861201b12b8ca47b9dfeacae43619fb58ee0a9114ac,SHARED_REFERENCE
NG-CLIM-OBS-000235,NG-SPT-000937,37.24,4.672533,692,22.4,4.7,105,DRY_SUBHUMID,governed_climatology_v001,QUALIFIED,dataset:novegeo:climate:baseline,1,data/novegeo/geography/climate/qualified/novegeo_climate_v001.json,46a56b00792ffd6deae46861201b12b8ca47b9dfeacae43619fb58ee0a9114ac,SHARED_REFERENCE
NG-CLIM-OBS-000236,NG-SPT-000941,38.92,4.672533,648,23.3,5.0,110,DRY_SUBHUMID,governed_climatology_v001,QUALIFIED,dataset:novegeo:climate:baseline,1,data/novegeo/geography/climate/qualified/novegeo_climate_v001.json,46a56b00792ffd6deae46861201b12b8ca47b9dfeacae43619fb58ee0a9114ac,SHARED_REFERENCE
NG-CLIM-OBS-000237,NG-SPT-000945,40.6,4.672533,653,21.9,5.5,115,DRY_SUBHUMID,governed_climatology_v001,QUALIFIED,dataset:novegeo:climate:baseline,1,data/novegeo/geography/climate/qualified/novegeo_climate_v001.json,46a56b00792ffd6deae46861201b12b8ca47b9dfeacae43619fb58ee0a9114ac,SHARED_REFERENCE
NG-CLIM-OBS-000238,NG-SPT-000949,42.28,4.672533,612,23.4,5.7,120,DRY_SUBHUMID,governed_climatology_v001,QUALIFIED,dataset:novegeo:climate:baseline,1,data/novegeo/geography/climate/qualified/novegeo_climate_v001.json,46a56b00792ffd6deae46861201b12b8ca47b9dfeacae43619fb58ee0a9114ac,SHARED_REFERENCE
NG-CLIM-OBS-000239,NG-SPT-000953,30.94,5.092533,634,25.2,5.4,88,DRY_SUBHUMID,governed_climatology_v001,QUALIFIED,dataset:novegeo:climate:baseline,1,data/novegeo/geography/climate/qualified/novegeo_climate_v001.json,46a56b00792ffd6deae46861201b12b8ca47b9dfeacae43619fb58ee0a9114ac,SHARED_REFERENCE
NG-CLIM-OBS-000240,NG-SPT-000957,32.62,5.092533,834,21.1,5.4,93,DRY_SUBHUMID,governed_climatology_v001,QUALIFIED,dataset:novegeo:climate:baseline,1,data/novegeo/geography/climate/qualified/novegeo_climate_v001.json,46a56b00792ffd6deae46861201b12b8ca47b9dfeacae43619fb58ee0a9114ac,SHARED_REFERENCE
NG-CLIM-OBS-000241,NG-SPT-000961,34.3,5.092533,897,17.8,5.3,98,DRY_SUBHUMID,governed_climatology_v001,QUALIFIED,dataset:novegeo:climate:baseline,1,data/novegeo/geography/climate/qualified/novegeo_climate_v001.json,46a56b00792ffd6deae46861201b12b8ca47b9dfeacae43619fb58ee0a9114ac,SHARED_REFERENCE
NG-CLIM-OBS-000242,NG-SPT-000965,35.98,5.092533,746,20.0,4.7,103,DRY_SUBHUMID,governed_climatology_v001,QUALIFIED,dataset:novegeo:climate:baseline,1,data/novegeo/geography/climate/qualified/novegeo_climate_v001.json,46a56b00792ffd6deae46861201b12b8ca47b9dfeacae43619fb58ee0a9114ac,SHARED_REFERENCE
NG-CLIM-OBS-000243,NG-SPT-000969,37.66,5.092533,631,23.8,4.8,108,DRY_SUBHUMID,governed_climatology_v001,QUALIFIED,dataset:novegeo:climate:baseline,1,data/novegeo/geography/climate/qualified/novegeo_climate_v001.json,46a56b00792ffd6deae46861201b12b8ca47b9dfeacae43619fb58ee0a9114ac,SHARED_REFERENCE
NG-CLIM-OBS-000244,NG-SPT-000973,39.34,5.092533,616,23.8,5.1,113,DRY_SUBHUMID,governed_climatology_v001,QUALIFIED,dataset:novegeo:climate:baseline,1,data/novegeo/geography/climate/qualified/novegeo_climate_v001.json,46a56b00792ffd6deae46861201b12b8ca47b9dfeacae43619fb58ee0a9114ac,SHARED_REFERENCE
NG-CLIM-OBS-000245,NG-SPT-000977,41.02,5.092533,619,23.0,5.6,119,DRY_SUBHUMID,governed_climatology_v001,QUALIFIED,dataset:novegeo:climate:baseline,1,data/novegeo/geography/climate/qualified/novegeo_climate_v001.json,46a56b00792ffd6deae46861201b12b8ca47b9dfeacae43619fb58ee0a9114ac,SHARED_REFERENCE
NG-CLIM-OBS-000246,NG-SPT-000981,30.52,5.512533,577,26.0,5.5,89,DRY_SUBHUMID,governed_climatology_v001,QUALIFIED,dataset:novegeo:climate:baseline,1,data/novegeo/geography/climate/qualified/novegeo_climate_v001.json,46a56b00792ffd6deae46861201b12b8ca47b9dfeacae43619fb58ee0a9114ac,SHARED_REFERENCE
NG-CLIM-OBS-000247,NG-SPT-000985,32.2,5.512533,697,23.0,5.4,94,DRY_SUBHUMID,governed_climatology_v001,QUALIFIED,dataset:novegeo:climate:baseline,1,data/novegeo/geography/climate/qualified/novegeo_climate_v001.json,46a56b00792ffd6deae46861201b12b8ca47b9dfeacae43619fb58ee0a9114ac,SHARED_REFERENCE
NG-CLIM-OBS-000248,NG-SPT-000989,33.88,5.512533,787,19.6,5.3,99,DRY_SUBHUMID,governed_climatology_v001,QUALIFIED,dataset:novegeo:climate:baseline,1,data/novegeo/geography/climate/qualified/novegeo_climate_v001.json,46a56b00792ffd6deae46861201b12b8ca47b9dfeacae43619fb58ee0a9114ac,SHARED_REFERENCE
NG-CLIM-OBS-000249,NG-SPT-000993,35.56,5.512533,716,20.2,4.9,104,DRY_SUBHUMID,governed_climatology_v001,QUALIFIED,dataset:novegeo:climate:baseline,1,data/novegeo/geography/climate/qualified/novegeo_climate_v001.json,46a56b00792ffd6deae46861201b12b8ca47b9dfeacae43619fb58ee0a9114ac,SHARED_REFERENCE
NG-CLIM-OBS-000250,NG-SPT-000997,37.24,5.512533,616,23.8,4.7,109,DRY_SUBHUMID,governed_climatology_v001,QUALIFIED,dataset:novegeo:climate:baseline,1,data/novegeo/geography/climate/qualified/novegeo_climate_v001.json,46a56b00792ffd6deae46861201b12b8ca47b9dfeacae43619fb58ee0a9114ac,SHARED_REFERENCE
NG-CLIM-OBS-000251,NG-SPT-001001,38.92,5.512533,589,24.8,5.0,114,DRY_SUBHUMID,governed_climatology_v001,QUALIFIED,dataset:novegeo:climate:baseline,1,data/novegeo/geography/climate/qualified/novegeo_climate_v001.json,46a56b00792ffd6deae46861201b12b8ca47b9dfeacae43619fb58ee0a9114ac,SHARED_REFERENCE
NG-CLIM-OBS-000252,NG-SPT-001005,40.6,5.512533,597,24.0,5.4,119,DRY_SUBHUMID,governed_climatology_v001,QUALIFIED,dataset:novegeo:climate:baseline,1,data/novegeo/geography/climate/qualified/novegeo_climate_v001.json,46a56b00792ffd6deae46861201b12b8ca47b9dfeacae43619fb58ee0a9114ac,SHARED_REFERENCE
NG-CLIM-OBS-000253,NG-SPT-001009,31.36,5.932533,595,25.1,5.4,94,DRY_SUBHUMID,governed_climatology_v001,QUALIFIED,dataset:novegeo:climate:baseline,1,data/novegeo/geography/climate/qualified/novegeo_climate_v001.json,46a56b00792ffd6deae46861201b12b8ca47b9dfeacae43619fb58ee0a9114ac,SHARED_REFERENCE
NG-CLIM-OBS-000254,NG-SPT-001013,33.04,5.932533,681,22.1,5.3,99,DRY_SUBHUMID,governed_climatology_v001,QUALIFIED,dataset:novegeo:climate:baseline,1,data/novegeo/geography/climate/qualified/novegeo_climate_v001.json,46a56b00792ffd6deae46861201b12b8ca47b9dfeacae43619fb58ee0a9114ac,SHARED_REFERENCE
NG-CLIM-OBS-000255,NG-SPT-001017,34.72,5.932533,695,20.6,5.1,104,DRY_SUBHUMID,governed_climatology_v001,QUALIFIED,dataset:novegeo:climate:baseline,1,data/novegeo/geography/climate/qualified/novegeo_climate_v001.json,46a56b00792ffd6deae46861201b12b8ca47b9dfeacae43619fb58ee0a9114ac,SHARED_REFERENCE
NG-CLIM-OBS-000256,NG-SPT-001021,36.4,5.932533,624,23.0,4.7,109,DRY_SUBHUMID,governed_climatology_v001,QUALIFIED,dataset:novegeo:climate:baseline,1,data/novegeo/geography/climate/qualified/novegeo_climate_v001.json,46a56b00792ffd6deae46861201b12b8ca47b9dfeacae43619fb58ee0a9114ac,SHARED_REFERENCE
NG-CLIM-OBS-000257,NG-SPT-001025,38.08,5.932533,575,25.3,4.8,114,DRY_SUBHUMID,governed_climatology_v001,QUALIFIED,dataset:novegeo:climate:baseline,1,data/novegeo/geography/climate/qualified/novegeo_climate_v001.json,46a56b00792ffd6deae46861201b12b8ca47b9dfeacae43619fb58ee0a9114ac,SHARED_REFERENCE
NG-CLIM-OBS-000258,NG-SPT-001029,39.76,5.932533,574,25.2,5.2,119,DRY_SUBHUMID,governed_climatology_v001,QUALIFIED,dataset:novegeo:climate:baseline,1,data/novegeo/geography/climate/qualified/novegeo_climate_v001.json,46a56b00792ffd6deae46861201b12b8ca47b9dfeacae43619fb58ee0a9114ac,SHARED_REFERENCE
NG-CLIM-OBS-000259,NG-SPT-001033,30.52,6.352533,554,26.2,5.6,93,DRY_SUBHUMID,governed_climatology_v001,QUALIFIED,dataset:novegeo:climate:baseline,1,data/novegeo/geography/climate/qualified/novegeo_climate_v001.json,46a56b00792ffd6deae46861201b12b8ca47b9dfeacae43619fb58ee0a9114ac,SHARED_REFERENCE
NG-CLIM-OBS-000260,NG-SPT-001037,32.2,6.352533,600,24.4,5.4,98,DRY_SUBHUMID,governed_climatology_v001,QUALIFIED,dataset:novegeo:climate:baseline,1,data/novegeo/geography/climate/qualified/novegeo_climate_v001.json,46a56b00792ffd6deae46861201b12b8ca47b9dfeacae43619fb58ee0a9114ac,SHARED_REFERENCE
NG-CLIM-OBS-000261,NG-SPT-001041,33.88,6.352533,646,22.2,5.2,103,DRY_SUBHUMID,governed_climatology_v001,QUALIFIED,dataset:novegeo:climate:baseline,1,data/novegeo/geography/climate/qualified/novegeo_climate_v001.json,46a56b00792ffd6deae46861201b12b8ca47b9dfeacae43619fb58ee0a9114ac,SHARED_REFERENCE
NG-CLIM-OBS-000262,NG-SPT-001045,35.56,6.352533,624,22.7,4.8,108,DRY_SUBHUMID,governed_climatology_v001,QUALIFIED,dataset:novegeo:climate:baseline,1,data/novegeo/geography/climate/qualified/novegeo_climate_v001.json,46a56b00792ffd6deae46861201b12b8ca47b9dfeacae43619fb58ee0a9114ac,SHARED_REFERENCE
NG-CLIM-OBS-000263,NG-SPT-001049,37.24,6.352533,573,25.2,4.7,113,DRY_SUBHUMID,governed_climatology_v001,QUALIFIED,dataset:novegeo:climate:baseline,1,data/novegeo/geography/climate/qualified/novegeo_climate_v001.json,46a56b00792ffd6deae46861201b12b8ca47b9dfeacae43619fb58ee0a9114ac,SHARED_REFERENCE
NG-CLIM-OBS-000264,NG-SPT-001053,38.92,6.352533,555,26.1,5.0,119,DRY_SUBHUMID,governed_climatology_v001,QUALIFIED,dataset:novegeo:climate:baseline,1,data/novegeo/geography/climate/qualified/novegeo_climate_v001.json,46a56b00792ffd6deae46861201b12b8ca47b9dfeacae43619fb58ee0a9114ac,SHARED_REFERENCE
NG-CLIM-OBS-000265,NG-SPT-001057,40.6,6.352533,559,25.8,5.4,124,DRY_SUBHUMID,governed_climatology_v001,QUALIFIED,dataset:novegeo:climate:baseline,1,data/novegeo/geography/climate/qualified/novegeo_climate_v001.json,46a56b00792ffd6deae46861201b12b8ca47b9dfeacae43619fb58ee0a9114ac,SHARED_REFERENCE
NG-CLIM-OBS-000266,NG-SPT-001061,32.62,6.772533,586,24.6,5.3,102,DRY_SUBHUMID,governed_climatology_v001,QUALIFIED,dataset:novegeo:climate:baseline,1,data/novegeo/geography/climate/qualified/novegeo_climate_v001.json,46a56b00792ffd6deae46861201b12b8ca47b9dfeacae43619fb58ee0a9114ac,SHARED_REFERENCE
NG-CLIM-OBS-000267,NG-SPT-001065,34.3,6.772533,610,23.3,5.1,107,DRY_SUBHUMID,governed_climatology_v001,QUALIFIED,dataset:novegeo:climate:baseline,1,data/novegeo/geography/climate/qualified/novegeo_climate_v001.json,46a56b00792ffd6deae46861201b12b8ca47b9dfeacae43619fb58ee0a9114ac,SHARED_REFERENCE
NG-CLIM-OBS-000268,NG-SPT-001069,35.98,6.772533,586,24.4,4.6,112,DRY_SUBHUMID,governed_climatology_v001,QUALIFIED,dataset:novegeo:climate:baseline,1,data/novegeo/geography/climate/qualified/novegeo_climate_v001.json,46a56b00792ffd6deae46861201b12b8ca47b9dfeacae43619fb58ee0a9114ac,SHARED_REFERENCE
NG-CLIM-OBS-000269,NG-SPT-001073,37.66,6.772533,551,26.2,4.8,117,DRY_SUBHUMID,governed_climatology_v001,QUALIFIED,dataset:novegeo:climate:baseline,1,data/novegeo/geography/climate/qualified/novegeo_climate_v001.json,46a56b00792ffd6deae46861201b12b8ca47b9dfeacae43619fb58ee0a9114ac,SHARED_REFERENCE
NG-CLIM-OBS-000270,NG-SPT-001077,39.34,6.772533,544,26.5,5.1,122,DRY_SUBHUMID,governed_climatology_v001,QUALIFIED,dataset:novegeo:climate:baseline,1,data/novegeo/geography/climate/qualified/novegeo_climate_v001.json,46a56b00792ffd6deae46861201b12b8ca47b9dfeacae43619fb58ee0a9114ac,SHARED_REFERENCE
NG-CLIM-OBS-000271,NG-SPT-001081,33.04,7.192533,573,24.9,5.3,105,DRY_SUBHUMID,governed_climatology_v001,QUALIFIED,dataset:novegeo:climate:baseline,1,data/novegeo/geography/climate/qualified/novegeo_climate_v001.json,46a56b00792ffd6deae46861201b12b8ca47b9dfeacae43619fb58ee0a9114ac,SHARED_REFERENCE
NG-CLIM-OBS-000272,NG-SPT-001085,34.72,7.192533,582,24.4,4.9,110,DRY_SUBHUMID,governed_climatology_v001,QUALIFIED,dataset:novegeo:climate:baseline,1,data/novegeo/geography/climate/qualified/novegeo_climate_v001.json,46a56b00792ffd6deae46861201b12b8ca47b9dfeacae43619fb58ee0a9114ac,SHARED_REFERENCE
NG-CLIM-OBS-000273,NG-SPT-001089,36.4,7.192533,559,25.7,4.6,115,DRY_SUBHUMID,governed_climatology_v001,QUALIFIED,dataset:novegeo:climate:baseline,1,data/novegeo/geography/climate/qualified/novegeo_climate_v001.json,46a56b00792ffd6deae46861201b12b8ca47b9dfeacae43619fb58ee0a9114ac,SHARED_REFERENCE
NG-CLIM-OBS-000274,NG-SPT-001093,38.08,7.192533,537,26.8,4.9,120,DRY_SUBHUMID,governed_climatology_v001,QUALIFIED,dataset:novegeo:climate:baseline,1,data/novegeo/geography/climate/qualified/novegeo_climate_v001.json,46a56b00792ffd6deae46861201b12b8ca47b9dfeacae43619fb58ee0a9114ac,SHARED_REFERENCE
NG-CLIM-OBS-000275,NG-SPT-001097,34.3,7.612533,564,25.3,5.0,111,DRY_SUBHUMID,governed_climatology_v001,QUALIFIED,dataset:novegeo:climate:baseline,1,data/novegeo/geography/climate/qualified/novegeo_climate_v001.json,46a56b00792ffd6deae46861201b12b8ca47b9dfeacae43619fb58ee0a9114ac,SHARED_REFERENCE
NG-CLIM-OBS-000276,NG-SPT-001101,35.98,7.612533,550,26.0,4.6,116,DRY_SUBHUMID,governed_climatology_v001,QUALIFIED,dataset:novegeo:climate:baseline,1,data/novegeo/geography/climate/qualified/novegeo_climate_v001.json,46a56b00792ffd6deae46861201b12b8ca47b9dfeacae43619fb58ee0a9114ac,SHARED_REFERENCE
