name_id,canonical_name,ascii_name,name_family,derivation_type,source_record_id,source_name,source_family,transformation_rule,naming_status_code,source_basis,runtime_effect_scope,record_status
NG-NAM-MOU-000001,Bellwether Mountain,Bellwether Mountain,MOUNTAIN,SOURCE_DERIVED,NGP-000002,Bellwether,PLACE,prefix=NONE;suffix=Mountain,AVAILABLE,NoveGeo 700-place corpus + tribes + governed person-name seeds,SHARED_REFERENCE,ACTIVE
NG-NAM-MOU-000002,New Carrow Peak,New Carrow Peak,MOUNTAIN,SOURCE_DERIVED,NGP-000003,New Carrow,PLACE,prefix=NONE;suffix=Peak,AVAILABLE,NoveGeo 700-place corpus + tribes + governed person-name seeds,SHARED_REFERENCE,ACTIVE
NG-NAM-MOU-000003,East Meridian Mount,East Meridian Mount,MOUNTAIN,SOURCE_DERIVED,NGP-000004,East Meridian,PLACE,prefix=NONE;suffix=Mount,AVAILABLE,NoveGeo 700-place corpus + tribes + governed person-name seeds,SHARED_REFERENCE,ACTIVE
NG-NAM-MOU-000004,Ashbourne Mountain,Ashbourne Mountain,MOUNTAIN,SOURCE_DERIVED,NGP-000025,Ashbourne,PLACE,prefix=NONE;suffix=Mountain,AVAILABLE,NoveGeo 700-place corpus + tribes + governed person-name seeds,SHARED_REFERENCE,ACTIVE
NG-NAM-MOU-000005,Elmtree Peak,Elmtree Peak,MOUNTAIN,SOURCE_DERIVED,NGP-000027,Elmtree,PLACE,prefix=NONE;suffix=Peak,AVAILABLE,NoveGeo 700-place corpus + tribes + governed person-name seeds,SHARED_REFERENCE,ACTIVE
NG-NAM-MOU-000006,Kingswell Mount,Kingswell Mount,MOUNTAIN,SOURCE_DERIVED,NGP-000029,Kingswell,PLACE,prefix=NONE;suffix=Mount,AVAILABLE,NoveGeo 700-place corpus + tribes + governed person-name seeds,SHARED_REFERENCE,ACTIVE
NG-NAM-MOU-000007,Brackenford Mountain,Brackenford Mountain,MOUNTAIN,SOURCE_DERIVED,NGP-000030,Brackenford,PLACE,prefix=NONE;suffix=Mountain,AVAILABLE,NoveGeo 700-place corpus + tribes + governed person-name seeds,SHARED_REFERENCE,ACTIVE
NG-NAM-MOU-000008,Rosehaven Peak,Rosehaven Peak,MOUNTAIN,SOURCE_DERIVED,NGP-000031,Rosehaven,PLACE,prefix=NONE;suffix=Peak,AVAILABLE,NoveGeo 700-place corpus + tribes + governed person-name seeds,SHARED_REFERENCE,ACTIVE
NG-NAM-MOU-000009,Claybourne Mount,Claybourne Mount,MOUNTAIN,SOURCE_DERIVED,NGP-000032,Claybourne,PLACE,prefix=NONE;suffix=Mount,AVAILABLE,NoveGeo 700-place corpus + tribes + governed person-name seeds,SHARED_REFERENCE,ACTIVE
NG-NAM-MOU-000010,Newstead Mountain,Newstead Mountain,MOUNTAIN,SOURCE_DERIVED,NGP-000033,Newstead,PLACE,prefix=NONE;suffix=Mountain,AVAILABLE,NoveGeo 700-place corpus + tribes + governed person-name seeds,SHARED_REFERENCE,ACTIVE
NG-NAM-MOU-000011,Larkspur Peak,Larkspur Peak,MOUNTAIN,SOURCE_DERIVED,NGP-000034,Larkspur,PLACE,prefix=NONE;suffix=Peak,AVAILABLE,NoveGeo 700-place corpus + tribes + governed person-name seeds,SHARED_REFERENCE,ACTIVE
NG-NAM-MOU-000012,Eastbridge Mount,Eastbridge Mount,MOUNTAIN,SOURCE_DERIVED,NGP-000035,Eastbridge,PLACE,prefix=NONE;suffix=Mount,AVAILABLE,NoveGeo 700-place corpus + tribes + governed person-name seeds,SHARED_REFERENCE,ACTIVE
NG-NAM-MOU-000013,Hillmark Mountain,Hillmark Mountain,MOUNTAIN,SOURCE_DERIVED,NGP-000036,Hillmark,PLACE,prefix=NONE;suffix=Mountain,AVAILABLE,NoveGeo 700-place corpus + tribes + governed person-name seeds,SHARED_REFERENCE,ACTIVE
NG-NAM-MOU-000014,Greyhaven Peak,Greyhaven Peak,MOUNTAIN,SOURCE_DERIVED,NGP-000037,Greyhaven,PLACE,prefix=NONE;suffix=Peak,AVAILABLE,NoveGeo 700-place corpus + tribes + governed person-name seeds,SHARED_REFERENCE,ACTIVE
NG-NAM-MOU-000015,Stoneleigh Mount,Stoneleigh Mount,MOUNTAIN,SOURCE_DERIVED,NGP-000039,Stoneleigh,PLACE,prefix=NONE;suffix=Mount,AVAILABLE,NoveGeo 700-place corpus + tribes + governed person-name seeds,SHARED_REFERENCE,ACTIVE
NG-NAM-MOU-000016,Lower Ashbourne Mountain,Lower Ashbourne Mountain,MOUNTAIN,SOURCE_DERIVED,NGP-000049,Lower Ashbourne,PLACE,prefix=NONE;suffix=Mountain,AVAILABLE,NoveGeo 700-place corpus + tribes + governed person-name seeds,SHARED_REFERENCE,ACTIVE
NG-NAM-MOU-000017,Ashbourne Green Peak,Ashbourne Green Peak,MOUNTAIN,SOURCE_DERIVED,NGP-000050,Ashbourne Green,PLACE,prefix=NONE;suffix=Peak,AVAILABLE,NoveGeo 700-place corpus + tribes + governed person-name seeds,SHARED_REFERENCE,ACTIVE
NG-NAM-MOU-000018,Crescenton Fields Mount,Crescenton Fields Mount,MOUNTAIN,SOURCE_DERIVED,NGP-000052,Crescenton Fields,PLACE,prefix=NONE;suffix=Mount,AVAILABLE,NoveGeo 700-place corpus + tribes + governed person-name seeds,SHARED_REFERENCE,ACTIVE
NG-NAM-MOU-000019,Elmtree Hollow Mountain,Elmtree Hollow Mountain,MOUNTAIN,SOURCE_DERIVED,NGP-000053,Elmtree Hollow,PLACE,prefix=NONE;suffix=Mountain,AVAILABLE,NoveGeo 700-place corpus + tribes + governed person-name seeds,SHARED_REFERENCE,ACTIVE
NG-NAM-MOU-000020,Elmtree Brook Peak,Elmtree Brook Peak,MOUNTAIN,SOURCE_DERIVED,NGP-000054,Elmtree Brook,PLACE,prefix=NONE;suffix=Peak,AVAILABLE,NoveGeo 700-place corpus + tribes + governed person-name seeds,SHARED_REFERENCE,ACTIVE
NG-NAM-MOU-000021,Faircross Vale Mount,Faircross Vale Mount,MOUNTAIN,SOURCE_DERIVED,NGP-000056,Faircross Vale,PLACE,prefix=NONE;suffix=Mount,AVAILABLE,NoveGeo 700-place corpus + tribes + governed person-name seeds,SHARED_REFERENCE,ACTIVE
NG-NAM-MOU-000022,North Kingswell Mountain,North Kingswell Mountain,MOUNTAIN,SOURCE_DERIVED,NGP-000057,North Kingswell,PLACE,prefix=NONE;suffix=Mountain,AVAILABLE,NoveGeo 700-place corpus + tribes + governed person-name seeds,SHARED_REFERENCE,ACTIVE
NG-NAM-MOU-000023,Kingswell End Peak,Kingswell End Peak,MOUNTAIN,SOURCE_DERIVED,NGP-000058,Kingswell End,PLACE,prefix=NONE;suffix=Peak,AVAILABLE,NoveGeo 700-place corpus + tribes + governed person-name seeds,SHARED_REFERENCE,ACTIVE
NG-NAM-MOU-000024,Brackenford Heath Mount,Brackenford Heath Mount,MOUNTAIN,SOURCE_DERIVED,NGP-000059,Brackenford Heath,PLACE,prefix=NONE;suffix=Mount,AVAILABLE,NoveGeo 700-place corpus + tribes + governed person-name seeds,SHARED_REFERENCE,ACTIVE
NG-NAM-MOU-000025,Brackenford Grove Mountain,Brackenford Grove Mountain,MOUNTAIN,SOURCE_DERIVED,NGP-000060,Brackenford Grove,PLACE,prefix=NONE;suffix=Mountain,AVAILABLE,NoveGeo 700-place corpus + tribes + governed person-name seeds,SHARED_REFERENCE,ACTIVE
NG-NAM-MOU-000026,Upper Rosehaven Peak,Upper Rosehaven Peak,MOUNTAIN,SOURCE_DERIVED,NGP-000061,Upper Rosehaven,PLACE,prefix=NONE;suffix=Peak,AVAILABLE,NoveGeo 700-place corpus + tribes + governed person-name seeds,SHARED_REFERENCE,ACTIVE
NG-NAM-MOU-000027,Rosehaven Meadow Mount,Rosehaven Meadow Mount,MOUNTAIN,SOURCE_DERIVED,NGP-000062,Rosehaven Meadow,PLACE,prefix=NONE;suffix=Mount,AVAILABLE,NoveGeo 700-place corpus + tribes + governed person-name seeds,SHARED_REFERENCE,ACTIVE
NG-NAM-MOU-000028,Claybourne Ford Mountain,Claybourne Ford Mountain,MOUNTAIN,SOURCE_DERIVED,NGP-000063,Claybourne Ford,PLACE,prefix=NONE;suffix=Mountain,AVAILABLE,NoveGeo 700-place corpus + tribes + governed person-name seeds,SHARED_REFERENCE,ACTIVE
NG-NAM-MOU-000029,Claybourne Common Peak,Claybourne Common Peak,MOUNTAIN,SOURCE_DERIVED,NGP-000064,Claybourne Common,PLACE,prefix=NONE;suffix=Peak,AVAILABLE,NoveGeo 700-place corpus + tribes + governed person-name seeds,SHARED_REFERENCE,ACTIVE
NG-NAM-MOU-000030,Little Newstead Mount,Little Newstead Mount,MOUNTAIN,SOURCE_DERIVED,NGP-000065,Little Newstead,PLACE,prefix=NONE;suffix=Mount,AVAILABLE,NoveGeo 700-place corpus + tribes + governed person-name seeds,SHARED_REFERENCE,ACTIVE
NG-NAM-MOU-000031,Newstead Rise Mountain,Newstead Rise Mountain,MOUNTAIN,SOURCE_DERIVED,NGP-000066,Newstead Rise,PLACE,prefix=NONE;suffix=Mountain,AVAILABLE,NoveGeo 700-place corpus + tribes + governed person-name seeds,SHARED_REFERENCE,ACTIVE
NG-NAM-MOU-000032,Larkspur Hill Peak,Larkspur Hill Peak,MOUNTAIN,SOURCE_DERIVED,NGP-000067,Larkspur Hill,PLACE,prefix=NONE;suffix=Peak,AVAILABLE,NoveGeo 700-place corpus + tribes + governed person-name seeds,SHARED_REFERENCE,ACTIVE
NG-NAM-MOU-000033,Larkspur Springs Mount,Larkspur Springs Mount,MOUNTAIN,SOURCE_DERIVED,NGP-000068,Larkspur Springs,PLACE,prefix=NONE;suffix=Mount,AVAILABLE,NoveGeo 700-place corpus + tribes + governed person-name seeds,SHARED_REFERENCE,ACTIVE
NG-NAM-MOU-000034,West Eastbridge Mountain,West Eastbridge Mountain,MOUNTAIN,SOURCE_DERIVED,NGP-000069,West Eastbridge,PLACE,prefix=NONE;suffix=Mountain,AVAILABLE,NoveGeo 700-place corpus + tribes + governed person-name seeds,SHARED_REFERENCE,ACTIVE
NG-NAM-MOU-000035,Eastbridge Lane Peak,Eastbridge Lane Peak,MOUNTAIN,SOURCE_DERIVED,NGP-000070,Eastbridge Lane,PLACE,prefix=NONE;suffix=Peak,AVAILABLE,NoveGeo 700-place corpus + tribes + governed person-name seeds,SHARED_REFERENCE,ACTIVE
NG-NAM-MOU-000036,Hillmark Wood Mount,Hillmark Wood Mount,MOUNTAIN,SOURCE_DERIVED,NGP-000071,Hillmark Wood,PLACE,prefix=NONE;suffix=Mount,AVAILABLE,NoveGeo 700-place corpus + tribes + governed person-name seeds,SHARED_REFERENCE,ACTIVE
NG-NAM-MOU-000037,Hillmark Beck Mountain,Hillmark Beck Mountain,MOUNTAIN,SOURCE_DERIVED,NGP-000072,Hillmark Beck,PLACE,prefix=NONE;suffix=Mountain,AVAILABLE,NoveGeo 700-place corpus + tribes + governed person-name seeds,SHARED_REFERENCE,ACTIVE
NG-NAM-MOU-000038,South Greyhaven Peak,South Greyhaven Peak,MOUNTAIN,SOURCE_DERIVED,NGP-000073,South Greyhaven,PLACE,prefix=NONE;suffix=Peak,AVAILABLE,NoveGeo 700-place corpus + tribes + governed person-name seeds,SHARED_REFERENCE,ACTIVE
NG-NAM-MOU-000039,Greyhaven Court Mount,Greyhaven Court Mount,MOUNTAIN,SOURCE_DERIVED,NGP-000074,Greyhaven Court,PLACE,prefix=NONE;suffix=Mount,AVAILABLE,NoveGeo 700-place corpus + tribes + governed person-name seeds,SHARED_REFERENCE,ACTIVE
NG-NAM-MOU-000040,Stoneleigh Mill Mountain,Stoneleigh Mill Mountain,MOUNTAIN,SOURCE_DERIVED,NGP-000077,Stoneleigh Mill,PLACE,prefix=NONE;suffix=Mountain,AVAILABLE,NoveGeo 700-place corpus + tribes + governed person-name seeds,SHARED_REFERENCE,ACTIVE
NG-NAM-MOU-000041,Stoneleigh Park Peak,Stoneleigh Park Peak,MOUNTAIN,SOURCE_DERIVED,NGP-000078,Stoneleigh Park,PLACE,prefix=NONE;suffix=Peak,AVAILABLE,NoveGeo 700-place corpus + tribes + governed person-name seeds,SHARED_REFERENCE,ACTIVE
NG-NAM-MOU-000042,Northgate Mount,Northgate Mount,MOUNTAIN,SOURCE_DERIVED,NGP-000086,Northgate,PLACE,prefix=NONE;suffix=Mount,AVAILABLE,NoveGeo 700-place corpus + tribes + governed person-name seeds,SHARED_REFERENCE,ACTIVE
NG-NAM-MOU-000043,Caelith Mountain,Caelith Mountain,MOUNTAIN,SOURCE_DERIVED,NGP-000087,Caelith,PLACE,prefix=NONE;suffix=Mountain,AVAILABLE,NoveGeo 700-place corpus + tribes + governed person-name seeds,SHARED_REFERENCE,ACTIVE
NG-NAM-MOU-000044,Skeldrun Peak,Skeldrun Peak,MOUNTAIN,SOURCE_DERIVED,NGP-000088,Skeldrun,PLACE,prefix=NONE;suffix=Peak,AVAILABLE,NoveGeo 700-place corpus + tribes + governed person-name seeds,SHARED_REFERENCE,ACTIVE
NG-NAM-MOU-000045,Pinebarrow Mount,Pinebarrow Mount,MOUNTAIN,SOURCE_DERIVED,NGP-000089,Pinebarrow,PLACE,prefix=NONE;suffix=Mount,AVAILABLE,NoveGeo 700-place corpus + tribes + governed person-name seeds,SHARED_REFERENCE,ACTIVE
NG-NAM-MOU-000046,Aelgrove Mountain,Aelgrove Mountain,MOUNTAIN,SOURCE_DERIVED,NGP-000110,Aelgrove,PLACE,prefix=NONE;suffix=Mountain,AVAILABLE,NoveGeo 700-place corpus + tribes + governed person-name seeds,SHARED_REFERENCE,ACTIVE
NG-NAM-MOU-000047,Kaedur Peak,Kaedur Peak,MOUNTAIN,SOURCE_DERIVED,NGP-000111,Kaedur,PLACE,prefix=NONE;suffix=Peak,AVAILABLE,NoveGeo 700-place corpus + tribes + governed person-name seeds,SHARED_REFERENCE,ACTIVE
NG-NAM-MOU-000048,Østmark Mount,Ostmark Mount,MOUNTAIN,SOURCE_DERIVED,NGP-000112,Østmark,PLACE,prefix=NONE;suffix=Mount,AVAILABLE,NoveGeo 700-place corpus + tribes + governed person-name seeds,SHARED_REFERENCE,ACTIVE
NG-NAM-MOU-000049,Valekirk Mountain,Valekirk Mountain,MOUNTAIN,SOURCE_DERIVED,NGP-000113,Valekirk,PLACE,prefix=NONE;suffix=Mountain,AVAILABLE,NoveGeo 700-place corpus + tribes + governed person-name seeds,SHARED_REFERENCE,ACTIVE
NG-NAM-MOU-000050,Snowmere Peak,Snowmere Peak,MOUNTAIN,SOURCE_DERIVED,NGP-000114,Snowmere,PLACE,prefix=NONE;suffix=Peak,AVAILABLE,NoveGeo 700-place corpus + tribes + governed person-name seeds,SHARED_REFERENCE,ACTIVE
NG-NAM-MOU-000051,Frostholm Mount,Frostholm Mount,MOUNTAIN,SOURCE_DERIVED,NGP-000115,Frostholm,PLACE,prefix=NONE;suffix=Mount,AVAILABLE,NoveGeo 700-place corpus + tribes + governed person-name seeds,SHARED_REFERENCE,ACTIVE
NG-NAM-MOU-000052,Trossfell Mountain,Trossfell Mountain,MOUNTAIN,SOURCE_DERIVED,NGP-000116,Trossfell,PLACE,prefix=NONE;suffix=Mountain,AVAILABLE,NoveGeo 700-place corpus + tribes + governed person-name seeds,SHARED_REFERENCE,ACTIVE
NG-NAM-MOU-000053,Birchpass Peak,Birchpass Peak,MOUNTAIN,SOURCE_DERIVED,NGP-000117,Birchpass,PLACE,prefix=NONE;suffix=Peak,AVAILABLE,NoveGeo 700-place corpus + tribes + governed person-name seeds,SHARED_REFERENCE,ACTIVE
NG-NAM-MOU-000054,Ravencrag Mount,Ravencrag Mount,MOUNTAIN,SOURCE_DERIVED,NGP-000118,Ravencrag,PLACE,prefix=NONE;suffix=Mount,AVAILABLE,NoveGeo 700-place corpus + tribes + governed person-name seeds,SHARED_REFERENCE,ACTIVE
NG-NAM-MOU-000055,Highmere Mountain,Highmere Mountain,MOUNTAIN,SOURCE_DERIVED,NGP-000119,Highmere,PLACE,prefix=NONE;suffix=Mountain,AVAILABLE,NoveGeo 700-place corpus + tribes + governed person-name seeds,SHARED_REFERENCE,ACTIVE
NG-NAM-MOU-000056,Cedarwick Peak,Cedarwick Peak,MOUNTAIN,SOURCE_DERIVED,NGP-000120,Cedarwick,PLACE,prefix=NONE;suffix=Peak,AVAILABLE,NoveGeo 700-place corpus + tribes + governed person-name seeds,SHARED_REFERENCE,ACTIVE
NG-NAM-MOU-000057,Bellpine Mount,Bellpine Mount,MOUNTAIN,SOURCE_DERIVED,NGP-000121,Bellpine,PLACE,prefix=NONE;suffix=Mount,AVAILABLE,NoveGeo 700-place corpus + tribes + governed person-name seeds,SHARED_REFERENCE,ACTIVE
NG-NAM-MOU-000058,Glenvar Mountain,Glenvar Mountain,MOUNTAIN,SOURCE_DERIVED,NGP-000122,Glenvar,PLACE,prefix=NONE;suffix=Mountain,AVAILABLE,NoveGeo 700-place corpus + tribes + governed person-name seeds,SHARED_REFERENCE,ACTIVE
NG-NAM-MOU-000059,Moorsend Peak,Moorsend Peak,MOUNTAIN,SOURCE_DERIVED,NGP-000123,Moorsend,PLACE,prefix=NONE;suffix=Peak,AVAILABLE,NoveGeo 700-place corpus + tribes + governed person-name seeds,SHARED_REFERENCE,ACTIVE
NG-NAM-MOU-000060,Lower Aelgrove Mount,Lower Aelgrove Mount,MOUNTAIN,SOURCE_DERIVED,NGP-000134,Lower Aelgrove,PLACE,prefix=NONE;suffix=Mount,AVAILABLE,NoveGeo 700-place corpus + tribes + governed person-name seeds,SHARED_REFERENCE,ACTIVE
NG-NAM-MOU-000061,Aelgrove Fell Mountain,Aelgrove Fell Mountain,MOUNTAIN,SOURCE_DERIVED,NGP-000135,Aelgrove Fell,PLACE,prefix=NONE;suffix=Mountain,AVAILABLE,NoveGeo 700-place corpus + tribes + governed person-name seeds,SHARED_REFERENCE,ACTIVE
NG-NAM-MOU-000062,Upper Kaedur Peak,Upper Kaedur Peak,MOUNTAIN,SOURCE_DERIVED,NGP-000136,Upper Kaedur,PLACE,prefix=NONE;suffix=Peak,AVAILABLE,NoveGeo 700-place corpus + tribes + governed person-name seeds,SHARED_REFERENCE,ACTIVE
NG-NAM-MOU-000063,Kaedur Glen Mount,Kaedur Glen Mount,MOUNTAIN,SOURCE_DERIVED,NGP-000137,Kaedur Glen,PLACE,prefix=NONE;suffix=Mount,AVAILABLE,NoveGeo 700-place corpus + tribes + governed person-name seeds,SHARED_REFERENCE,ACTIVE
NG-NAM-MOU-000064,East Østmark Mountain,East Ostmark Mountain,MOUNTAIN,SOURCE_DERIVED,NGP-000138,East Østmark,PLACE,prefix=NONE;suffix=Mountain,AVAILABLE,NoveGeo 700-place corpus + tribes + governed person-name seeds,SHARED_REFERENCE,ACTIVE
NG-NAM-MOU-000065,Østmark Beck Peak,Ostmark Beck Peak,MOUNTAIN,SOURCE_DERIVED,NGP-000139,Østmark Beck,PLACE,prefix=NONE;suffix=Peak,AVAILABLE,NoveGeo 700-place corpus + tribes + governed person-name seeds,SHARED_REFERENCE,ACTIVE
NG-NAM-MOU-000066,Old Valekirk Mount,Old Valekirk Mount,MOUNTAIN,SOURCE_DERIVED,NGP-000140,Old Valekirk,PLACE,prefix=NONE;suffix=Mount,AVAILABLE,NoveGeo 700-place corpus + tribes + governed person-name seeds,SHARED_REFERENCE,ACTIVE
NG-NAM-MOU-000067,Valekirk Crag Mountain,Valekirk Crag Mountain,MOUNTAIN,SOURCE_DERIVED,NGP-000141,Valekirk Crag,PLACE,prefix=NONE;suffix=Mountain,AVAILABLE,NoveGeo 700-place corpus + tribes + governed person-name seeds,SHARED_REFERENCE,ACTIVE
NG-NAM-MOU-000068,South Snowmere Peak,South Snowmere Peak,MOUNTAIN,SOURCE_DERIVED,NGP-000142,South Snowmere,PLACE,prefix=NONE;suffix=Peak,AVAILABLE,NoveGeo 700-place corpus + tribes + governed person-name seeds,SHARED_REFERENCE,ACTIVE
NG-NAM-MOU-000069,Snowmere Pass Mount,Snowmere Pass Mount,MOUNTAIN,SOURCE_DERIVED,NGP-000143,Snowmere Pass,PLACE,prefix=NONE;suffix=Mount,AVAILABLE,NoveGeo 700-place corpus + tribes + governed person-name seeds,SHARED_REFERENCE,ACTIVE
NG-NAM-MOU-000070,Frostholm Moor Mountain,Frostholm Moor Mountain,MOUNTAIN,SOURCE_DERIVED,NGP-000144,Frostholm Moor,PLACE,prefix=NONE;suffix=Mountain,AVAILABLE,NoveGeo 700-place corpus + tribes + governed person-name seeds,SHARED_REFERENCE,ACTIVE
NG-NAM-MOU-000071,Frostholm Fold Peak,Frostholm Fold Peak,MOUNTAIN,SOURCE_DERIVED,NGP-000145,Frostholm Fold,PLACE,prefix=NONE;suffix=Peak,AVAILABLE,NoveGeo 700-place corpus + tribes + governed person-name seeds,SHARED_REFERENCE,ACTIVE
NG-NAM-MOU-000072,North Trossfell Mount,North Trossfell Mount,MOUNTAIN,SOURCE_DERIVED,NGP-000146,North Trossfell,PLACE,prefix=NONE;suffix=Mount,AVAILABLE,NoveGeo 700-place corpus + tribes + governed person-name seeds,SHARED_REFERENCE,ACTIVE
NG-NAM-MOU-000073,Trossfell Tor Mountain,Trossfell Tor Mountain,MOUNTAIN,SOURCE_DERIVED,NGP-000147,Trossfell Tor,PLACE,prefix=NONE;suffix=Mountain,AVAILABLE,NoveGeo 700-place corpus + tribes + governed person-name seeds,SHARED_REFERENCE,ACTIVE
NG-NAM-MOU-000074,Birchpass Ridge Peak,Birchpass Ridge Peak,MOUNTAIN,SOURCE_DERIVED,NGP-000148,Birchpass Ridge,PLACE,prefix=NONE;suffix=Peak,AVAILABLE,NoveGeo 700-place corpus + tribes + governed person-name seeds,SHARED_REFERENCE,ACTIVE
NG-NAM-MOU-000075,Birchpass Tarn Mount,Birchpass Tarn Mount,MOUNTAIN,SOURCE_DERIVED,NGP-000149,Birchpass Tarn,PLACE,prefix=NONE;suffix=Mount,AVAILABLE,NoveGeo 700-place corpus + tribes + governed person-name seeds,SHARED_REFERENCE,ACTIVE
NG-NAM-MOU-000076,West Ravencrag Mountain,West Ravencrag Mountain,MOUNTAIN,SOURCE_DERIVED,NGP-000150,West Ravencrag,PLACE,prefix=NONE;suffix=Mountain,AVAILABLE,NoveGeo 700-place corpus + tribes + governed person-name seeds,SHARED_REFERENCE,ACTIVE
NG-NAM-MOU-000077,Ravencrag Pines Peak,Ravencrag Pines Peak,MOUNTAIN,SOURCE_DERIVED,NGP-000151,Ravencrag Pines,PLACE,prefix=NONE;suffix=Peak,AVAILABLE,NoveGeo 700-place corpus + tribes + governed person-name seeds,SHARED_REFERENCE,ACTIVE
NG-NAM-MOU-000078,Highmere Heath Mount,Highmere Heath Mount,MOUNTAIN,SOURCE_DERIVED,NGP-000152,Highmere Heath,PLACE,prefix=NONE;suffix=Mount,AVAILABLE,NoveGeo 700-place corpus + tribes + governed person-name seeds,SHARED_REFERENCE,ACTIVE
NG-NAM-MOU-000079,Highmere Stone Mountain,Highmere Stone Mountain,MOUNTAIN,SOURCE_DERIVED,NGP-000153,Highmere Stone,PLACE,prefix=NONE;suffix=Mountain,AVAILABLE,NoveGeo 700-place corpus + tribes + governed person-name seeds,SHARED_REFERENCE,ACTIVE
NG-NAM-MOU-000080,Lower Cedarwick Peak,Lower Cedarwick Peak,MOUNTAIN,SOURCE_DERIVED,NGP-000154,Lower Cedarwick,PLACE,prefix=NONE;suffix=Peak,AVAILABLE,NoveGeo 700-place corpus + tribes + governed person-name seeds,SHARED_REFERENCE,ACTIVE
NG-NAM-MOU-000081,Cedarwick Birch Mount,Cedarwick Birch Mount,MOUNTAIN,SOURCE_DERIVED,NGP-000155,Cedarwick Birch,PLACE,prefix=NONE;suffix=Mount,AVAILABLE,NoveGeo 700-place corpus + tribes + governed person-name seeds,SHARED_REFERENCE,ACTIVE
NG-NAM-MOU-000082,Bellpine Dale Mountain,Bellpine Dale Mountain,MOUNTAIN,SOURCE_DERIVED,NGP-000156,Bellpine Dale,PLACE,prefix=NONE;suffix=Mountain,AVAILABLE,NoveGeo 700-place corpus + tribes + governed person-name seeds,SHARED_REFERENCE,ACTIVE
NG-NAM-MOU-000083,Bellpine Run Peak,Bellpine Run Peak,MOUNTAIN,SOURCE_DERIVED,NGP-000157,Bellpine Run,PLACE,prefix=NONE;suffix=Peak,AVAILABLE,NoveGeo 700-place corpus + tribes + governed person-name seeds,SHARED_REFERENCE,ACTIVE
NG-NAM-MOU-000084,Upper Glenvar Mount,Upper Glenvar Mount,MOUNTAIN,SOURCE_DERIVED,NGP-000158,Upper Glenvar,PLACE,prefix=NONE;suffix=Mount,AVAILABLE,NoveGeo 700-place corpus + tribes + governed person-name seeds,SHARED_REFERENCE,ACTIVE
NG-NAM-MOU-000085,Glenvar Cedar Mountain,Glenvar Cedar Mountain,MOUNTAIN,SOURCE_DERIVED,NGP-000159,Glenvar Cedar,PLACE,prefix=NONE;suffix=Mountain,AVAILABLE,NoveGeo 700-place corpus + tribes + governed person-name seeds,SHARED_REFERENCE,ACTIVE
NG-NAM-MOU-000086,Moorsend Barrow Peak,Moorsend Barrow Peak,MOUNTAIN,SOURCE_DERIVED,NGP-000160,Moorsend Barrow,PLACE,prefix=NONE;suffix=Peak,AVAILABLE,NoveGeo 700-place corpus + tribes + governed person-name seeds,SHARED_REFERENCE,ACTIVE
NG-NAM-MOU-000087,Moorsend Brook Mount,Moorsend Brook Mount,MOUNTAIN,SOURCE_DERIVED,NGP-000161,Moorsend Brook,PLACE,prefix=NONE;suffix=Mount,AVAILABLE,NoveGeo 700-place corpus + tribes + governed person-name seeds,SHARED_REFERENCE,ACTIVE
NG-NAM-MOU-000088,Ferncross Wood Mountain,Ferncross Wood Mountain,MOUNTAIN,SOURCE_DERIVED,NGP-000162,Ferncross Wood,PLACE,prefix=NONE;suffix=Mountain,AVAILABLE,NoveGeo 700-place corpus + tribes + governed person-name seeds,SHARED_REFERENCE,ACTIVE
NG-NAM-MOU-000089,Ferncross Brae Peak,Ferncross Brae Peak,MOUNTAIN,SOURCE_DERIVED,NGP-000163,Ferncross Brae,PLACE,prefix=NONE;suffix=Peak,AVAILABLE,NoveGeo 700-place corpus + tribes + governed person-name seeds,SHARED_REFERENCE,ACTIVE
NG-NAM-MOU-000090,Cloudrest Mount,Cloudrest Mount,MOUNTAIN,SOURCE_DERIVED,NGP-000171,Cloudrest,PLACE,prefix=NONE;suffix=Mount,AVAILABLE,NoveGeo 700-place corpus + tribes + governed person-name seeds,SHARED_REFERENCE,ACTIVE
NG-NAM-MOU-000091,Alpine Lantern Mountain,Alpine Lantern Mountain,MOUNTAIN,SOURCE_DERIVED,NGP-000172,Alpine Lantern,PLACE,prefix=NONE;suffix=Mountain,AVAILABLE,NoveGeo 700-place corpus + tribes + governed person-name seeds,SHARED_REFERENCE,ACTIVE
NG-NAM-MOU-000092,Vondara Peak,Vondara Peak,MOUNTAIN,SOURCE_DERIVED,NGP-000173,Vondara,PLACE,prefix=NONE;suffix=Peak,AVAILABLE,NoveGeo 700-place corpus + tribes + governed person-name seeds,SHARED_REFERENCE,ACTIVE
NG-NAM-MOU-000093,Greenbarrow Mount,Greenbarrow Mount,MOUNTAIN,SOURCE_DERIVED,NGP-000174,Greenbarrow,PLACE,prefix=NONE;suffix=Mount,AVAILABLE,NoveGeo 700-place corpus + tribes + governed person-name seeds,SHARED_REFERENCE,ACTIVE
NG-NAM-MOU-000094,Kestrel Plain Mountain,Kestrel Plain Mountain,MOUNTAIN,SOURCE_DERIVED,NGP-000175,Kestrel Plain,PLACE,prefix=NONE;suffix=Mountain,AVAILABLE,NoveGeo 700-place corpus + tribes + governed person-name seeds,SHARED_REFERENCE,ACTIVE
NG-NAM-MOU-000095,Solmere Peak,Solmere Peak,MOUNTAIN,SOURCE_DERIVED,NGP-000176,Solmere,PLACE,prefix=NONE;suffix=Peak,AVAILABLE,NoveGeo 700-place corpus + tribes + governed person-name seeds,SHARED_REFERENCE,ACTIVE
NG-NAM-MOU-000096,Vondel Mount,Vondel Mount,MOUNTAIN,SOURCE_DERIVED,NGP-000197,Vondel,PLACE,prefix=NONE;suffix=Mount,AVAILABLE,NoveGeo 700-place corpus + tribes + governed person-name seeds,SHARED_REFERENCE,ACTIVE
NG-NAM-MOU-000097,Meadowrun Mountain,Meadowrun Mountain,MOUNTAIN,SOURCE_DERIVED,NGP-000198,Meadowrun,PLACE,prefix=NONE;suffix=Mountain,AVAILABLE,NoveGeo 700-place corpus + tribes + governed person-name seeds,SHARED_REFERENCE,ACTIVE
NG-NAM-MOU-000098,Grainford Peak,Grainford Peak,MOUNTAIN,SOURCE_DERIVED,NGP-000199,Grainford,PLACE,prefix=NONE;suffix=Peak,AVAILABLE,NoveGeo 700-place corpus + tribes + governed person-name seeds,SHARED_REFERENCE,ACTIVE
NG-NAM-MOU-000099,Solhaven Mount,Solhaven Mount,MOUNTAIN,SOURCE_DERIVED,NGP-000200,Solhaven,PLACE,prefix=NONE;suffix=Mount,AVAILABLE,NoveGeo 700-place corpus + tribes + governed person-name seeds,SHARED_REFERENCE,ACTIVE
NG-NAM-MOU-000100,Amberfield Mountain,Amberfield Mountain,MOUNTAIN,SOURCE_DERIVED,NGP-000201,Amberfield,PLACE,prefix=NONE;suffix=Mountain,AVAILABLE,NoveGeo 700-place corpus + tribes + governed person-name seeds,SHARED_REFERENCE,ACTIVE
NG-NAM-MOU-000101,Kestrel Peak,Kestrel Peak,MOUNTAIN,SOURCE_DERIVED,NGP-000202,Kestrel,PLACE,prefix=NONE;suffix=Peak,AVAILABLE,NoveGeo 700-place corpus + tribes + governed person-name seeds,SHARED_REFERENCE,ACTIVE
NG-NAM-MOU-000102,Windcross Mount,Windcross Mount,MOUNTAIN,SOURCE_DERIVED,NGP-000203,Windcross,PLACE,prefix=NONE;suffix=Mount,AVAILABLE,NoveGeo 700-place corpus + tribes + governed person-name seeds,SHARED_REFERENCE,ACTIVE
NG-NAM-MOU-000103,Talewood Mountain,Talewood Mountain,MOUNTAIN,SOURCE_DERIVED,NGP-000204,Talewood,PLACE,prefix=NONE;suffix=Mountain,AVAILABLE,NoveGeo 700-place corpus + tribes + governed person-name seeds,SHARED_REFERENCE,ACTIVE
NG-NAM-MOU-000104,Broadacre Peak,Broadacre Peak,MOUNTAIN,SOURCE_DERIVED,NGP-000205,Broadacre,PLACE,prefix=NONE;suffix=Peak,AVAILABLE,NoveGeo 700-place corpus + tribes + governed person-name seeds,SHARED_REFERENCE,ACTIVE
NG-NAM-MOU-000105,Eastbarrow Mount,Eastbarrow Mount,MOUNTAIN,SOURCE_DERIVED,NGP-000206,Eastbarrow,PLACE,prefix=NONE;suffix=Mount,AVAILABLE,NoveGeo 700-place corpus + tribes + governed person-name seeds,SHARED_REFERENCE,ACTIVE
NG-NAM-MOU-000106,Solvek Mountain,Solvek Mountain,MOUNTAIN,SOURCE_DERIVED,NGP-000207,Solvek,PLACE,prefix=NONE;suffix=Mountain,AVAILABLE,NoveGeo 700-place corpus + tribes + governed person-name seeds,SHARED_REFERENCE,ACTIVE
NG-NAM-MOU-000107,Ashkar Peak,Ashkar Peak,MOUNTAIN,SOURCE_DERIVED,NGP-000208,Ashkar,PLACE,prefix=NONE;suffix=Peak,AVAILABLE,NoveGeo 700-place corpus + tribes + governed person-name seeds,SHARED_REFERENCE,ACTIVE
NG-NAM-MOU-000108,Harrowfield Mount,Harrowfield Mount,MOUNTAIN,SOURCE_DERIVED,NGP-000209,Harrowfield,PLACE,prefix=NONE;suffix=Mount,AVAILABLE,NoveGeo 700-place corpus + tribes + governed person-name seeds,SHARED_REFERENCE,ACTIVE
NG-NAM-MOU-000109,Westervale Mountain,Westervale Mountain,MOUNTAIN,SOURCE_DERIVED,NGP-000211,Westervale,PLACE,prefix=NONE;suffix=Mountain,AVAILABLE,NoveGeo 700-place corpus + tribes + governed person-name seeds,SHARED_REFERENCE,ACTIVE
NG-NAM-MOU-000110,Lower Vondel Peak,Lower Vondel Peak,MOUNTAIN,SOURCE_DERIVED,NGP-000221,Lower Vondel,PLACE,prefix=NONE;suffix=Peak,AVAILABLE,NoveGeo 700-place corpus + tribes + governed person-name seeds,SHARED_REFERENCE,ACTIVE
NG-NAM-MOU-000111,Vondel Fields Mount,Vondel Fields Mount,MOUNTAIN,SOURCE_DERIVED,NGP-000222,Vondel Fields,PLACE,prefix=NONE;suffix=Mount,AVAILABLE,NoveGeo 700-place corpus + tribes + governed person-name seeds,SHARED_REFERENCE,ACTIVE
NG-NAM-MOU-000112,Upper Meadowrun Mountain,Upper Meadowrun Mountain,MOUNTAIN,SOURCE_DERIVED,NGP-000223,Upper Meadowrun,PLACE,prefix=NONE;suffix=Mountain,AVAILABLE,NoveGeo 700-place corpus + tribes + governed person-name seeds,SHARED_REFERENCE,ACTIVE
NG-NAM-MOU-000113,Meadowrun Grove Peak,Meadowrun Grove Peak,MOUNTAIN,SOURCE_DERIVED,NGP-000224,Meadowrun Grove,PLACE,prefix=NONE;suffix=Peak,AVAILABLE,NoveGeo 700-place corpus + tribes + governed person-name seeds,SHARED_REFERENCE,ACTIVE
NG-NAM-MOU-000114,East Grainford Mount,East Grainford Mount,MOUNTAIN,SOURCE_DERIVED,NGP-000225,East Grainford,PLACE,prefix=NONE;suffix=Mount,AVAILABLE,NoveGeo 700-place corpus + tribes + governed person-name seeds,SHARED_REFERENCE,ACTIVE
NG-NAM-MOU-000115,Grainford Farm Mountain,Grainford Farm Mountain,MOUNTAIN,SOURCE_DERIVED,NGP-000226,Grainford Farm,PLACE,prefix=NONE;suffix=Mountain,AVAILABLE,NoveGeo 700-place corpus + tribes + governed person-name seeds,SHARED_REFERENCE,ACTIVE
NG-NAM-MOU-000116,Old Solhaven Peak,Old Solhaven Peak,MOUNTAIN,SOURCE_DERIVED,NGP-000227,Old Solhaven,PLACE,prefix=NONE;suffix=Peak,AVAILABLE,NoveGeo 700-place corpus + tribes + governed person-name seeds,SHARED_REFERENCE,ACTIVE
NG-NAM-MOU-000117,South Amberfield Mount,South Amberfield Mount,MOUNTAIN,SOURCE_DERIVED,NGP-000229,South Amberfield,PLACE,prefix=NONE;suffix=Mount,AVAILABLE,NoveGeo 700-place corpus + tribes + governed person-name seeds,SHARED_REFERENCE,ACTIVE
NG-NAM-MOU-000118,Amberfield Plain Mountain,Amberfield Plain Mountain,MOUNTAIN,SOURCE_DERIVED,NGP-000230,Amberfield Plain,PLACE,prefix=NONE;suffix=Mountain,AVAILABLE,NoveGeo 700-place corpus + tribes + governed person-name seeds,SHARED_REFERENCE,ACTIVE
NG-NAM-MOU-000119,Kestrel Orchard Peak,Kestrel Orchard Peak,MOUNTAIN,SOURCE_DERIVED,NGP-000231,Kestrel Orchard,PLACE,prefix=NONE;suffix=Peak,AVAILABLE,NoveGeo 700-place corpus + tribes + governed person-name seeds,SHARED_REFERENCE,ACTIVE
NG-NAM-MOU-000120,Kestrel Mill Mount,Kestrel Mill Mount,MOUNTAIN,SOURCE_DERIVED,NGP-000232,Kestrel Mill,PLACE,prefix=NONE;suffix=Mount,AVAILABLE,NoveGeo 700-place corpus + tribes + governed person-name seeds,SHARED_REFERENCE,ACTIVE
NG-NAM-MOU-000121,North Windcross Mountain,North Windcross Mountain,MOUNTAIN,SOURCE_DERIVED,NGP-000233,North Windcross,PLACE,prefix=NONE;suffix=Mountain,AVAILABLE,NoveGeo 700-place corpus + tribes + governed person-name seeds,SHARED_REFERENCE,ACTIVE
NG-NAM-MOU-000122,Windcross Acres Peak,Windcross Acres Peak,MOUNTAIN,SOURCE_DERIVED,NGP-000234,Windcross Acres,PLACE,prefix=NONE;suffix=Peak,AVAILABLE,NoveGeo 700-place corpus + tribes + governed person-name seeds,SHARED_REFERENCE,ACTIVE
NG-NAM-MOU-000123,Talewood Meadow Mount,Talewood Meadow Mount,MOUNTAIN,SOURCE_DERIVED,NGP-000235,Talewood Meadow,PLACE,prefix=NONE;suffix=Mount,AVAILABLE,NoveGeo 700-place corpus + tribes + governed person-name seeds,SHARED_REFERENCE,ACTIVE
NG-NAM-MOU-000124,Talewood Gate Mountain,Talewood Gate Mountain,MOUNTAIN,SOURCE_DERIVED,NGP-000236,Talewood Gate,PLACE,prefix=NONE;suffix=Mountain,AVAILABLE,NoveGeo 700-place corpus + tribes + governed person-name seeds,SHARED_REFERENCE,ACTIVE
NG-NAM-MOU-000125,West Broadacre Peak,West Broadacre Peak,MOUNTAIN,SOURCE_DERIVED,NGP-000237,West Broadacre,PLACE,prefix=NONE;suffix=Peak,AVAILABLE,NoveGeo 700-place corpus + tribes + governed person-name seeds,SHARED_REFERENCE,ACTIVE
NG-NAM-MOU-000126,Broadacre Granary Mount,Broadacre Granary Mount,MOUNTAIN,SOURCE_DERIVED,NGP-000238,Broadacre Granary,PLACE,prefix=NONE;suffix=Mount,AVAILABLE,NoveGeo 700-place corpus + tribes + governed person-name seeds,SHARED_REFERENCE,ACTIVE
NG-NAM-MOU-000127,Eastbarrow Ridge Mountain,Eastbarrow Ridge Mountain,MOUNTAIN,SOURCE_DERIVED,NGP-000239,Eastbarrow Ridge,PLACE,prefix=NONE;suffix=Mountain,AVAILABLE,NoveGeo 700-place corpus + tribes + governed person-name seeds,SHARED_REFERENCE,ACTIVE
NG-NAM-MOU-000128,Eastbarrow Silo Peak,Eastbarrow Silo Peak,MOUNTAIN,SOURCE_DERIVED,NGP-000240,Eastbarrow Silo,PLACE,prefix=NONE;suffix=Peak,AVAILABLE,NoveGeo 700-place corpus + tribes + governed person-name seeds,SHARED_REFERENCE,ACTIVE
NG-NAM-MOU-000129,Lower Solvek Mount,Lower Solvek Mount,MOUNTAIN,SOURCE_DERIVED,NGP-000241,Lower Solvek,PLACE,prefix=NONE;suffix=Mount,AVAILABLE,NoveGeo 700-place corpus + tribes + governed person-name seeds,SHARED_REFERENCE,ACTIVE
NG-NAM-MOU-000130,Solvek Brook Mountain,Solvek Brook Mountain,MOUNTAIN,SOURCE_DERIVED,NGP-000242,Solvek Brook,PLACE,prefix=NONE;suffix=Mountain,AVAILABLE,NoveGeo 700-place corpus + tribes + governed person-name seeds,SHARED_REFERENCE,ACTIVE
NG-NAM-MOU-000131,Ashkar Vineyard Peak,Ashkar Vineyard Peak,MOUNTAIN,SOURCE_DERIVED,NGP-000243,Ashkar Vineyard,PLACE,prefix=NONE;suffix=Peak,AVAILABLE,NoveGeo 700-place corpus + tribes + governed person-name seeds,SHARED_REFERENCE,ACTIVE
NG-NAM-MOU-000132,Ashkar Lane Mount,Ashkar Lane Mount,MOUNTAIN,SOURCE_DERIVED,NGP-000244,Ashkar Lane,PLACE,prefix=NONE;suffix=Mount,AVAILABLE,NoveGeo 700-place corpus + tribes + governed person-name seeds,SHARED_REFERENCE,ACTIVE
NG-NAM-MOU-000133,Upper Harrowfield Mountain,Upper Harrowfield Mountain,MOUNTAIN,SOURCE_DERIVED,NGP-000245,Upper Harrowfield,PLACE,prefix=NONE;suffix=Mountain,AVAILABLE,NoveGeo 700-place corpus + tribes + governed person-name seeds,SHARED_REFERENCE,ACTIVE
NG-NAM-MOU-000134,Harrowfield Homestead Peak,Harrowfield Homestead Peak,MOUNTAIN,SOURCE_DERIVED,NGP-000246,Harrowfield Homestead,PLACE,prefix=NONE;suffix=Peak,AVAILABLE,NoveGeo 700-place corpus + tribes + governed person-name seeds,SHARED_REFERENCE,ACTIVE
NG-NAM-MOU-000135,Cidergate Cider Field Mount,Cidergate Cider Field Mount,MOUNTAIN,SOURCE_DERIVED,NGP-000247,Cidergate Cider Field,PLACE,prefix=NONE;suffix=Mount,AVAILABLE,NoveGeo 700-place corpus + tribes + governed person-name seeds,SHARED_REFERENCE,ACTIVE
NG-NAM-MOU-000136,Cidergate Hill Mountain,Cidergate Hill Mountain,MOUNTAIN,SOURCE_DERIVED,NGP-000248,Cidergate Hill,PLACE,prefix=NONE;suffix=Mountain,AVAILABLE,NoveGeo 700-place corpus + tribes + governed person-name seeds,SHARED_REFERENCE,ACTIVE
NG-NAM-MOU-000137,Westervale Vale Peak,Westervale Vale Peak,MOUNTAIN,SOURCE_DERIVED,NGP-000249,Westervale Vale,PLACE,prefix=NONE;suffix=Peak,AVAILABLE,NoveGeo 700-place corpus + tribes + governed person-name seeds,SHARED_REFERENCE,ACTIVE
NG-NAM-MOU-000138,Westervale Station Mount,Westervale Station Mount,MOUNTAIN,SOURCE_DERIVED,NGP-000250,Westervale Station,PLACE,prefix=NONE;suffix=Mount,AVAILABLE,NoveGeo 700-place corpus + tribes + governed person-name seeds,SHARED_REFERENCE,ACTIVE
NG-NAM-MOU-000139,Silvermere Mountain,Silvermere Mountain,MOUNTAIN,SOURCE_DERIVED,NGP-000258,Silvermere,PLACE,prefix=NONE;suffix=Mountain,AVAILABLE,NoveGeo 700-place corpus + tribes + governed person-name seeds,SHARED_REFERENCE,ACTIVE
NG-NAM-MOU-000140,Nyandor Peak,Nyandor Peak,MOUNTAIN,SOURCE_DERIVED,NGP-000259,Nyandor,PLACE,prefix=NONE;suffix=Peak,AVAILABLE,NoveGeo 700-place corpus + tribes + governed person-name seeds,SHARED_REFERENCE,ACTIVE
NG-NAM-MOU-000141,Reedhaven Mount,Reedhaven Mount,MOUNTAIN,SOURCE_DERIVED,NGP-000260,Reedhaven,PLACE,prefix=NONE;suffix=Mount,AVAILABLE,NoveGeo 700-place corpus + tribes + governed person-name seeds,SHARED_REFERENCE,ACTIVE
NG-NAM-MOU-000142,Lakemarch Mountain,Lakemarch Mountain,MOUNTAIN,SOURCE_DERIVED,NGP-000261,Lakemarch,PLACE,prefix=NONE;suffix=Mountain,AVAILABLE,NoveGeo 700-place corpus + tribes + governed person-name seeds,SHARED_REFERENCE,ACTIVE
NG-NAM-MOU-000143,Nyarin Peak,Nyarin Peak,MOUNTAIN,SOURCE_DERIVED,NGP-000282,Nyarin,PLACE,prefix=NONE;suffix=Peak,AVAILABLE,NoveGeo 700-place corpus + tribes + governed person-name seeds,SHARED_REFERENCE,ACTIVE
NG-NAM-MOU-000144,Nyondar Mount,Nyondar Mount,MOUNTAIN,SOURCE_DERIVED,NGP-000283,Nyondar,PLACE,prefix=NONE;suffix=Mount,AVAILABLE,NoveGeo 700-place corpus + tribes + governed person-name seeds,SHARED_REFERENCE,ACTIVE
NG-NAM-MOU-000145,Nyavora Mountain,Nyavora Mountain,MOUNTAIN,SOURCE_DERIVED,NGP-000284,Nyavora,PLACE,prefix=NONE;suffix=Mountain,AVAILABLE,NoveGeo 700-place corpus + tribes + governed person-name seeds,SHARED_REFERENCE,ACTIVE
NG-NAM-MOU-000146,Osprey Bend Peak,Osprey Bend Peak,MOUNTAIN,SOURCE_DERIVED,NGP-000285,Osprey Bend,PLACE,prefix=NONE;suffix=Peak,AVAILABLE,NoveGeo 700-place corpus + tribes + governed person-name seeds,SHARED_REFERENCE,ACTIVE
NG-NAM-MOU-000147,Pelican Reach Mount,Pelican Reach Mount,MOUNTAIN,SOURCE_DERIVED,NGP-000286,Pelican Reach,PLACE,prefix=NONE;suffix=Mount,AVAILABLE,NoveGeo 700-place corpus + tribes + governed person-name seeds,SHARED_REFERENCE,ACTIVE
NG-NAM-MOU-000148,Fenmere Mountain,Fenmere Mountain,MOUNTAIN,SOURCE_DERIVED,NGP-000287,Fenmere,PLACE,prefix=NONE;suffix=Mountain,AVAILABLE,NoveGeo 700-place corpus + tribes + governed person-name seeds,SHARED_REFERENCE,ACTIVE
NG-NAM-MOU-000149,Lotus Ford Peak,Lotus Ford Peak,MOUNTAIN,SOURCE_DERIVED,NGP-000288,Lotus Ford,PLACE,prefix=NONE;suffix=Peak,AVAILABLE,NoveGeo 700-place corpus + tribes + governed person-name seeds,SHARED_REFERENCE,ACTIVE
NG-NAM-MOU-000150,Rivermist Mount,Rivermist Mount,MOUNTAIN,SOURCE_DERIVED,NGP-000289,Rivermist,PLACE,prefix=NONE;suffix=Mount,AVAILABLE,NoveGeo 700-place corpus + tribes + governed person-name seeds,SHARED_REFERENCE,ACTIVE
NG-NAM-MOU-000151,Heronfall Mountain,Heronfall Mountain,MOUNTAIN,SOURCE_DERIVED,NGP-000290,Heronfall,PLACE,prefix=NONE;suffix=Mountain,AVAILABLE,NoveGeo 700-place corpus + tribes + governed person-name seeds,SHARED_REFERENCE,ACTIVE
NG-NAM-MOU-000152,Delftwater Peak,Delftwater Peak,MOUNTAIN,SOURCE_DERIVED,NGP-000291,Delftwater,PLACE,prefix=NONE;suffix=Peak,AVAILABLE,NoveGeo 700-place corpus + tribes + governed person-name seeds,SHARED_REFERENCE,ACTIVE
NG-NAM-MOU-000153,Bluehaven Mount,Bluehaven Mount,MOUNTAIN,SOURCE_DERIVED,NGP-000292,Bluehaven,PLACE,prefix=NONE;suffix=Mount,AVAILABLE,NoveGeo 700-place corpus + tribes + governed person-name seeds,SHARED_REFERENCE,ACTIVE
NG-NAM-MOU-000154,Lowwater Mountain,Lowwater Mountain,MOUNTAIN,SOURCE_DERIVED,NGP-000293,Lowwater,PLACE,prefix=NONE;suffix=Mountain,AVAILABLE,NoveGeo 700-place corpus + tribes + governed person-name seeds,SHARED_REFERENCE,ACTIVE
NG-NAM-MOU-000155,Canalford Peak,Canalford Peak,MOUNTAIN,SOURCE_DERIVED,NGP-000294,Canalford,PLACE,prefix=NONE;suffix=Peak,AVAILABLE,NoveGeo 700-place corpus + tribes + governed person-name seeds,SHARED_REFERENCE,ACTIVE
NG-NAM-MOU-000156,Brinewell Mount,Brinewell Mount,MOUNTAIN,SOURCE_DERIVED,NGP-000295,Brinewell,PLACE,prefix=NONE;suffix=Mount,AVAILABLE,NoveGeo 700-place corpus + tribes + governed person-name seeds,SHARED_REFERENCE,ACTIVE
NG-NAM-MOU-000157,Willow Quay Mountain,Willow Quay Mountain,MOUNTAIN,SOURCE_DERIVED,NGP-000296,Willow Quay,PLACE,prefix=NONE;suffix=Mountain,AVAILABLE,NoveGeo 700-place corpus + tribes + governed person-name seeds,SHARED_REFERENCE,ACTIVE
NG-NAM-MOU-000158,Upper Nyarin Peak,Upper Nyarin Peak,MOUNTAIN,SOURCE_DERIVED,NGP-000306,Upper Nyarin,PLACE,prefix=NONE;suffix=Peak,AVAILABLE,NoveGeo 700-place corpus + tribes + governed person-name seeds,SHARED_REFERENCE,ACTIVE
NG-NAM-MOU-000159,Nyarin Landing Mount,Nyarin Landing Mount,MOUNTAIN,SOURCE_DERIVED,NGP-000307,Nyarin Landing,PLACE,prefix=NONE;suffix=Mount,AVAILABLE,NoveGeo 700-place corpus + tribes + governed person-name seeds,SHARED_REFERENCE,ACTIVE
NG-NAM-MOU-000160,Lower Nyondar Mountain,Lower Nyondar Mountain,MOUNTAIN,SOURCE_DERIVED,NGP-000308,Lower Nyondar,PLACE,prefix=NONE;suffix=Mountain,AVAILABLE,NoveGeo 700-place corpus + tribes + governed person-name seeds,SHARED_REFERENCE,ACTIVE
NG-NAM-MOU-000161,Nyondar Reed Peak,Nyondar Reed Peak,MOUNTAIN,SOURCE_DERIVED,NGP-000309,Nyondar Reed,PLACE,prefix=NONE;suffix=Peak,AVAILABLE,NoveGeo 700-place corpus + tribes + governed person-name seeds,SHARED_REFERENCE,ACTIVE
NG-NAM-MOU-000162,Old Nyavora Mount,Old Nyavora Mount,MOUNTAIN,SOURCE_DERIVED,NGP-000310,Old Nyavora,PLACE,prefix=NONE;suffix=Mount,AVAILABLE,NoveGeo 700-place corpus + tribes + governed person-name seeds,SHARED_REFERENCE,ACTIVE
NG-NAM-MOU-000163,Nyavora Bank Mountain,Nyavora Bank Mountain,MOUNTAIN,SOURCE_DERIVED,NGP-000311,Nyavora Bank,PLACE,prefix=NONE;suffix=Mountain,AVAILABLE,NoveGeo 700-place corpus + tribes + governed person-name seeds,SHARED_REFERENCE,ACTIVE
NG-NAM-MOU-000164,East Osprey Bend Peak,East Osprey Bend Peak,MOUNTAIN,SOURCE_DERIVED,NGP-000312,East Osprey Bend,PLACE,prefix=NONE;suffix=Peak,AVAILABLE,NoveGeo 700-place corpus + tribes + governed person-name seeds,SHARED_REFERENCE,ACTIVE
NG-NAM-MOU-000165,Osprey Bend Ford Mount,Osprey Bend Ford Mount,MOUNTAIN,SOURCE_DERIVED,NGP-000313,Osprey Bend Ford,PLACE,prefix=NONE;suffix=Mount,AVAILABLE,NoveGeo 700-place corpus + tribes + governed person-name seeds,SHARED_REFERENCE,ACTIVE
NG-NAM-MOU-000166,South Pelican Reach Mountain,South Pelican Reach Mountain,MOUNTAIN,SOURCE_DERIVED,NGP-000314,South Pelican Reach,PLACE,prefix=NONE;suffix=Mountain,AVAILABLE,NoveGeo 700-place corpus + tribes + governed person-name seeds,SHARED_REFERENCE,ACTIVE
NG-NAM-MOU-000167,Pelican Reach Marsh Peak,Pelican Reach Marsh Peak,MOUNTAIN,SOURCE_DERIVED,NGP-000315,Pelican Reach Marsh,PLACE,prefix=NONE;suffix=Peak,AVAILABLE,NoveGeo 700-place corpus + tribes + governed person-name seeds,SHARED_REFERENCE,ACTIVE
NG-NAM-MOU-000168,Fenmere Fen Mount,Fenmere Fen Mount,MOUNTAIN,SOURCE_DERIVED,NGP-000316,Fenmere Fen,PLACE,prefix=NONE;suffix=Mount,AVAILABLE,NoveGeo 700-place corpus + tribes + governed person-name seeds,SHARED_REFERENCE,ACTIVE
NG-NAM-MOU-000169,Fenmere Pools Mountain,Fenmere Pools Mountain,MOUNTAIN,SOURCE_DERIVED,NGP-000317,Fenmere Pools,PLACE,prefix=NONE;suffix=Mountain,AVAILABLE,NoveGeo 700-place corpus + tribes + governed person-name seeds,SHARED_REFERENCE,ACTIVE
NG-NAM-MOU-000170,North Lotus Ford Peak,North Lotus Ford Peak,MOUNTAIN,SOURCE_DERIVED,NGP-000318,North Lotus Ford,PLACE,prefix=NONE;suffix=Peak,AVAILABLE,NoveGeo 700-place corpus + tribes + governed person-name seeds,SHARED_REFERENCE,ACTIVE
NG-NAM-MOU-000171,Lotus Ford Channel Mount,Lotus Ford Channel Mount,MOUNTAIN,SOURCE_DERIVED,NGP-000319,Lotus Ford Channel,PLACE,prefix=NONE;suffix=Mount,AVAILABLE,NoveGeo 700-place corpus + tribes + governed person-name seeds,SHARED_REFERENCE,ACTIVE
NG-NAM-MOU-000172,Rivermist Water Mountain,Rivermist Water Mountain,MOUNTAIN,SOURCE_DERIVED,NGP-000320,Rivermist Water,PLACE,prefix=NONE;suffix=Mountain,AVAILABLE,NoveGeo 700-place corpus + tribes + governed person-name seeds,SHARED_REFERENCE,ACTIVE
NG-NAM-MOU-000173,Rivermist Bend Peak,Rivermist Bend Peak,MOUNTAIN,SOURCE_DERIVED,NGP-000321,Rivermist Bend,PLACE,prefix=NONE;suffix=Peak,AVAILABLE,NoveGeo 700-place corpus + tribes + governed person-name seeds,SHARED_REFERENCE,ACTIVE
NG-NAM-MOU-000174,West Heronfall Mount,West Heronfall Mount,MOUNTAIN,SOURCE_DERIVED,NGP-000322,West Heronfall,PLACE,prefix=NONE;suffix=Mount,AVAILABLE,NoveGeo 700-place corpus + tribes + governed person-name seeds,SHARED_REFERENCE,ACTIVE
NG-NAM-MOU-000175,Heronfall Wetlands Mountain,Heronfall Wetlands Mountain,MOUNTAIN,SOURCE_DERIVED,NGP-000323,Heronfall Wetlands,PLACE,prefix=NONE;suffix=Mountain,AVAILABLE,NoveGeo 700-place corpus + tribes + governed person-name seeds,SHARED_REFERENCE,ACTIVE
NG-NAM-MOU-000176,Delftwater Bay Peak,Delftwater Bay Peak,MOUNTAIN,SOURCE_DERIVED,NGP-000324,Delftwater Bay,PLACE,prefix=NONE;suffix=Peak,AVAILABLE,NoveGeo 700-place corpus + tribes + governed person-name seeds,SHARED_REFERENCE,ACTIVE
NG-NAM-MOU-000177,Delftwater Shoal Mount,Delftwater Shoal Mount,MOUNTAIN,SOURCE_DERIVED,NGP-000325,Delftwater Shoal,PLACE,prefix=NONE;suffix=Mount,AVAILABLE,NoveGeo 700-place corpus + tribes + governed person-name seeds,SHARED_REFERENCE,ACTIVE
NG-NAM-MOU-000178,Upper Bluehaven Mountain,Upper Bluehaven Mountain,MOUNTAIN,SOURCE_DERIVED,NGP-000326,Upper Bluehaven,PLACE,prefix=NONE;suffix=Mountain,AVAILABLE,NoveGeo 700-place corpus + tribes + governed person-name seeds,SHARED_REFERENCE,ACTIVE
NG-NAM-MOU-000179,Bluehaven Creek Peak,Bluehaven Creek Peak,MOUNTAIN,SOURCE_DERIVED,NGP-000327,Bluehaven Creek,PLACE,prefix=NONE;suffix=Peak,AVAILABLE,NoveGeo 700-place corpus + tribes + governed person-name seeds,SHARED_REFERENCE,ACTIVE
NG-NAM-MOU-000180,Lowwater Lagoon Mount,Lowwater Lagoon Mount,MOUNTAIN,SOURCE_DERIVED,NGP-000328,Lowwater Lagoon,PLACE,prefix=NONE;suffix=Mount,AVAILABLE,NoveGeo 700-place corpus + tribes + governed person-name seeds,SHARED_REFERENCE,ACTIVE
NG-NAM-MOU-000181,Lowwater Bank Mountain,Lowwater Bank Mountain,MOUNTAIN,SOURCE_DERIVED,NGP-000329,Lowwater Bank,PLACE,prefix=NONE;suffix=Mountain,AVAILABLE,NoveGeo 700-place corpus + tribes + governed person-name seeds,SHARED_REFERENCE,ACTIVE
NG-NAM-MOU-000182,Lower Canalford Peak,Lower Canalford Peak,MOUNTAIN,SOURCE_DERIVED,NGP-000330,Lower Canalford,PLACE,prefix=NONE;suffix=Peak,AVAILABLE,NoveGeo 700-place corpus + tribes + governed person-name seeds,SHARED_REFERENCE,ACTIVE
NG-NAM-MOU-000183,Canalford Ferry Mount,Canalford Ferry Mount,MOUNTAIN,SOURCE_DERIVED,NGP-000331,Canalford Ferry,PLACE,prefix=NONE;suffix=Mount,AVAILABLE,NoveGeo 700-place corpus + tribes + governed person-name seeds,SHARED_REFERENCE,ACTIVE
NG-NAM-MOU-000184,Brinewell Springs Mountain,Brinewell Springs Mountain,MOUNTAIN,SOURCE_DERIVED,NGP-000332,Brinewell Springs,PLACE,prefix=NONE;suffix=Mountain,AVAILABLE,NoveGeo 700-place corpus + tribes + governed person-name seeds,SHARED_REFERENCE,ACTIVE
NG-NAM-MOU-000185,Brinewell Quay Peak,Brinewell Quay Peak,MOUNTAIN,SOURCE_DERIVED,NGP-000333,Brinewell Quay,PLACE,prefix=NONE;suffix=Peak,AVAILABLE,NoveGeo 700-place corpus + tribes + governed person-name seeds,SHARED_REFERENCE,ACTIVE
NG-NAM-MOU-000186,Willow Quay Gardens Mount,Willow Quay Gardens Mount,MOUNTAIN,SOURCE_DERIVED,NGP-000334,Willow Quay Gardens,PLACE,prefix=NONE;suffix=Mount,AVAILABLE,NoveGeo 700-place corpus + tribes + governed person-name seeds,SHARED_REFERENCE,ACTIVE
NG-NAM-MOU-000187,Willow Quay Reach Mountain,Willow Quay Reach Mountain,MOUNTAIN,SOURCE_DERIVED,NGP-000335,Willow Quay Reach,PLACE,prefix=NONE;suffix=Mountain,AVAILABLE,NoveGeo 700-place corpus + tribes + governed person-name seeds,SHARED_REFERENCE,ACTIVE
NG-NAM-MOU-000188,Lotus Shore Peak,Lotus Shore Peak,MOUNTAIN,SOURCE_DERIVED,NGP-000343,Lotus Shore,PLACE,prefix=NONE;suffix=Peak,AVAILABLE,NoveGeo 700-place corpus + tribes + governed person-name seeds,SHARED_REFERENCE,ACTIVE
NG-NAM-MOU-000189,Mirror Lake Mount,Mirror Lake Mount,MOUNTAIN,SOURCE_DERIVED,NGP-000344,Mirror Lake,PLACE,prefix=NONE;suffix=Mount,AVAILABLE,NoveGeo 700-place corpus + tribes + governed person-name seeds,SHARED_REFERENCE,ACTIVE
NG-NAM-MOU-000190,Heron Isle Mountain,Heron Isle Mountain,MOUNTAIN,SOURCE_DERIVED,NGP-000345,Heron Isle,PLACE,prefix=NONE;suffix=Mountain,AVAILABLE,NoveGeo 700-place corpus + tribes + governed person-name seeds,SHARED_REFERENCE,ACTIVE
NG-NAM-MOU-000191,Tekharo Peak,Tekharo Peak,MOUNTAIN,SOURCE_DERIVED,NGP-000346,Tekharo,PLACE,prefix=NONE;suffix=Peak,AVAILABLE,NoveGeo 700-place corpus + tribes + governed person-name seeds,SHARED_REFERENCE,ACTIVE
NG-NAM-MOU-000192,Canopy Reach Mount,Canopy Reach Mount,MOUNTAIN,SOURCE_DERIVED,NGP-000347,Canopy Reach,PLACE,prefix=NONE;suffix=Mount,AVAILABLE,NoveGeo 700-place corpus + tribes + governed person-name seeds,SHARED_REFERENCE,ACTIVE
NG-NAM-MOU-000193,Ashara Mountain,Ashara Mountain,MOUNTAIN,SOURCE_DERIVED,NGP-000348,Ashara,PLACE,prefix=NONE;suffix=Mountain,AVAILABLE,NoveGeo 700-place corpus + tribes + governed person-name seeds,SHARED_REFERENCE,ACTIVE
NG-NAM-MOU-000194,Mossbridge Peak,Mossbridge Peak,MOUNTAIN,SOURCE_DERIVED,NGP-000349,Mossbridge,PLACE,prefix=NONE;suffix=Peak,AVAILABLE,NoveGeo 700-place corpus + tribes + governed person-name seeds,SHARED_REFERENCE,ACTIVE
NG-NAM-MOU-000195,Fernfall Mount,Fernfall Mount,MOUNTAIN,SOURCE_DERIVED,NGP-000370,Fernfall,PLACE,prefix=NONE;suffix=Mount,AVAILABLE,NoveGeo 700-place corpus + tribes + governed person-name seeds,SHARED_REFERENCE,ACTIVE
NG-NAM-MOU-000196,Rainsong Mountain,Rainsong Mountain,MOUNTAIN,SOURCE_DERIVED,NGP-000371,Rainsong,PLACE,prefix=NONE;suffix=Mountain,AVAILABLE,NoveGeo 700-place corpus + tribes + governed person-name seeds,SHARED_REFERENCE,ACTIVE
NG-NAM-MOU-000197,Cedar Run Peak,Cedar Run Peak,MOUNTAIN,SOURCE_DERIVED,NGP-000372,Cedar Run,PLACE,prefix=NONE;suffix=Peak,AVAILABLE,NoveGeo 700-place corpus + tribes + governed person-name seeds,SHARED_REFERENCE,ACTIVE
NG-NAM-MOU-000198,Canopy Ford Mount,Canopy Ford Mount,MOUNTAIN,SOURCE_DERIVED,NGP-000373,Canopy Ford,PLACE,prefix=NONE;suffix=Mount,AVAILABLE,NoveGeo 700-place corpus + tribes + governed person-name seeds,SHARED_REFERENCE,ACTIVE
NG-NAM-MOU-000199,Jadefall Mountain,Jadefall Mountain,MOUNTAIN,SOURCE_DERIVED,NGP-000374,Jadefall,PLACE,prefix=NONE;suffix=Mountain,AVAILABLE,NoveGeo 700-place corpus + tribes + governed person-name seeds,SHARED_REFERENCE,ACTIVE
NG-NAM-MOU-000200,Tekkena Peak,Tekkena Peak,MOUNTAIN,SOURCE_DERIVED,NGP-000375,Tekkena,PLACE,prefix=NONE;suffix=Peak,AVAILABLE,NoveGeo 700-place corpus + tribes + governed person-name seeds,SHARED_REFERENCE,ACTIVE
NG-NAM-MOU-000201,Ashvale Mount,Ashvale Mount,MOUNTAIN,SOURCE_DERIVED,NGP-000376,Ashvale,PLACE,prefix=NONE;suffix=Mount,AVAILABLE,NoveGeo 700-place corpus + tribes + governed person-name seeds,SHARED_REFERENCE,ACTIVE
NG-NAM-MOU-000202,Riverbloom Mountain,Riverbloom Mountain,MOUNTAIN,SOURCE_DERIVED,NGP-000377,Riverbloom,PLACE,prefix=NONE;suffix=Mountain,AVAILABLE,NoveGeo 700-place corpus + tribes + governed person-name seeds,SHARED_REFERENCE,ACTIVE
NG-NAM-MOU-000203,Nembri Peak,Nembri Peak,MOUNTAIN,SOURCE_DERIVED,NGP-000379,Nembri,PLACE,prefix=NONE;suffix=Peak,AVAILABLE,NoveGeo 700-place corpus + tribes + governed person-name seeds,SHARED_REFERENCE,ACTIVE
NG-NAM-MOU-000204,Mosswick Mount,Mosswick Mount,MOUNTAIN,SOURCE_DERIVED,NGP-000380,Mosswick,PLACE,prefix=NONE;suffix=Mount,AVAILABLE,NoveGeo 700-place corpus + tribes + governed person-name seeds,SHARED_REFERENCE,ACTIVE
NG-NAM-MOU-000205,Brookfern Mountain,Brookfern Mountain,MOUNTAIN,SOURCE_DERIVED,NGP-000381,Brookfern,PLACE,prefix=NONE;suffix=Mountain,AVAILABLE,NoveGeo 700-place corpus + tribes + governed person-name seeds,SHARED_REFERENCE,ACTIVE
NG-NAM-MOU-000206,Wildorchid Peak,Wildorchid Peak,MOUNTAIN,SOURCE_DERIVED,NGP-000382,Wildorchid,PLACE,prefix=NONE;suffix=Peak,AVAILABLE,NoveGeo 700-place corpus + tribes + governed person-name seeds,SHARED_REFERENCE,ACTIVE
NG-NAM-MOU-000207,Greenmantle Mount,Greenmantle Mount,MOUNTAIN,SOURCE_DERIVED,NGP-000383,Greenmantle,PLACE,prefix=NONE;suffix=Mount,AVAILABLE,NoveGeo 700-place corpus + tribes + governed person-name seeds,SHARED_REFERENCE,ACTIVE
NG-NAM-MOU-000208,Timberwell Mountain,Timberwell Mountain,MOUNTAIN,SOURCE_DERIVED,NGP-000384,Timberwell,PLACE,prefix=NONE;suffix=Mountain,AVAILABLE,NoveGeo 700-place corpus + tribes + governed person-name seeds,SHARED_REFERENCE,ACTIVE
NG-NAM-MOU-000209,Upper Fernfall Peak,Upper Fernfall Peak,MOUNTAIN,SOURCE_DERIVED,NGP-000394,Upper Fernfall,PLACE,prefix=NONE;suffix=Peak,AVAILABLE,NoveGeo 700-place corpus + tribes + governed person-name seeds,SHARED_REFERENCE,ACTIVE
NG-NAM-MOU-000210,Fernfall Grove Mount,Fernfall Grove Mount,MOUNTAIN,SOURCE_DERIVED,NGP-000395,Fernfall Grove,PLACE,prefix=NONE;suffix=Mount,AVAILABLE,NoveGeo 700-place corpus + tribes + governed person-name seeds,SHARED_REFERENCE,ACTIVE
NG-NAM-MOU-000211,Lower Rainsong Mountain,Lower Rainsong Mountain,MOUNTAIN,SOURCE_DERIVED,NGP-000396,Lower Rainsong,PLACE,prefix=NONE;suffix=Mountain,AVAILABLE,NoveGeo 700-place corpus + tribes + governed person-name seeds,SHARED_REFERENCE,ACTIVE
NG-NAM-MOU-000212,Rainsong Clearing Peak,Rainsong Clearing Peak,MOUNTAIN,SOURCE_DERIVED,NGP-000397,Rainsong Clearing,PLACE,prefix=NONE;suffix=Peak,AVAILABLE,NoveGeo 700-place corpus + tribes + governed person-name seeds,SHARED_REFERENCE,ACTIVE
NG-NAM-MOU-000213,East Cedar Run Mount,East Cedar Run Mount,MOUNTAIN,SOURCE_DERIVED,NGP-000398,East Cedar Run,PLACE,prefix=NONE;suffix=Mount,AVAILABLE,NoveGeo 700-place corpus + tribes + governed person-name seeds,SHARED_REFERENCE,ACTIVE
NG-NAM-MOU-000214,Cedar Run River Mountain,Cedar Run River Mountain,MOUNTAIN,SOURCE_DERIVED,NGP-000399,Cedar Run River,PLACE,prefix=NONE;suffix=Mountain,AVAILABLE,NoveGeo 700-place corpus + tribes + governed person-name seeds,SHARED_REFERENCE,ACTIVE
NG-NAM-MOU-000215,Old Canopy Ford Peak,Old Canopy Ford Peak,MOUNTAIN,SOURCE_DERIVED,NGP-000400,Old Canopy Ford,PLACE,prefix=NONE;suffix=Peak,AVAILABLE,NoveGeo 700-place corpus + tribes + governed person-name seeds,SHARED_REFERENCE,ACTIVE
NG-NAM-MOU-000216,Canopy Ford Canopy Mount,Canopy Ford Canopy Mount,MOUNTAIN,SOURCE_DERIVED,NGP-000401,Canopy Ford Canopy,PLACE,prefix=NONE;suffix=Mount,AVAILABLE,NoveGeo 700-place corpus + tribes + governed person-name seeds,SHARED_REFERENCE,ACTIVE
NG-NAM-MOU-000217,South Jadefall Mountain,South Jadefall Mountain,MOUNTAIN,SOURCE_DERIVED,NGP-000402,South Jadefall,PLACE,prefix=NONE;suffix=Mountain,AVAILABLE,NoveGeo 700-place corpus + tribes + governed person-name seeds,SHARED_REFERENCE,ACTIVE
NG-NAM-MOU-000218,Jadefall Falls Peak,Jadefall Falls Peak,MOUNTAIN,SOURCE_DERIVED,NGP-000403,Jadefall Falls,PLACE,prefix=NONE;suffix=Peak,AVAILABLE,NoveGeo 700-place corpus + tribes + governed person-name seeds,SHARED_REFERENCE,ACTIVE
NG-NAM-MOU-000219,Tekkena Fern Mount,Tekkena Fern Mount,MOUNTAIN,SOURCE_DERIVED,NGP-000404,Tekkena Fern,PLACE,prefix=NONE;suffix=Mount,AVAILABLE,NoveGeo 700-place corpus + tribes + governed person-name seeds,SHARED_REFERENCE,ACTIVE
NG-NAM-MOU-000220,Tekkena Shade Mountain,Tekkena Shade Mountain,MOUNTAIN,SOURCE_DERIVED,NGP-000405,Tekkena Shade,PLACE,prefix=NONE;suffix=Mountain,AVAILABLE,NoveGeo 700-place corpus + tribes + governed person-name seeds,SHARED_REFERENCE,ACTIVE
NG-NAM-MOU-000221,North Ashvale Peak,North Ashvale Peak,MOUNTAIN,SOURCE_DERIVED,NGP-000406,North Ashvale,PLACE,prefix=NONE;suffix=Peak,AVAILABLE,NoveGeo 700-place corpus + tribes + governed person-name seeds,SHARED_REFERENCE,ACTIVE
NG-NAM-MOU-000222,Ashvale Bloom Mount,Ashvale Bloom Mount,MOUNTAIN,SOURCE_DERIVED,NGP-000407,Ashvale Bloom,PLACE,prefix=NONE;suffix=Mount,AVAILABLE,NoveGeo 700-place corpus + tribes + governed person-name seeds,SHARED_REFERENCE,ACTIVE
NG-NAM-MOU-000223,Riverbloom Vine Mountain,Riverbloom Vine Mountain,MOUNTAIN,SOURCE_DERIVED,NGP-000408,Riverbloom Vine,PLACE,prefix=NONE;suffix=Mountain,AVAILABLE,NoveGeo 700-place corpus + tribes + governed person-name seeds,SHARED_REFERENCE,ACTIVE
NG-NAM-MOU-000224,Riverbloom Ford Peak,Riverbloom Ford Peak,MOUNTAIN,SOURCE_DERIVED,NGP-000409,Riverbloom Ford,PLACE,prefix=NONE;suffix=Peak,AVAILABLE,NoveGeo 700-place corpus + tribes + governed person-name seeds,SHARED_REFERENCE,ACTIVE
NG-NAM-MOU-000225,Marula Gate Rain Mount,Marula Gate Rain Mount,MOUNTAIN,SOURCE_DERIVED,NGP-000411,Marula Gate Rain,PLACE,prefix=NONE;suffix=Mount,AVAILABLE,NoveGeo 700-place corpus + tribes + governed person-name seeds,SHARED_REFERENCE,ACTIVE
NG-NAM-MOU-000226,Nembri Orchid Mountain,Nembri Orchid Mountain,MOUNTAIN,SOURCE_DERIVED,NGP-000412,Nembri Orchid,PLACE,prefix=NONE;suffix=Mountain,AVAILABLE,NoveGeo 700-place corpus + tribes + governed person-name seeds,SHARED_REFERENCE,ACTIVE
NG-NAM-MOU-000227,Nembri Bend Peak,Nembri Bend Peak,MOUNTAIN,SOURCE_DERIVED,NGP-000413,Nembri Bend,PLACE,prefix=NONE;suffix=Peak,AVAILABLE,NoveGeo 700-place corpus + tribes + governed person-name seeds,SHARED_REFERENCE,ACTIVE
NG-NAM-MOU-000228,Upper Mosswick Mount,Upper Mosswick Mount,MOUNTAIN,SOURCE_DERIVED,NGP-000414,Upper Mosswick,PLACE,prefix=NONE;suffix=Mount,AVAILABLE,NoveGeo 700-place corpus + tribes + governed person-name seeds,SHARED_REFERENCE,ACTIVE
NG-NAM-MOU-000229,Mosswick Moss Mountain,Mosswick Moss Mountain,MOUNTAIN,SOURCE_DERIVED,NGP-000415,Mosswick Moss,PLACE,prefix=NONE;suffix=Mountain,AVAILABLE,NoveGeo 700-place corpus + tribes + governed person-name seeds,SHARED_REFERENCE,ACTIVE
NG-NAM-MOU-000230,Brookfern Timber Peak,Brookfern Timber Peak,MOUNTAIN,SOURCE_DERIVED,NGP-000416,Brookfern Timber,PLACE,prefix=NONE;suffix=Peak,AVAILABLE,NoveGeo 700-place corpus + tribes + governed person-name seeds,SHARED_REFERENCE,ACTIVE
NG-NAM-MOU-000231,Brookfern Run Mount,Brookfern Run Mount,MOUNTAIN,SOURCE_DERIVED,NGP-000417,Brookfern Run,PLACE,prefix=NONE;suffix=Mount,AVAILABLE,NoveGeo 700-place corpus + tribes + governed person-name seeds,SHARED_REFERENCE,ACTIVE
NG-NAM-MOU-000232,Lower Wildorchid Mountain,Lower Wildorchid Mountain,MOUNTAIN,SOURCE_DERIVED,NGP-000418,Lower Wildorchid,PLACE,prefix=NONE;suffix=Mountain,AVAILABLE,NoveGeo 700-place corpus + tribes + governed person-name seeds,SHARED_REFERENCE,ACTIVE
NG-NAM-MOU-000233,Wildorchid Palm Peak,Wildorchid Palm Peak,MOUNTAIN,SOURCE_DERIVED,NGP-000419,Wildorchid Palm,PLACE,prefix=NONE;suffix=Peak,AVAILABLE,NoveGeo 700-place corpus + tribes + governed person-name seeds,SHARED_REFERENCE,ACTIVE
NG-NAM-MOU-000234,Greenmantle Cedar Mount,Greenmantle Cedar Mount,MOUNTAIN,SOURCE_DERIVED,NGP-000420,Greenmantle Cedar,PLACE,prefix=NONE;suffix=Mount,AVAILABLE,NoveGeo 700-place corpus + tribes + governed person-name seeds,SHARED_REFERENCE,ACTIVE
NG-NAM-MOU-000235,Greenmantle Glade Mountain,Greenmantle Glade Mountain,MOUNTAIN,SOURCE_DERIVED,NGP-000421,Greenmantle Glade,PLACE,prefix=NONE;suffix=Mountain,AVAILABLE,NoveGeo 700-place corpus + tribes + governed person-name seeds,SHARED_REFERENCE,ACTIVE
NG-NAM-MOU-000236,Timberwell Brook Peak,Timberwell Brook Peak,MOUNTAIN,SOURCE_DERIVED,NGP-000422,Timberwell Brook,PLACE,prefix=NONE;suffix=Peak,AVAILABLE,NoveGeo 700-place corpus + tribes + governed person-name seeds,SHARED_REFERENCE,ACTIVE
NG-NAM-MOU-000237,Timberwell Hollow Mount,Timberwell Hollow Mount,MOUNTAIN,SOURCE_DERIVED,NGP-000423,Timberwell Hollow,PLACE,prefix=NONE;suffix=Mount,AVAILABLE,NoveGeo 700-place corpus + tribes + governed person-name seeds,SHARED_REFERENCE,ACTIVE
NG-NAM-MOU-000238,Emerald Canopy Mountain,Emerald Canopy Mountain,MOUNTAIN,SOURCE_DERIVED,NGP-000431,Emerald Canopy,PLACE,prefix=NONE;suffix=Mountain,AVAILABLE,NoveGeo 700-place corpus + tribes + governed person-name seeds,SHARED_REFERENCE,ACTIVE
NG-NAM-MOU-000239,Redhaven Peak,Redhaven Peak,MOUNTAIN,SOURCE_DERIVED,NGP-000432,Redhaven,PLACE,prefix=NONE;suffix=Peak,AVAILABLE,NoveGeo 700-place corpus + tribes + governed person-name seeds,SHARED_REFERENCE,ACTIVE
NG-NAM-MOU-000240,Zarqen Mount,Zarqen Mount,MOUNTAIN,SOURCE_DERIVED,NGP-000433,Zarqen,PLACE,prefix=NONE;suffix=Mount,AVAILABLE,NoveGeo 700-place corpus + tribes + governed person-name seeds,SHARED_REFERENCE,ACTIVE
NG-NAM-MOU-000241,Dustmere Mountain,Dustmere Mountain,MOUNTAIN,SOURCE_DERIVED,NGP-000434,Dustmere,PLACE,prefix=NONE;suffix=Mountain,AVAILABLE,NoveGeo 700-place corpus + tribes + governed person-name seeds,SHARED_REFERENCE,ACTIVE
NG-NAM-MOU-000242,Sunward Peak,Sunward Peak,MOUNTAIN,SOURCE_DERIVED,NGP-000435,Sunward,PLACE,prefix=NONE;suffix=Peak,AVAILABLE,NoveGeo 700-place corpus + tribes + governed person-name seeds,SHARED_REFERENCE,ACTIVE
NG-NAM-MOU-000243,Barazen Mount,Barazen Mount,MOUNTAIN,SOURCE_DERIVED,NGP-000456,Barazen,PLACE,prefix=NONE;suffix=Mount,AVAILABLE,NoveGeo 700-place corpus + tribes + governed person-name seeds,SHARED_REFERENCE,ACTIVE
NG-NAM-MOU-000244,Mareva Mountain,Mareva Mountain,MOUNTAIN,SOURCE_DERIVED,NGP-000457,Mareva,PLACE,prefix=NONE;suffix=Mountain,AVAILABLE,NoveGeo 700-place corpus + tribes + governed person-name seeds,SHARED_REFERENCE,ACTIVE
NG-NAM-MOU-000245,Khelar Peak,Khelar Peak,MOUNTAIN,SOURCE_DERIVED,NGP-000458,Khelar,PLACE,prefix=NONE;suffix=Peak,AVAILABLE,NoveGeo 700-place corpus + tribes + governed person-name seeds,SHARED_REFERENCE,ACTIVE
NG-NAM-MOU-000246,Caravan Well Mount,Caravan Well Mount,MOUNTAIN,SOURCE_DERIVED,NGP-000459,Caravan Well,PLACE,prefix=NONE;suffix=Mount,AVAILABLE,NoveGeo 700-place corpus + tribes + governed person-name seeds,SHARED_REFERENCE,ACTIVE
NG-NAM-MOU-000247,Sirocco Mountain,Sirocco Mountain,MOUNTAIN,SOURCE_DERIVED,NGP-000460,Sirocco,PLACE,prefix=NONE;suffix=Mountain,AVAILABLE,NoveGeo 700-place corpus + tribes + governed person-name seeds,SHARED_REFERENCE,ACTIVE
NG-NAM-MOU-000248,Dustrun Peak,Dustrun Peak,MOUNTAIN,SOURCE_DERIVED,NGP-000461,Dustrun,PLACE,prefix=NONE;suffix=Peak,AVAILABLE,NoveGeo 700-place corpus + tribes + governed person-name seeds,SHARED_REFERENCE,ACTIVE
NG-NAM-MOU-000249,Saltwick Mount,Saltwick Mount,MOUNTAIN,SOURCE_DERIVED,NGP-000462,Saltwick,PLACE,prefix=NONE;suffix=Mount,AVAILABLE,NoveGeo 700-place corpus + tribes + governed person-name seeds,SHARED_REFERENCE,ACTIVE
NG-NAM-MOU-000250,Thornfield Mountain,Thornfield Mountain,MOUNTAIN,SOURCE_DERIVED,NGP-000463,Thornfield,PLACE,prefix=NONE;suffix=Mountain,AVAILABLE,NoveGeo 700-place corpus + tribes + governed person-name seeds,SHARED_REFERENCE,ACTIVE
NG-NAM-MOU-000251,Rookwell Peak,Rookwell Peak,MOUNTAIN,SOURCE_DERIVED,NGP-000464,Rookwell,PLACE,prefix=NONE;suffix=Peak,AVAILABLE,NoveGeo 700-place corpus + tribes + governed person-name seeds,SHARED_REFERENCE,ACTIVE
NG-NAM-MOU-000252,Grey Dune Mount,Grey Dune Mount,MOUNTAIN,SOURCE_DERIVED,NGP-000465,Grey Dune,PLACE,prefix=NONE;suffix=Mount,AVAILABLE,NoveGeo 700-place corpus + tribes + governed person-name seeds,SHARED_REFERENCE,ACTIVE
NG-NAM-MOU-000253,Golden Step Mountain,Golden Step Mountain,MOUNTAIN,SOURCE_DERIVED,NGP-000467,Golden Step,PLACE,prefix=NONE;suffix=Mountain,AVAILABLE,NoveGeo 700-place corpus + tribes + governed person-name seeds,SHARED_REFERENCE,ACTIVE
NG-NAM-MOU-000254,Mirasol Peak,Mirasol Peak,MOUNTAIN,SOURCE_DERIVED,NGP-000468,Mirasol,PLACE,prefix=NONE;suffix=Peak,AVAILABLE,NoveGeo 700-place corpus + tribes + governed person-name seeds,SHARED_REFERENCE,ACTIVE
NG-NAM-MOU-000255,East Oasis Mount,East Oasis Mount,MOUNTAIN,SOURCE_DERIVED,NGP-000469,East Oasis,PLACE,prefix=NONE;suffix=Mount,AVAILABLE,NoveGeo 700-place corpus + tribes + governed person-name seeds,SHARED_REFERENCE,ACTIVE
NG-NAM-MOU-000256,Cinder Plain Mountain,Cinder Plain Mountain,MOUNTAIN,SOURCE_DERIVED,NGP-000470,Cinder Plain,PLACE,prefix=NONE;suffix=Mountain,AVAILABLE,NoveGeo 700-place corpus + tribes + governed person-name seeds,SHARED_REFERENCE,ACTIVE
NG-NAM-MOU-000257,Lower Barazen Peak,Lower Barazen Peak,MOUNTAIN,SOURCE_DERIVED,NGP-000480,Lower Barazen,PLACE,prefix=NONE;suffix=Peak,AVAILABLE,NoveGeo 700-place corpus + tribes + governed person-name seeds,SHARED_REFERENCE,ACTIVE
NG-NAM-MOU-000258,Barazen Wells Mount,Barazen Wells Mount,MOUNTAIN,SOURCE_DERIVED,NGP-000481,Barazen Wells,PLACE,prefix=NONE;suffix=Mount,AVAILABLE,NoveGeo 700-place corpus + tribes + governed person-name seeds,SHARED_REFERENCE,ACTIVE
NG-NAM-MOU-000259,Upper Mareva Mountain,Upper Mareva Mountain,MOUNTAIN,SOURCE_DERIVED,NGP-000482,Upper Mareva,PLACE,prefix=NONE;suffix=Mountain,AVAILABLE,NoveGeo 700-place corpus + tribes + governed person-name seeds,SHARED_REFERENCE,ACTIVE
NG-NAM-MOU-000260,Mareva Dunes Peak,Mareva Dunes Peak,MOUNTAIN,SOURCE_DERIVED,NGP-000483,Mareva Dunes,PLACE,prefix=NONE;suffix=Peak,AVAILABLE,NoveGeo 700-place corpus + tribes + governed person-name seeds,SHARED_REFERENCE,ACTIVE
