name_id,canonical_name,ascii_name,name_family,derivation_type,source_record_id,source_name,source_family,transformation_rule,naming_status_code,source_basis,runtime_effect_scope,record_status
NG-NAM-PLN-000001,Bellwether Plain,Bellwether Plain,PLAIN,SOURCE_DERIVED,NGP-000002,Bellwether,PLACE,prefix=NONE;suffix=Plain,AVAILABLE,NoveGeo 700-place corpus + tribes + governed person-name seeds,SHARED_REFERENCE,ACTIVE
NG-NAM-PLN-000002,New Carrow Flats,New Carrow Flats,PLAIN,SOURCE_DERIVED,NGP-000003,New Carrow,PLACE,prefix=NONE;suffix=Flats,AVAILABLE,NoveGeo 700-place corpus + tribes + governed person-name seeds,SHARED_REFERENCE,ACTIVE
NG-NAM-PLN-000003,East Meridian Fields,East Meridian Fields,PLAIN,SOURCE_DERIVED,NGP-000004,East Meridian,PLACE,prefix=NONE;suffix=Fields,AVAILABLE,NoveGeo 700-place corpus + tribes + governed person-name seeds,SHARED_REFERENCE,ACTIVE
NG-NAM-PLN-000004,Ashbourne Plain,Ashbourne Plain,PLAIN,SOURCE_DERIVED,NGP-000025,Ashbourne,PLACE,prefix=NONE;suffix=Plain,AVAILABLE,NoveGeo 700-place corpus + tribes + governed person-name seeds,SHARED_REFERENCE,ACTIVE
NG-NAM-PLN-000005,Elmtree Flats,Elmtree Flats,PLAIN,SOURCE_DERIVED,NGP-000027,Elmtree,PLACE,prefix=NONE;suffix=Flats,AVAILABLE,NoveGeo 700-place corpus + tribes + governed person-name seeds,SHARED_REFERENCE,ACTIVE
NG-NAM-PLN-000006,Kingswell Fields,Kingswell Fields,PLAIN,SOURCE_DERIVED,NGP-000029,Kingswell,PLACE,prefix=NONE;suffix=Fields,AVAILABLE,NoveGeo 700-place corpus + tribes + governed person-name seeds,SHARED_REFERENCE,ACTIVE
NG-NAM-PLN-000007,Brackenford Plain,Brackenford Plain,PLAIN,SOURCE_DERIVED,NGP-000030,Brackenford,PLACE,prefix=NONE;suffix=Plain,AVAILABLE,NoveGeo 700-place corpus + tribes + governed person-name seeds,SHARED_REFERENCE,ACTIVE
NG-NAM-PLN-000008,Rosehaven Flats,Rosehaven Flats,PLAIN,SOURCE_DERIVED,NGP-000031,Rosehaven,PLACE,prefix=NONE;suffix=Flats,AVAILABLE,NoveGeo 700-place corpus + tribes + governed person-name seeds,SHARED_REFERENCE,ACTIVE
NG-NAM-PLN-000009,Claybourne Fields,Claybourne Fields,PLAIN,SOURCE_DERIVED,NGP-000032,Claybourne,PLACE,prefix=NONE;suffix=Fields,AVAILABLE,NoveGeo 700-place corpus + tribes + governed person-name seeds,SHARED_REFERENCE,ACTIVE
NG-NAM-PLN-000010,Newstead Plain,Newstead Plain,PLAIN,SOURCE_DERIVED,NGP-000033,Newstead,PLACE,prefix=NONE;suffix=Plain,AVAILABLE,NoveGeo 700-place corpus + tribes + governed person-name seeds,SHARED_REFERENCE,ACTIVE
NG-NAM-PLN-000011,Larkspur Flats,Larkspur Flats,PLAIN,SOURCE_DERIVED,NGP-000034,Larkspur,PLACE,prefix=NONE;suffix=Flats,AVAILABLE,NoveGeo 700-place corpus + tribes + governed person-name seeds,SHARED_REFERENCE,ACTIVE
NG-NAM-PLN-000012,Eastbridge Fields,Eastbridge Fields,PLAIN,SOURCE_DERIVED,NGP-000035,Eastbridge,PLACE,prefix=NONE;suffix=Fields,AVAILABLE,NoveGeo 700-place corpus + tribes + governed person-name seeds,SHARED_REFERENCE,ACTIVE
NG-NAM-PLN-000013,Hillmark Plain,Hillmark Plain,PLAIN,SOURCE_DERIVED,NGP-000036,Hillmark,PLACE,prefix=NONE;suffix=Plain,AVAILABLE,NoveGeo 700-place corpus + tribes + governed person-name seeds,SHARED_REFERENCE,ACTIVE
NG-NAM-PLN-000014,Greyhaven Flats,Greyhaven Flats,PLAIN,SOURCE_DERIVED,NGP-000037,Greyhaven,PLACE,prefix=NONE;suffix=Flats,AVAILABLE,NoveGeo 700-place corpus + tribes + governed person-name seeds,SHARED_REFERENCE,ACTIVE
NG-NAM-PLN-000015,Stoneleigh Fields,Stoneleigh Fields,PLAIN,SOURCE_DERIVED,NGP-000039,Stoneleigh,PLACE,prefix=NONE;suffix=Fields,AVAILABLE,NoveGeo 700-place corpus + tribes + governed person-name seeds,SHARED_REFERENCE,ACTIVE
NG-NAM-PLN-000016,Lower Ashbourne Plain,Lower Ashbourne Plain,PLAIN,SOURCE_DERIVED,NGP-000049,Lower Ashbourne,PLACE,prefix=NONE;suffix=Plain,AVAILABLE,NoveGeo 700-place corpus + tribes + governed person-name seeds,SHARED_REFERENCE,ACTIVE
NG-NAM-PLN-000017,Ashbourne Green Flats,Ashbourne Green Flats,PLAIN,SOURCE_DERIVED,NGP-000050,Ashbourne Green,PLACE,prefix=NONE;suffix=Flats,AVAILABLE,NoveGeo 700-place corpus + tribes + governed person-name seeds,SHARED_REFERENCE,ACTIVE
NG-NAM-PLN-000018,Crescenton Fields Fields,Crescenton Fields Fields,PLAIN,SOURCE_DERIVED,NGP-000052,Crescenton Fields,PLACE,prefix=NONE;suffix=Fields,AVAILABLE,NoveGeo 700-place corpus + tribes + governed person-name seeds,SHARED_REFERENCE,ACTIVE
NG-NAM-PLN-000019,Elmtree Hollow Plain,Elmtree Hollow Plain,PLAIN,SOURCE_DERIVED,NGP-000053,Elmtree Hollow,PLACE,prefix=NONE;suffix=Plain,AVAILABLE,NoveGeo 700-place corpus + tribes + governed person-name seeds,SHARED_REFERENCE,ACTIVE
NG-NAM-PLN-000020,Elmtree Brook Flats,Elmtree Brook Flats,PLAIN,SOURCE_DERIVED,NGP-000054,Elmtree Brook,PLACE,prefix=NONE;suffix=Flats,AVAILABLE,NoveGeo 700-place corpus + tribes + governed person-name seeds,SHARED_REFERENCE,ACTIVE
NG-NAM-PLN-000021,Faircross Vale Fields,Faircross Vale Fields,PLAIN,SOURCE_DERIVED,NGP-000056,Faircross Vale,PLACE,prefix=NONE;suffix=Fields,AVAILABLE,NoveGeo 700-place corpus + tribes + governed person-name seeds,SHARED_REFERENCE,ACTIVE
NG-NAM-PLN-000022,North Kingswell Plain,North Kingswell Plain,PLAIN,SOURCE_DERIVED,NGP-000057,North Kingswell,PLACE,prefix=NONE;suffix=Plain,AVAILABLE,NoveGeo 700-place corpus + tribes + governed person-name seeds,SHARED_REFERENCE,ACTIVE
NG-NAM-PLN-000023,Kingswell End Flats,Kingswell End Flats,PLAIN,SOURCE_DERIVED,NGP-000058,Kingswell End,PLACE,prefix=NONE;suffix=Flats,AVAILABLE,NoveGeo 700-place corpus + tribes + governed person-name seeds,SHARED_REFERENCE,ACTIVE
NG-NAM-PLN-000024,Brackenford Heath Fields,Brackenford Heath Fields,PLAIN,SOURCE_DERIVED,NGP-000059,Brackenford Heath,PLACE,prefix=NONE;suffix=Fields,AVAILABLE,NoveGeo 700-place corpus + tribes + governed person-name seeds,SHARED_REFERENCE,ACTIVE
NG-NAM-PLN-000025,Brackenford Grove Plain,Brackenford Grove Plain,PLAIN,SOURCE_DERIVED,NGP-000060,Brackenford Grove,PLACE,prefix=NONE;suffix=Plain,AVAILABLE,NoveGeo 700-place corpus + tribes + governed person-name seeds,SHARED_REFERENCE,ACTIVE
NG-NAM-PLN-000026,Upper Rosehaven Flats,Upper Rosehaven Flats,PLAIN,SOURCE_DERIVED,NGP-000061,Upper Rosehaven,PLACE,prefix=NONE;suffix=Flats,AVAILABLE,NoveGeo 700-place corpus + tribes + governed person-name seeds,SHARED_REFERENCE,ACTIVE
NG-NAM-PLN-000027,Rosehaven Meadow Fields,Rosehaven Meadow Fields,PLAIN,SOURCE_DERIVED,NGP-000062,Rosehaven Meadow,PLACE,prefix=NONE;suffix=Fields,AVAILABLE,NoveGeo 700-place corpus + tribes + governed person-name seeds,SHARED_REFERENCE,ACTIVE
NG-NAM-PLN-000028,Claybourne Ford Plain,Claybourne Ford Plain,PLAIN,SOURCE_DERIVED,NGP-000063,Claybourne Ford,PLACE,prefix=NONE;suffix=Plain,AVAILABLE,NoveGeo 700-place corpus + tribes + governed person-name seeds,SHARED_REFERENCE,ACTIVE
NG-NAM-PLN-000029,Claybourne Common Flats,Claybourne Common Flats,PLAIN,SOURCE_DERIVED,NGP-000064,Claybourne Common,PLACE,prefix=NONE;suffix=Flats,AVAILABLE,NoveGeo 700-place corpus + tribes + governed person-name seeds,SHARED_REFERENCE,ACTIVE
NG-NAM-PLN-000030,Little Newstead Fields,Little Newstead Fields,PLAIN,SOURCE_DERIVED,NGP-000065,Little Newstead,PLACE,prefix=NONE;suffix=Fields,AVAILABLE,NoveGeo 700-place corpus + tribes + governed person-name seeds,SHARED_REFERENCE,ACTIVE
NG-NAM-PLN-000031,Newstead Rise Plain,Newstead Rise Plain,PLAIN,SOURCE_DERIVED,NGP-000066,Newstead Rise,PLACE,prefix=NONE;suffix=Plain,AVAILABLE,NoveGeo 700-place corpus + tribes + governed person-name seeds,SHARED_REFERENCE,ACTIVE
NG-NAM-PLN-000032,Larkspur Hill Flats,Larkspur Hill Flats,PLAIN,SOURCE_DERIVED,NGP-000067,Larkspur Hill,PLACE,prefix=NONE;suffix=Flats,AVAILABLE,NoveGeo 700-place corpus + tribes + governed person-name seeds,SHARED_REFERENCE,ACTIVE
NG-NAM-PLN-000033,Larkspur Springs Fields,Larkspur Springs Fields,PLAIN,SOURCE_DERIVED,NGP-000068,Larkspur Springs,PLACE,prefix=NONE;suffix=Fields,AVAILABLE,NoveGeo 700-place corpus + tribes + governed person-name seeds,SHARED_REFERENCE,ACTIVE
NG-NAM-PLN-000034,West Eastbridge Plain,West Eastbridge Plain,PLAIN,SOURCE_DERIVED,NGP-000069,West Eastbridge,PLACE,prefix=NONE;suffix=Plain,AVAILABLE,NoveGeo 700-place corpus + tribes + governed person-name seeds,SHARED_REFERENCE,ACTIVE
NG-NAM-PLN-000035,Eastbridge Lane Flats,Eastbridge Lane Flats,PLAIN,SOURCE_DERIVED,NGP-000070,Eastbridge Lane,PLACE,prefix=NONE;suffix=Flats,AVAILABLE,NoveGeo 700-place corpus + tribes + governed person-name seeds,SHARED_REFERENCE,ACTIVE
NG-NAM-PLN-000036,Hillmark Wood Fields,Hillmark Wood Fields,PLAIN,SOURCE_DERIVED,NGP-000071,Hillmark Wood,PLACE,prefix=NONE;suffix=Fields,AVAILABLE,NoveGeo 700-place corpus + tribes + governed person-name seeds,SHARED_REFERENCE,ACTIVE
NG-NAM-PLN-000037,Hillmark Beck Plain,Hillmark Beck Plain,PLAIN,SOURCE_DERIVED,NGP-000072,Hillmark Beck,PLACE,prefix=NONE;suffix=Plain,AVAILABLE,NoveGeo 700-place corpus + tribes + governed person-name seeds,SHARED_REFERENCE,ACTIVE
NG-NAM-PLN-000038,South Greyhaven Flats,South Greyhaven Flats,PLAIN,SOURCE_DERIVED,NGP-000073,South Greyhaven,PLACE,prefix=NONE;suffix=Flats,AVAILABLE,NoveGeo 700-place corpus + tribes + governed person-name seeds,SHARED_REFERENCE,ACTIVE
NG-NAM-PLN-000039,Greyhaven Court Fields,Greyhaven Court Fields,PLAIN,SOURCE_DERIVED,NGP-000074,Greyhaven Court,PLACE,prefix=NONE;suffix=Fields,AVAILABLE,NoveGeo 700-place corpus + tribes + governed person-name seeds,SHARED_REFERENCE,ACTIVE
NG-NAM-PLN-000040,Stoneleigh Mill Plain,Stoneleigh Mill Plain,PLAIN,SOURCE_DERIVED,NGP-000077,Stoneleigh Mill,PLACE,prefix=NONE;suffix=Plain,AVAILABLE,NoveGeo 700-place corpus + tribes + governed person-name seeds,SHARED_REFERENCE,ACTIVE
NG-NAM-PLN-000041,Stoneleigh Park Flats,Stoneleigh Park Flats,PLAIN,SOURCE_DERIVED,NGP-000078,Stoneleigh Park,PLACE,prefix=NONE;suffix=Flats,AVAILABLE,NoveGeo 700-place corpus + tribes + governed person-name seeds,SHARED_REFERENCE,ACTIVE
NG-NAM-PLN-000042,Northgate Fields,Northgate Fields,PLAIN,SOURCE_DERIVED,NGP-000086,Northgate,PLACE,prefix=NONE;suffix=Fields,AVAILABLE,NoveGeo 700-place corpus + tribes + governed person-name seeds,SHARED_REFERENCE,ACTIVE
NG-NAM-PLN-000043,Caelith Plain,Caelith Plain,PLAIN,SOURCE_DERIVED,NGP-000087,Caelith,PLACE,prefix=NONE;suffix=Plain,AVAILABLE,NoveGeo 700-place corpus + tribes + governed person-name seeds,SHARED_REFERENCE,ACTIVE
NG-NAM-PLN-000044,Skeldrun Flats,Skeldrun Flats,PLAIN,SOURCE_DERIVED,NGP-000088,Skeldrun,PLACE,prefix=NONE;suffix=Flats,AVAILABLE,NoveGeo 700-place corpus + tribes + governed person-name seeds,SHARED_REFERENCE,ACTIVE
NG-NAM-PLN-000045,Pinebarrow Fields,Pinebarrow Fields,PLAIN,SOURCE_DERIVED,NGP-000089,Pinebarrow,PLACE,prefix=NONE;suffix=Fields,AVAILABLE,NoveGeo 700-place corpus + tribes + governed person-name seeds,SHARED_REFERENCE,ACTIVE
NG-NAM-PLN-000046,Aelgrove Plain,Aelgrove Plain,PLAIN,SOURCE_DERIVED,NGP-000110,Aelgrove,PLACE,prefix=NONE;suffix=Plain,AVAILABLE,NoveGeo 700-place corpus + tribes + governed person-name seeds,SHARED_REFERENCE,ACTIVE
NG-NAM-PLN-000047,Kaedur Flats,Kaedur Flats,PLAIN,SOURCE_DERIVED,NGP-000111,Kaedur,PLACE,prefix=NONE;suffix=Flats,AVAILABLE,NoveGeo 700-place corpus + tribes + governed person-name seeds,SHARED_REFERENCE,ACTIVE
NG-NAM-PLN-000048,Østmark Fields,Ostmark Fields,PLAIN,SOURCE_DERIVED,NGP-000112,Østmark,PLACE,prefix=NONE;suffix=Fields,AVAILABLE,NoveGeo 700-place corpus + tribes + governed person-name seeds,SHARED_REFERENCE,ACTIVE
NG-NAM-PLN-000049,Valekirk Plain,Valekirk Plain,PLAIN,SOURCE_DERIVED,NGP-000113,Valekirk,PLACE,prefix=NONE;suffix=Plain,AVAILABLE,NoveGeo 700-place corpus + tribes + governed person-name seeds,SHARED_REFERENCE,ACTIVE
NG-NAM-PLN-000050,Snowmere Flats,Snowmere Flats,PLAIN,SOURCE_DERIVED,NGP-000114,Snowmere,PLACE,prefix=NONE;suffix=Flats,AVAILABLE,NoveGeo 700-place corpus + tribes + governed person-name seeds,SHARED_REFERENCE,ACTIVE
NG-NAM-PLN-000051,Frostholm Fields,Frostholm Fields,PLAIN,SOURCE_DERIVED,NGP-000115,Frostholm,PLACE,prefix=NONE;suffix=Fields,AVAILABLE,NoveGeo 700-place corpus + tribes + governed person-name seeds,SHARED_REFERENCE,ACTIVE
NG-NAM-PLN-000052,Trossfell Plain,Trossfell Plain,PLAIN,SOURCE_DERIVED,NGP-000116,Trossfell,PLACE,prefix=NONE;suffix=Plain,AVAILABLE,NoveGeo 700-place corpus + tribes + governed person-name seeds,SHARED_REFERENCE,ACTIVE
NG-NAM-PLN-000053,Birchpass Flats,Birchpass Flats,PLAIN,SOURCE_DERIVED,NGP-000117,Birchpass,PLACE,prefix=NONE;suffix=Flats,AVAILABLE,NoveGeo 700-place corpus + tribes + governed person-name seeds,SHARED_REFERENCE,ACTIVE
NG-NAM-PLN-000054,Ravencrag Fields,Ravencrag Fields,PLAIN,SOURCE_DERIVED,NGP-000118,Ravencrag,PLACE,prefix=NONE;suffix=Fields,AVAILABLE,NoveGeo 700-place corpus + tribes + governed person-name seeds,SHARED_REFERENCE,ACTIVE
NG-NAM-PLN-000055,Highmere Plain,Highmere Plain,PLAIN,SOURCE_DERIVED,NGP-000119,Highmere,PLACE,prefix=NONE;suffix=Plain,AVAILABLE,NoveGeo 700-place corpus + tribes + governed person-name seeds,SHARED_REFERENCE,ACTIVE
NG-NAM-PLN-000056,Cedarwick Flats,Cedarwick Flats,PLAIN,SOURCE_DERIVED,NGP-000120,Cedarwick,PLACE,prefix=NONE;suffix=Flats,AVAILABLE,NoveGeo 700-place corpus + tribes + governed person-name seeds,SHARED_REFERENCE,ACTIVE
NG-NAM-PLN-000057,Bellpine Fields,Bellpine Fields,PLAIN,SOURCE_DERIVED,NGP-000121,Bellpine,PLACE,prefix=NONE;suffix=Fields,AVAILABLE,NoveGeo 700-place corpus + tribes + governed person-name seeds,SHARED_REFERENCE,ACTIVE
NG-NAM-PLN-000058,Glenvar Plain,Glenvar Plain,PLAIN,SOURCE_DERIVED,NGP-000122,Glenvar,PLACE,prefix=NONE;suffix=Plain,AVAILABLE,NoveGeo 700-place corpus + tribes + governed person-name seeds,SHARED_REFERENCE,ACTIVE
NG-NAM-PLN-000059,Moorsend Flats,Moorsend Flats,PLAIN,SOURCE_DERIVED,NGP-000123,Moorsend,PLACE,prefix=NONE;suffix=Flats,AVAILABLE,NoveGeo 700-place corpus + tribes + governed person-name seeds,SHARED_REFERENCE,ACTIVE
NG-NAM-PLN-000060,Lower Aelgrove Fields,Lower Aelgrove Fields,PLAIN,SOURCE_DERIVED,NGP-000134,Lower Aelgrove,PLACE,prefix=NONE;suffix=Fields,AVAILABLE,NoveGeo 700-place corpus + tribes + governed person-name seeds,SHARED_REFERENCE,ACTIVE
NG-NAM-PLN-000061,Aelgrove Fell Plain,Aelgrove Fell Plain,PLAIN,SOURCE_DERIVED,NGP-000135,Aelgrove Fell,PLACE,prefix=NONE;suffix=Plain,AVAILABLE,NoveGeo 700-place corpus + tribes + governed person-name seeds,SHARED_REFERENCE,ACTIVE
NG-NAM-PLN-000062,Upper Kaedur Flats,Upper Kaedur Flats,PLAIN,SOURCE_DERIVED,NGP-000136,Upper Kaedur,PLACE,prefix=NONE;suffix=Flats,AVAILABLE,NoveGeo 700-place corpus + tribes + governed person-name seeds,SHARED_REFERENCE,ACTIVE
NG-NAM-PLN-000063,Kaedur Glen Fields,Kaedur Glen Fields,PLAIN,SOURCE_DERIVED,NGP-000137,Kaedur Glen,PLACE,prefix=NONE;suffix=Fields,AVAILABLE,NoveGeo 700-place corpus + tribes + governed person-name seeds,SHARED_REFERENCE,ACTIVE
NG-NAM-PLN-000064,East Østmark Plain,East Ostmark Plain,PLAIN,SOURCE_DERIVED,NGP-000138,East Østmark,PLACE,prefix=NONE;suffix=Plain,AVAILABLE,NoveGeo 700-place corpus + tribes + governed person-name seeds,SHARED_REFERENCE,ACTIVE
NG-NAM-PLN-000065,Østmark Beck Flats,Ostmark Beck Flats,PLAIN,SOURCE_DERIVED,NGP-000139,Østmark Beck,PLACE,prefix=NONE;suffix=Flats,AVAILABLE,NoveGeo 700-place corpus + tribes + governed person-name seeds,SHARED_REFERENCE,ACTIVE
NG-NAM-PLN-000066,Old Valekirk Fields,Old Valekirk Fields,PLAIN,SOURCE_DERIVED,NGP-000140,Old Valekirk,PLACE,prefix=NONE;suffix=Fields,AVAILABLE,NoveGeo 700-place corpus + tribes + governed person-name seeds,SHARED_REFERENCE,ACTIVE
NG-NAM-PLN-000067,Valekirk Crag Plain,Valekirk Crag Plain,PLAIN,SOURCE_DERIVED,NGP-000141,Valekirk Crag,PLACE,prefix=NONE;suffix=Plain,AVAILABLE,NoveGeo 700-place corpus + tribes + governed person-name seeds,SHARED_REFERENCE,ACTIVE
NG-NAM-PLN-000068,South Snowmere Flats,South Snowmere Flats,PLAIN,SOURCE_DERIVED,NGP-000142,South Snowmere,PLACE,prefix=NONE;suffix=Flats,AVAILABLE,NoveGeo 700-place corpus + tribes + governed person-name seeds,SHARED_REFERENCE,ACTIVE
NG-NAM-PLN-000069,Snowmere Pass Fields,Snowmere Pass Fields,PLAIN,SOURCE_DERIVED,NGP-000143,Snowmere Pass,PLACE,prefix=NONE;suffix=Fields,AVAILABLE,NoveGeo 700-place corpus + tribes + governed person-name seeds,SHARED_REFERENCE,ACTIVE
NG-NAM-PLN-000070,Frostholm Moor Plain,Frostholm Moor Plain,PLAIN,SOURCE_DERIVED,NGP-000144,Frostholm Moor,PLACE,prefix=NONE;suffix=Plain,AVAILABLE,NoveGeo 700-place corpus + tribes + governed person-name seeds,SHARED_REFERENCE,ACTIVE
NG-NAM-PLN-000071,Frostholm Fold Flats,Frostholm Fold Flats,PLAIN,SOURCE_DERIVED,NGP-000145,Frostholm Fold,PLACE,prefix=NONE;suffix=Flats,AVAILABLE,NoveGeo 700-place corpus + tribes + governed person-name seeds,SHARED_REFERENCE,ACTIVE
NG-NAM-PLN-000072,North Trossfell Fields,North Trossfell Fields,PLAIN,SOURCE_DERIVED,NGP-000146,North Trossfell,PLACE,prefix=NONE;suffix=Fields,AVAILABLE,NoveGeo 700-place corpus + tribes + governed person-name seeds,SHARED_REFERENCE,ACTIVE
NG-NAM-PLN-000073,Trossfell Tor Plain,Trossfell Tor Plain,PLAIN,SOURCE_DERIVED,NGP-000147,Trossfell Tor,PLACE,prefix=NONE;suffix=Plain,AVAILABLE,NoveGeo 700-place corpus + tribes + governed person-name seeds,SHARED_REFERENCE,ACTIVE
NG-NAM-PLN-000074,Birchpass Ridge Flats,Birchpass Ridge Flats,PLAIN,SOURCE_DERIVED,NGP-000148,Birchpass Ridge,PLACE,prefix=NONE;suffix=Flats,AVAILABLE,NoveGeo 700-place corpus + tribes + governed person-name seeds,SHARED_REFERENCE,ACTIVE
NG-NAM-PLN-000075,Birchpass Tarn Fields,Birchpass Tarn Fields,PLAIN,SOURCE_DERIVED,NGP-000149,Birchpass Tarn,PLACE,prefix=NONE;suffix=Fields,AVAILABLE,NoveGeo 700-place corpus + tribes + governed person-name seeds,SHARED_REFERENCE,ACTIVE
NG-NAM-PLN-000076,West Ravencrag Plain,West Ravencrag Plain,PLAIN,SOURCE_DERIVED,NGP-000150,West Ravencrag,PLACE,prefix=NONE;suffix=Plain,AVAILABLE,NoveGeo 700-place corpus + tribes + governed person-name seeds,SHARED_REFERENCE,ACTIVE
NG-NAM-PLN-000077,Ravencrag Pines Flats,Ravencrag Pines Flats,PLAIN,SOURCE_DERIVED,NGP-000151,Ravencrag Pines,PLACE,prefix=NONE;suffix=Flats,AVAILABLE,NoveGeo 700-place corpus + tribes + governed person-name seeds,SHARED_REFERENCE,ACTIVE
NG-NAM-PLN-000078,Highmere Heath Fields,Highmere Heath Fields,PLAIN,SOURCE_DERIVED,NGP-000152,Highmere Heath,PLACE,prefix=NONE;suffix=Fields,AVAILABLE,NoveGeo 700-place corpus + tribes + governed person-name seeds,SHARED_REFERENCE,ACTIVE
NG-NAM-PLN-000079,Highmere Stone Plain,Highmere Stone Plain,PLAIN,SOURCE_DERIVED,NGP-000153,Highmere Stone,PLACE,prefix=NONE;suffix=Plain,AVAILABLE,NoveGeo 700-place corpus + tribes + governed person-name seeds,SHARED_REFERENCE,ACTIVE
NG-NAM-PLN-000080,Lower Cedarwick Flats,Lower Cedarwick Flats,PLAIN,SOURCE_DERIVED,NGP-000154,Lower Cedarwick,PLACE,prefix=NONE;suffix=Flats,AVAILABLE,NoveGeo 700-place corpus + tribes + governed person-name seeds,SHARED_REFERENCE,ACTIVE
NG-NAM-PLN-000081,Cedarwick Birch Fields,Cedarwick Birch Fields,PLAIN,SOURCE_DERIVED,NGP-000155,Cedarwick Birch,PLACE,prefix=NONE;suffix=Fields,AVAILABLE,NoveGeo 700-place corpus + tribes + governed person-name seeds,SHARED_REFERENCE,ACTIVE
NG-NAM-PLN-000082,Bellpine Dale Plain,Bellpine Dale Plain,PLAIN,SOURCE_DERIVED,NGP-000156,Bellpine Dale,PLACE,prefix=NONE;suffix=Plain,AVAILABLE,NoveGeo 700-place corpus + tribes + governed person-name seeds,SHARED_REFERENCE,ACTIVE
NG-NAM-PLN-000083,Bellpine Run Flats,Bellpine Run Flats,PLAIN,SOURCE_DERIVED,NGP-000157,Bellpine Run,PLACE,prefix=NONE;suffix=Flats,AVAILABLE,NoveGeo 700-place corpus + tribes + governed person-name seeds,SHARED_REFERENCE,ACTIVE
NG-NAM-PLN-000084,Upper Glenvar Fields,Upper Glenvar Fields,PLAIN,SOURCE_DERIVED,NGP-000158,Upper Glenvar,PLACE,prefix=NONE;suffix=Fields,AVAILABLE,NoveGeo 700-place corpus + tribes + governed person-name seeds,SHARED_REFERENCE,ACTIVE
NG-NAM-PLN-000085,Glenvar Cedar Plain,Glenvar Cedar Plain,PLAIN,SOURCE_DERIVED,NGP-000159,Glenvar Cedar,PLACE,prefix=NONE;suffix=Plain,AVAILABLE,NoveGeo 700-place corpus + tribes + governed person-name seeds,SHARED_REFERENCE,ACTIVE
NG-NAM-PLN-000086,Moorsend Barrow Flats,Moorsend Barrow Flats,PLAIN,SOURCE_DERIVED,NGP-000160,Moorsend Barrow,PLACE,prefix=NONE;suffix=Flats,AVAILABLE,NoveGeo 700-place corpus + tribes + governed person-name seeds,SHARED_REFERENCE,ACTIVE
NG-NAM-PLN-000087,Moorsend Brook Fields,Moorsend Brook Fields,PLAIN,SOURCE_DERIVED,NGP-000161,Moorsend Brook,PLACE,prefix=NONE;suffix=Fields,AVAILABLE,NoveGeo 700-place corpus + tribes + governed person-name seeds,SHARED_REFERENCE,ACTIVE
NG-NAM-PLN-000088,Ferncross Wood Plain,Ferncross Wood Plain,PLAIN,SOURCE_DERIVED,NGP-000162,Ferncross Wood,PLACE,prefix=NONE;suffix=Plain,AVAILABLE,NoveGeo 700-place corpus + tribes + governed person-name seeds,SHARED_REFERENCE,ACTIVE
NG-NAM-PLN-000089,Ferncross Brae Flats,Ferncross Brae Flats,PLAIN,SOURCE_DERIVED,NGP-000163,Ferncross Brae,PLACE,prefix=NONE;suffix=Flats,AVAILABLE,NoveGeo 700-place corpus + tribes + governed person-name seeds,SHARED_REFERENCE,ACTIVE
NG-NAM-PLN-000090,Cloudrest Fields,Cloudrest Fields,PLAIN,SOURCE_DERIVED,NGP-000171,Cloudrest,PLACE,prefix=NONE;suffix=Fields,AVAILABLE,NoveGeo 700-place corpus + tribes + governed person-name seeds,SHARED_REFERENCE,ACTIVE
NG-NAM-PLN-000091,Alpine Lantern Plain,Alpine Lantern Plain,PLAIN,SOURCE_DERIVED,NGP-000172,Alpine Lantern,PLACE,prefix=NONE;suffix=Plain,AVAILABLE,NoveGeo 700-place corpus + tribes + governed person-name seeds,SHARED_REFERENCE,ACTIVE
NG-NAM-PLN-000092,Vondara Flats,Vondara Flats,PLAIN,SOURCE_DERIVED,NGP-000173,Vondara,PLACE,prefix=NONE;suffix=Flats,AVAILABLE,NoveGeo 700-place corpus + tribes + governed person-name seeds,SHARED_REFERENCE,ACTIVE
NG-NAM-PLN-000093,Greenbarrow Fields,Greenbarrow Fields,PLAIN,SOURCE_DERIVED,NGP-000174,Greenbarrow,PLACE,prefix=NONE;suffix=Fields,AVAILABLE,NoveGeo 700-place corpus + tribes + governed person-name seeds,SHARED_REFERENCE,ACTIVE
NG-NAM-PLN-000094,Kestrel Plain Plain,Kestrel Plain Plain,PLAIN,SOURCE_DERIVED,NGP-000175,Kestrel Plain,PLACE,prefix=NONE;suffix=Plain,AVAILABLE,NoveGeo 700-place corpus + tribes + governed person-name seeds,SHARED_REFERENCE,ACTIVE
NG-NAM-PLN-000095,Solmere Flats,Solmere Flats,PLAIN,SOURCE_DERIVED,NGP-000176,Solmere,PLACE,prefix=NONE;suffix=Flats,AVAILABLE,NoveGeo 700-place corpus + tribes + governed person-name seeds,SHARED_REFERENCE,ACTIVE
NG-NAM-PLN-000096,Vondel Fields,Vondel Fields,PLAIN,SOURCE_DERIVED,NGP-000197,Vondel,PLACE,prefix=NONE;suffix=Fields,AVAILABLE,NoveGeo 700-place corpus + tribes + governed person-name seeds,SHARED_REFERENCE,ACTIVE
NG-NAM-PLN-000097,Meadowrun Plain,Meadowrun Plain,PLAIN,SOURCE_DERIVED,NGP-000198,Meadowrun,PLACE,prefix=NONE;suffix=Plain,AVAILABLE,NoveGeo 700-place corpus + tribes + governed person-name seeds,SHARED_REFERENCE,ACTIVE
NG-NAM-PLN-000098,Grainford Flats,Grainford Flats,PLAIN,SOURCE_DERIVED,NGP-000199,Grainford,PLACE,prefix=NONE;suffix=Flats,AVAILABLE,NoveGeo 700-place corpus + tribes + governed person-name seeds,SHARED_REFERENCE,ACTIVE
NG-NAM-PLN-000099,Solhaven Fields,Solhaven Fields,PLAIN,SOURCE_DERIVED,NGP-000200,Solhaven,PLACE,prefix=NONE;suffix=Fields,AVAILABLE,NoveGeo 700-place corpus + tribes + governed person-name seeds,SHARED_REFERENCE,ACTIVE
NG-NAM-PLN-000100,Amberfield Plain,Amberfield Plain,PLAIN,SOURCE_DERIVED,NGP-000201,Amberfield,PLACE,prefix=NONE;suffix=Plain,AVAILABLE,NoveGeo 700-place corpus + tribes + governed person-name seeds,SHARED_REFERENCE,ACTIVE
NG-NAM-PLN-000101,Kestrel Flats,Kestrel Flats,PLAIN,SOURCE_DERIVED,NGP-000202,Kestrel,PLACE,prefix=NONE;suffix=Flats,AVAILABLE,NoveGeo 700-place corpus + tribes + governed person-name seeds,SHARED_REFERENCE,ACTIVE
NG-NAM-PLN-000102,Windcross Fields,Windcross Fields,PLAIN,SOURCE_DERIVED,NGP-000203,Windcross,PLACE,prefix=NONE;suffix=Fields,AVAILABLE,NoveGeo 700-place corpus + tribes + governed person-name seeds,SHARED_REFERENCE,ACTIVE
NG-NAM-PLN-000103,Talewood Plain,Talewood Plain,PLAIN,SOURCE_DERIVED,NGP-000204,Talewood,PLACE,prefix=NONE;suffix=Plain,AVAILABLE,NoveGeo 700-place corpus + tribes + governed person-name seeds,SHARED_REFERENCE,ACTIVE
NG-NAM-PLN-000104,Broadacre Flats,Broadacre Flats,PLAIN,SOURCE_DERIVED,NGP-000205,Broadacre,PLACE,prefix=NONE;suffix=Flats,AVAILABLE,NoveGeo 700-place corpus + tribes + governed person-name seeds,SHARED_REFERENCE,ACTIVE
NG-NAM-PLN-000105,Eastbarrow Fields,Eastbarrow Fields,PLAIN,SOURCE_DERIVED,NGP-000206,Eastbarrow,PLACE,prefix=NONE;suffix=Fields,AVAILABLE,NoveGeo 700-place corpus + tribes + governed person-name seeds,SHARED_REFERENCE,ACTIVE
NG-NAM-PLN-000106,Solvek Plain,Solvek Plain,PLAIN,SOURCE_DERIVED,NGP-000207,Solvek,PLACE,prefix=NONE;suffix=Plain,AVAILABLE,NoveGeo 700-place corpus + tribes + governed person-name seeds,SHARED_REFERENCE,ACTIVE
NG-NAM-PLN-000107,Ashkar Flats,Ashkar Flats,PLAIN,SOURCE_DERIVED,NGP-000208,Ashkar,PLACE,prefix=NONE;suffix=Flats,AVAILABLE,NoveGeo 700-place corpus + tribes + governed person-name seeds,SHARED_REFERENCE,ACTIVE
NG-NAM-PLN-000108,Harrowfield Fields,Harrowfield Fields,PLAIN,SOURCE_DERIVED,NGP-000209,Harrowfield,PLACE,prefix=NONE;suffix=Fields,AVAILABLE,NoveGeo 700-place corpus + tribes + governed person-name seeds,SHARED_REFERENCE,ACTIVE
NG-NAM-PLN-000109,Westervale Plain,Westervale Plain,PLAIN,SOURCE_DERIVED,NGP-000211,Westervale,PLACE,prefix=NONE;suffix=Plain,AVAILABLE,NoveGeo 700-place corpus + tribes + governed person-name seeds,SHARED_REFERENCE,ACTIVE
NG-NAM-PLN-000110,Lower Vondel Flats,Lower Vondel Flats,PLAIN,SOURCE_DERIVED,NGP-000221,Lower Vondel,PLACE,prefix=NONE;suffix=Flats,AVAILABLE,NoveGeo 700-place corpus + tribes + governed person-name seeds,SHARED_REFERENCE,ACTIVE
NG-NAM-PLN-000111,Vondel Fields Fields,Vondel Fields Fields,PLAIN,SOURCE_DERIVED,NGP-000222,Vondel Fields,PLACE,prefix=NONE;suffix=Fields,AVAILABLE,NoveGeo 700-place corpus + tribes + governed person-name seeds,SHARED_REFERENCE,ACTIVE
NG-NAM-PLN-000112,Upper Meadowrun Plain,Upper Meadowrun Plain,PLAIN,SOURCE_DERIVED,NGP-000223,Upper Meadowrun,PLACE,prefix=NONE;suffix=Plain,AVAILABLE,NoveGeo 700-place corpus + tribes + governed person-name seeds,SHARED_REFERENCE,ACTIVE
NG-NAM-PLN-000113,Meadowrun Grove Flats,Meadowrun Grove Flats,PLAIN,SOURCE_DERIVED,NGP-000224,Meadowrun Grove,PLACE,prefix=NONE;suffix=Flats,AVAILABLE,NoveGeo 700-place corpus + tribes + governed person-name seeds,SHARED_REFERENCE,ACTIVE
NG-NAM-PLN-000114,East Grainford Fields,East Grainford Fields,PLAIN,SOURCE_DERIVED,NGP-000225,East Grainford,PLACE,prefix=NONE;suffix=Fields,AVAILABLE,NoveGeo 700-place corpus + tribes + governed person-name seeds,SHARED_REFERENCE,ACTIVE
NG-NAM-PLN-000115,Grainford Farm Plain,Grainford Farm Plain,PLAIN,SOURCE_DERIVED,NGP-000226,Grainford Farm,PLACE,prefix=NONE;suffix=Plain,AVAILABLE,NoveGeo 700-place corpus + tribes + governed person-name seeds,SHARED_REFERENCE,ACTIVE
NG-NAM-PLN-000116,Old Solhaven Flats,Old Solhaven Flats,PLAIN,SOURCE_DERIVED,NGP-000227,Old Solhaven,PLACE,prefix=NONE;suffix=Flats,AVAILABLE,NoveGeo 700-place corpus + tribes + governed person-name seeds,SHARED_REFERENCE,ACTIVE
NG-NAM-PLN-000117,South Amberfield Fields,South Amberfield Fields,PLAIN,SOURCE_DERIVED,NGP-000229,South Amberfield,PLACE,prefix=NONE;suffix=Fields,AVAILABLE,NoveGeo 700-place corpus + tribes + governed person-name seeds,SHARED_REFERENCE,ACTIVE
NG-NAM-PLN-000118,Amberfield Plain Plain,Amberfield Plain Plain,PLAIN,SOURCE_DERIVED,NGP-000230,Amberfield Plain,PLACE,prefix=NONE;suffix=Plain,AVAILABLE,NoveGeo 700-place corpus + tribes + governed person-name seeds,SHARED_REFERENCE,ACTIVE
NG-NAM-PLN-000119,Kestrel Orchard Flats,Kestrel Orchard Flats,PLAIN,SOURCE_DERIVED,NGP-000231,Kestrel Orchard,PLACE,prefix=NONE;suffix=Flats,AVAILABLE,NoveGeo 700-place corpus + tribes + governed person-name seeds,SHARED_REFERENCE,ACTIVE
NG-NAM-PLN-000120,Kestrel Mill Fields,Kestrel Mill Fields,PLAIN,SOURCE_DERIVED,NGP-000232,Kestrel Mill,PLACE,prefix=NONE;suffix=Fields,AVAILABLE,NoveGeo 700-place corpus + tribes + governed person-name seeds,SHARED_REFERENCE,ACTIVE
NG-NAM-PLN-000121,North Windcross Plain,North Windcross Plain,PLAIN,SOURCE_DERIVED,NGP-000233,North Windcross,PLACE,prefix=NONE;suffix=Plain,AVAILABLE,NoveGeo 700-place corpus + tribes + governed person-name seeds,SHARED_REFERENCE,ACTIVE
NG-NAM-PLN-000122,Windcross Acres Flats,Windcross Acres Flats,PLAIN,SOURCE_DERIVED,NGP-000234,Windcross Acres,PLACE,prefix=NONE;suffix=Flats,AVAILABLE,NoveGeo 700-place corpus + tribes + governed person-name seeds,SHARED_REFERENCE,ACTIVE
NG-NAM-PLN-000123,Talewood Meadow Fields,Talewood Meadow Fields,PLAIN,SOURCE_DERIVED,NGP-000235,Talewood Meadow,PLACE,prefix=NONE;suffix=Fields,AVAILABLE,NoveGeo 700-place corpus + tribes + governed person-name seeds,SHARED_REFERENCE,ACTIVE
NG-NAM-PLN-000124,Talewood Gate Plain,Talewood Gate Plain,PLAIN,SOURCE_DERIVED,NGP-000236,Talewood Gate,PLACE,prefix=NONE;suffix=Plain,AVAILABLE,NoveGeo 700-place corpus + tribes + governed person-name seeds,SHARED_REFERENCE,ACTIVE
NG-NAM-PLN-000125,West Broadacre Flats,West Broadacre Flats,PLAIN,SOURCE_DERIVED,NGP-000237,West Broadacre,PLACE,prefix=NONE;suffix=Flats,AVAILABLE,NoveGeo 700-place corpus + tribes + governed person-name seeds,SHARED_REFERENCE,ACTIVE
NG-NAM-PLN-000126,Broadacre Granary Fields,Broadacre Granary Fields,PLAIN,SOURCE_DERIVED,NGP-000238,Broadacre Granary,PLACE,prefix=NONE;suffix=Fields,AVAILABLE,NoveGeo 700-place corpus + tribes + governed person-name seeds,SHARED_REFERENCE,ACTIVE
NG-NAM-PLN-000127,Eastbarrow Ridge Plain,Eastbarrow Ridge Plain,PLAIN,SOURCE_DERIVED,NGP-000239,Eastbarrow Ridge,PLACE,prefix=NONE;suffix=Plain,AVAILABLE,NoveGeo 700-place corpus + tribes + governed person-name seeds,SHARED_REFERENCE,ACTIVE
NG-NAM-PLN-000128,Eastbarrow Silo Flats,Eastbarrow Silo Flats,PLAIN,SOURCE_DERIVED,NGP-000240,Eastbarrow Silo,PLACE,prefix=NONE;suffix=Flats,AVAILABLE,NoveGeo 700-place corpus + tribes + governed person-name seeds,SHARED_REFERENCE,ACTIVE
NG-NAM-PLN-000129,Lower Solvek Fields,Lower Solvek Fields,PLAIN,SOURCE_DERIVED,NGP-000241,Lower Solvek,PLACE,prefix=NONE;suffix=Fields,AVAILABLE,NoveGeo 700-place corpus + tribes + governed person-name seeds,SHARED_REFERENCE,ACTIVE
NG-NAM-PLN-000130,Solvek Brook Plain,Solvek Brook Plain,PLAIN,SOURCE_DERIVED,NGP-000242,Solvek Brook,PLACE,prefix=NONE;suffix=Plain,AVAILABLE,NoveGeo 700-place corpus + tribes + governed person-name seeds,SHARED_REFERENCE,ACTIVE
NG-NAM-PLN-000131,Ashkar Vineyard Flats,Ashkar Vineyard Flats,PLAIN,SOURCE_DERIVED,NGP-000243,Ashkar Vineyard,PLACE,prefix=NONE;suffix=Flats,AVAILABLE,NoveGeo 700-place corpus + tribes + governed person-name seeds,SHARED_REFERENCE,ACTIVE
NG-NAM-PLN-000132,Ashkar Lane Fields,Ashkar Lane Fields,PLAIN,SOURCE_DERIVED,NGP-000244,Ashkar Lane,PLACE,prefix=NONE;suffix=Fields,AVAILABLE,NoveGeo 700-place corpus + tribes + governed person-name seeds,SHARED_REFERENCE,ACTIVE
NG-NAM-PLN-000133,Upper Harrowfield Plain,Upper Harrowfield Plain,PLAIN,SOURCE_DERIVED,NGP-000245,Upper Harrowfield,PLACE,prefix=NONE;suffix=Plain,AVAILABLE,NoveGeo 700-place corpus + tribes + governed person-name seeds,SHARED_REFERENCE,ACTIVE
NG-NAM-PLN-000134,Harrowfield Homestead Flats,Harrowfield Homestead Flats,PLAIN,SOURCE_DERIVED,NGP-000246,Harrowfield Homestead,PLACE,prefix=NONE;suffix=Flats,AVAILABLE,NoveGeo 700-place corpus + tribes + governed person-name seeds,SHARED_REFERENCE,ACTIVE
NG-NAM-PLN-000135,Cidergate Cider Field Fields,Cidergate Cider Field Fields,PLAIN,SOURCE_DERIVED,NGP-000247,Cidergate Cider Field,PLACE,prefix=NONE;suffix=Fields,AVAILABLE,NoveGeo 700-place corpus + tribes + governed person-name seeds,SHARED_REFERENCE,ACTIVE
NG-NAM-PLN-000136,Cidergate Hill Plain,Cidergate Hill Plain,PLAIN,SOURCE_DERIVED,NGP-000248,Cidergate Hill,PLACE,prefix=NONE;suffix=Plain,AVAILABLE,NoveGeo 700-place corpus + tribes + governed person-name seeds,SHARED_REFERENCE,ACTIVE
NG-NAM-PLN-000137,Westervale Vale Flats,Westervale Vale Flats,PLAIN,SOURCE_DERIVED,NGP-000249,Westervale Vale,PLACE,prefix=NONE;suffix=Flats,AVAILABLE,NoveGeo 700-place corpus + tribes + governed person-name seeds,SHARED_REFERENCE,ACTIVE
NG-NAM-PLN-000138,Westervale Station Fields,Westervale Station Fields,PLAIN,SOURCE_DERIVED,NGP-000250,Westervale Station,PLACE,prefix=NONE;suffix=Fields,AVAILABLE,NoveGeo 700-place corpus + tribes + governed person-name seeds,SHARED_REFERENCE,ACTIVE
NG-NAM-PLN-000139,Silvermere Plain,Silvermere Plain,PLAIN,SOURCE_DERIVED,NGP-000258,Silvermere,PLACE,prefix=NONE;suffix=Plain,AVAILABLE,NoveGeo 700-place corpus + tribes + governed person-name seeds,SHARED_REFERENCE,ACTIVE
NG-NAM-PLN-000140,Nyandor Flats,Nyandor Flats,PLAIN,SOURCE_DERIVED,NGP-000259,Nyandor,PLACE,prefix=NONE;suffix=Flats,AVAILABLE,NoveGeo 700-place corpus + tribes + governed person-name seeds,SHARED_REFERENCE,ACTIVE
NG-NAM-PLN-000141,Reedhaven Fields,Reedhaven Fields,PLAIN,SOURCE_DERIVED,NGP-000260,Reedhaven,PLACE,prefix=NONE;suffix=Fields,AVAILABLE,NoveGeo 700-place corpus + tribes + governed person-name seeds,SHARED_REFERENCE,ACTIVE
NG-NAM-PLN-000142,Lakemarch Plain,Lakemarch Plain,PLAIN,SOURCE_DERIVED,NGP-000261,Lakemarch,PLACE,prefix=NONE;suffix=Plain,AVAILABLE,NoveGeo 700-place corpus + tribes + governed person-name seeds,SHARED_REFERENCE,ACTIVE
NG-NAM-PLN-000143,Nyarin Flats,Nyarin Flats,PLAIN,SOURCE_DERIVED,NGP-000282,Nyarin,PLACE,prefix=NONE;suffix=Flats,AVAILABLE,NoveGeo 700-place corpus + tribes + governed person-name seeds,SHARED_REFERENCE,ACTIVE
NG-NAM-PLN-000144,Nyondar Fields,Nyondar Fields,PLAIN,SOURCE_DERIVED,NGP-000283,Nyondar,PLACE,prefix=NONE;suffix=Fields,AVAILABLE,NoveGeo 700-place corpus + tribes + governed person-name seeds,SHARED_REFERENCE,ACTIVE
NG-NAM-PLN-000145,Nyavora Plain,Nyavora Plain,PLAIN,SOURCE_DERIVED,NGP-000284,Nyavora,PLACE,prefix=NONE;suffix=Plain,AVAILABLE,NoveGeo 700-place corpus + tribes + governed person-name seeds,SHARED_REFERENCE,ACTIVE
NG-NAM-PLN-000146,Osprey Bend Flats,Osprey Bend Flats,PLAIN,SOURCE_DERIVED,NGP-000285,Osprey Bend,PLACE,prefix=NONE;suffix=Flats,AVAILABLE,NoveGeo 700-place corpus + tribes + governed person-name seeds,SHARED_REFERENCE,ACTIVE
NG-NAM-PLN-000147,Pelican Reach Fields,Pelican Reach Fields,PLAIN,SOURCE_DERIVED,NGP-000286,Pelican Reach,PLACE,prefix=NONE;suffix=Fields,AVAILABLE,NoveGeo 700-place corpus + tribes + governed person-name seeds,SHARED_REFERENCE,ACTIVE
NG-NAM-PLN-000148,Fenmere Plain,Fenmere Plain,PLAIN,SOURCE_DERIVED,NGP-000287,Fenmere,PLACE,prefix=NONE;suffix=Plain,AVAILABLE,NoveGeo 700-place corpus + tribes + governed person-name seeds,SHARED_REFERENCE,ACTIVE
NG-NAM-PLN-000149,Lotus Ford Flats,Lotus Ford Flats,PLAIN,SOURCE_DERIVED,NGP-000288,Lotus Ford,PLACE,prefix=NONE;suffix=Flats,AVAILABLE,NoveGeo 700-place corpus + tribes + governed person-name seeds,SHARED_REFERENCE,ACTIVE
NG-NAM-PLN-000150,Rivermist Fields,Rivermist Fields,PLAIN,SOURCE_DERIVED,NGP-000289,Rivermist,PLACE,prefix=NONE;suffix=Fields,AVAILABLE,NoveGeo 700-place corpus + tribes + governed person-name seeds,SHARED_REFERENCE,ACTIVE
NG-NAM-PLN-000151,Heronfall Plain,Heronfall Plain,PLAIN,SOURCE_DERIVED,NGP-000290,Heronfall,PLACE,prefix=NONE;suffix=Plain,AVAILABLE,NoveGeo 700-place corpus + tribes + governed person-name seeds,SHARED_REFERENCE,ACTIVE
NG-NAM-PLN-000152,Delftwater Flats,Delftwater Flats,PLAIN,SOURCE_DERIVED,NGP-000291,Delftwater,PLACE,prefix=NONE;suffix=Flats,AVAILABLE,NoveGeo 700-place corpus + tribes + governed person-name seeds,SHARED_REFERENCE,ACTIVE
NG-NAM-PLN-000153,Bluehaven Fields,Bluehaven Fields,PLAIN,SOURCE_DERIVED,NGP-000292,Bluehaven,PLACE,prefix=NONE;suffix=Fields,AVAILABLE,NoveGeo 700-place corpus + tribes + governed person-name seeds,SHARED_REFERENCE,ACTIVE
NG-NAM-PLN-000154,Lowwater Plain,Lowwater Plain,PLAIN,SOURCE_DERIVED,NGP-000293,Lowwater,PLACE,prefix=NONE;suffix=Plain,AVAILABLE,NoveGeo 700-place corpus + tribes + governed person-name seeds,SHARED_REFERENCE,ACTIVE
NG-NAM-PLN-000155,Canalford Flats,Canalford Flats,PLAIN,SOURCE_DERIVED,NGP-000294,Canalford,PLACE,prefix=NONE;suffix=Flats,AVAILABLE,NoveGeo 700-place corpus + tribes + governed person-name seeds,SHARED_REFERENCE,ACTIVE
NG-NAM-PLN-000156,Brinewell Fields,Brinewell Fields,PLAIN,SOURCE_DERIVED,NGP-000295,Brinewell,PLACE,prefix=NONE;suffix=Fields,AVAILABLE,NoveGeo 700-place corpus + tribes + governed person-name seeds,SHARED_REFERENCE,ACTIVE
NG-NAM-PLN-000157,Willow Quay Plain,Willow Quay Plain,PLAIN,SOURCE_DERIVED,NGP-000296,Willow Quay,PLACE,prefix=NONE;suffix=Plain,AVAILABLE,NoveGeo 700-place corpus + tribes + governed person-name seeds,SHARED_REFERENCE,ACTIVE
NG-NAM-PLN-000158,Upper Nyarin Flats,Upper Nyarin Flats,PLAIN,SOURCE_DERIVED,NGP-000306,Upper Nyarin,PLACE,prefix=NONE;suffix=Flats,AVAILABLE,NoveGeo 700-place corpus + tribes + governed person-name seeds,SHARED_REFERENCE,ACTIVE
NG-NAM-PLN-000159,Nyarin Landing Fields,Nyarin Landing Fields,PLAIN,SOURCE_DERIVED,NGP-000307,Nyarin Landing,PLACE,prefix=NONE;suffix=Fields,AVAILABLE,NoveGeo 700-place corpus + tribes + governed person-name seeds,SHARED_REFERENCE,ACTIVE
NG-NAM-PLN-000160,Lower Nyondar Plain,Lower Nyondar Plain,PLAIN,SOURCE_DERIVED,NGP-000308,Lower Nyondar,PLACE,prefix=NONE;suffix=Plain,AVAILABLE,NoveGeo 700-place corpus + tribes + governed person-name seeds,SHARED_REFERENCE,ACTIVE
NG-NAM-PLN-000161,Nyondar Reed Flats,Nyondar Reed Flats,PLAIN,SOURCE_DERIVED,NGP-000309,Nyondar Reed,PLACE,prefix=NONE;suffix=Flats,AVAILABLE,NoveGeo 700-place corpus + tribes + governed person-name seeds,SHARED_REFERENCE,ACTIVE
NG-NAM-PLN-000162,Old Nyavora Fields,Old Nyavora Fields,PLAIN,SOURCE_DERIVED,NGP-000310,Old Nyavora,PLACE,prefix=NONE;suffix=Fields,AVAILABLE,NoveGeo 700-place corpus + tribes + governed person-name seeds,SHARED_REFERENCE,ACTIVE
NG-NAM-PLN-000163,Nyavora Bank Plain,Nyavora Bank Plain,PLAIN,SOURCE_DERIVED,NGP-000311,Nyavora Bank,PLACE,prefix=NONE;suffix=Plain,AVAILABLE,NoveGeo 700-place corpus + tribes + governed person-name seeds,SHARED_REFERENCE,ACTIVE
NG-NAM-PLN-000164,East Osprey Bend Flats,East Osprey Bend Flats,PLAIN,SOURCE_DERIVED,NGP-000312,East Osprey Bend,PLACE,prefix=NONE;suffix=Flats,AVAILABLE,NoveGeo 700-place corpus + tribes + governed person-name seeds,SHARED_REFERENCE,ACTIVE
NG-NAM-PLN-000165,Osprey Bend Ford Fields,Osprey Bend Ford Fields,PLAIN,SOURCE_DERIVED,NGP-000313,Osprey Bend Ford,PLACE,prefix=NONE;suffix=Fields,AVAILABLE,NoveGeo 700-place corpus + tribes + governed person-name seeds,SHARED_REFERENCE,ACTIVE
NG-NAM-PLN-000166,South Pelican Reach Plain,South Pelican Reach Plain,PLAIN,SOURCE_DERIVED,NGP-000314,South Pelican Reach,PLACE,prefix=NONE;suffix=Plain,AVAILABLE,NoveGeo 700-place corpus + tribes + governed person-name seeds,SHARED_REFERENCE,ACTIVE
NG-NAM-PLN-000167,Pelican Reach Marsh Flats,Pelican Reach Marsh Flats,PLAIN,SOURCE_DERIVED,NGP-000315,Pelican Reach Marsh,PLACE,prefix=NONE;suffix=Flats,AVAILABLE,NoveGeo 700-place corpus + tribes + governed person-name seeds,SHARED_REFERENCE,ACTIVE
NG-NAM-PLN-000168,Fenmere Fen Fields,Fenmere Fen Fields,PLAIN,SOURCE_DERIVED,NGP-000316,Fenmere Fen,PLACE,prefix=NONE;suffix=Fields,AVAILABLE,NoveGeo 700-place corpus + tribes + governed person-name seeds,SHARED_REFERENCE,ACTIVE
NG-NAM-PLN-000169,Fenmere Pools Plain,Fenmere Pools Plain,PLAIN,SOURCE_DERIVED,NGP-000317,Fenmere Pools,PLACE,prefix=NONE;suffix=Plain,AVAILABLE,NoveGeo 700-place corpus + tribes + governed person-name seeds,SHARED_REFERENCE,ACTIVE
NG-NAM-PLN-000170,North Lotus Ford Flats,North Lotus Ford Flats,PLAIN,SOURCE_DERIVED,NGP-000318,North Lotus Ford,PLACE,prefix=NONE;suffix=Flats,AVAILABLE,NoveGeo 700-place corpus + tribes + governed person-name seeds,SHARED_REFERENCE,ACTIVE
NG-NAM-PLN-000171,Lotus Ford Channel Fields,Lotus Ford Channel Fields,PLAIN,SOURCE_DERIVED,NGP-000319,Lotus Ford Channel,PLACE,prefix=NONE;suffix=Fields,AVAILABLE,NoveGeo 700-place corpus + tribes + governed person-name seeds,SHARED_REFERENCE,ACTIVE
NG-NAM-PLN-000172,Rivermist Water Plain,Rivermist Water Plain,PLAIN,SOURCE_DERIVED,NGP-000320,Rivermist Water,PLACE,prefix=NONE;suffix=Plain,AVAILABLE,NoveGeo 700-place corpus + tribes + governed person-name seeds,SHARED_REFERENCE,ACTIVE
NG-NAM-PLN-000173,Rivermist Bend Flats,Rivermist Bend Flats,PLAIN,SOURCE_DERIVED,NGP-000321,Rivermist Bend,PLACE,prefix=NONE;suffix=Flats,AVAILABLE,NoveGeo 700-place corpus + tribes + governed person-name seeds,SHARED_REFERENCE,ACTIVE
NG-NAM-PLN-000174,West Heronfall Fields,West Heronfall Fields,PLAIN,SOURCE_DERIVED,NGP-000322,West Heronfall,PLACE,prefix=NONE;suffix=Fields,AVAILABLE,NoveGeo 700-place corpus + tribes + governed person-name seeds,SHARED_REFERENCE,ACTIVE
NG-NAM-PLN-000175,Heronfall Wetlands Plain,Heronfall Wetlands Plain,PLAIN,SOURCE_DERIVED,NGP-000323,Heronfall Wetlands,PLACE,prefix=NONE;suffix=Plain,AVAILABLE,NoveGeo 700-place corpus + tribes + governed person-name seeds,SHARED_REFERENCE,ACTIVE
NG-NAM-PLN-000176,Delftwater Bay Flats,Delftwater Bay Flats,PLAIN,SOURCE_DERIVED,NGP-000324,Delftwater Bay,PLACE,prefix=NONE;suffix=Flats,AVAILABLE,NoveGeo 700-place corpus + tribes + governed person-name seeds,SHARED_REFERENCE,ACTIVE
NG-NAM-PLN-000177,Delftwater Shoal Fields,Delftwater Shoal Fields,PLAIN,SOURCE_DERIVED,NGP-000325,Delftwater Shoal,PLACE,prefix=NONE;suffix=Fields,AVAILABLE,NoveGeo 700-place corpus + tribes + governed person-name seeds,SHARED_REFERENCE,ACTIVE
NG-NAM-PLN-000178,Upper Bluehaven Plain,Upper Bluehaven Plain,PLAIN,SOURCE_DERIVED,NGP-000326,Upper Bluehaven,PLACE,prefix=NONE;suffix=Plain,AVAILABLE,NoveGeo 700-place corpus + tribes + governed person-name seeds,SHARED_REFERENCE,ACTIVE
NG-NAM-PLN-000179,Bluehaven Creek Flats,Bluehaven Creek Flats,PLAIN,SOURCE_DERIVED,NGP-000327,Bluehaven Creek,PLACE,prefix=NONE;suffix=Flats,AVAILABLE,NoveGeo 700-place corpus + tribes + governed person-name seeds,SHARED_REFERENCE,ACTIVE
NG-NAM-PLN-000180,Lowwater Lagoon Fields,Lowwater Lagoon Fields,PLAIN,SOURCE_DERIVED,NGP-000328,Lowwater Lagoon,PLACE,prefix=NONE;suffix=Fields,AVAILABLE,NoveGeo 700-place corpus + tribes + governed person-name seeds,SHARED_REFERENCE,ACTIVE
