administrative_area_id,administrative_candidate_id,boundary_candidate_id,administrative_type_code,geometry_type_code,geometry_valid,geometry_nonempty,sovereign_containment,reference_point_containment,parent_containment,sibling_overlap_policy,gap_policy,qualification_status,qualification_reference,runtime_effect_scope
NG-ADM-000001,NG-ADM-CAND-000001,admbnd:nngla:ed95152a3dd6635d0d721428ee4d30fc341c3f706b850e3dd5a71ef12a4c0809,REGION,POLYGON,true,true,PASS,NOT_APPLICABLE_REGION,PASS_SOVEREIGN_PARENT,PASS,PASS,QUALIFIED,qualification:nngla:96c091e6f7452ac2cbc34c3c3ea72517b66a55071c11b8af2c6e2fc361eea48c,SHARED_REFERENCE
NG-ADM-000002,NG-ADM-CAND-000002,admbnd:nngla:820af4f6a3a6272b3e1d76c83323b099f0597c3b31dec6b2ead56fc7d974e7f6,REGION,POLYGON,true,true,PASS,NOT_APPLICABLE_REGION,PASS_SOVEREIGN_PARENT,PASS,PASS,QUALIFIED,qualification:nngla:89c421e8d53c2688d04d5518c7e862cd3d12581b34b3b93c5d9d139facced6cd,SHARED_REFERENCE
NG-ADM-000003,NG-ADM-CAND-000003,admbnd:nngla:6d4b2695f214ed83e8921ec3ea9e5a1aae8447f3d50de2205bd72956aaa62f7e,REGION,POLYGON,true,true,PASS,NOT_APPLICABLE_REGION,PASS_SOVEREIGN_PARENT,PASS,PASS,QUALIFIED,qualification:nngla:0965def1c6de16a14661141628f6c8cabe4e7a3d6cff775adec7a7092df3f2bd,SHARED_REFERENCE
NG-ADM-000004,NG-ADM-CAND-000004,admbnd:nngla:d2a672f0615e55fd5279e874898ece60f8da7034187f964d23b96ad057cd3829,REGION,POLYGON,true,true,PASS,NOT_APPLICABLE_REGION,PASS_SOVEREIGN_PARENT,PASS,PASS,QUALIFIED,qualification:nngla:d7cf1dde4e302a1666e84d54a6769d735cb51baa3ea62f767aedad40b4889a98,SHARED_REFERENCE
NG-ADM-000005,NG-ADM-CAND-000005,admbnd:nngla:e1fd179cd33c990f4ea40e3e356c95f510617ee2f523594370f9589bd6814525,REGION,POLYGON,true,true,PASS,NOT_APPLICABLE_REGION,PASS_SOVEREIGN_PARENT,PASS,PASS,QUALIFIED,qualification:nngla:a4199f1b9617fe1208b2e129c62e989bc39f74d7384be93666981fdc534599f3,SHARED_REFERENCE
NG-ADM-000006,NG-ADM-CAND-000006,admbnd:nngla:3c27538a9dd05c061494a6e0777b7dfd47183769943175aa535138614db2a5ff,REGION,POLYGON,true,true,PASS,NOT_APPLICABLE_REGION,PASS_SOVEREIGN_PARENT,PASS,PASS,QUALIFIED,qualification:nngla:5e225cd2424a193410fb3fa48499b343c63cb0ee93bd4ffb1f5dd0e0e7fe857e,SHARED_REFERENCE
NG-ADM-000007,NG-ADM-CAND-000007,admbnd:nngla:2e18b9aebd99a58752256ad06caad3f2643c928e988fa8518fa7a685be6548ca,REGION,MULTIPOLYGON,true,true,PASS,NOT_APPLICABLE_REGION,PASS_SOVEREIGN_PARENT,PASS,PASS,QUALIFIED,qualification:nngla:89b7151a1261dd1fe222a9c25e5122bace4e367160bb158e99fcb2df7dc66f66,SHARED_REFERENCE
NG-ADM-000008,NG-ADM-CAND-000008,admbnd:nngla:c5a42b540a63c01299d38e08b949adcff39e87c782ec662df034639be2b87e1d,REGION,MULTIPOLYGON,true,true,PASS,NOT_APPLICABLE_REGION,PASS_SOVEREIGN_PARENT,PASS,PASS,QUALIFIED,qualification:nngla:010837f514303313ecce01415658f8d80a7f587381ed48abe90478674b836d1a,SHARED_REFERENCE
NG-ADM-000009,NG-ADM-CAND-000009,admbnd:nngla:634c7091b38afc0279f510ac1d85859f9ce08d2306d43125c288d3dc79581104,CITY,POLYGON,true,true,PASS,PASS,PASS,PASS,PASS,QUALIFIED,qualification:nngla:5f8c56141c4a5e24e1a71cdd5e7d3bd3d1a93a13cd9b991262d8f5bf5be2cbce,SHARED_REFERENCE
NG-ADM-000010,NG-ADM-CAND-000010,admbnd:nngla:f9abc13d70194dba937cb2376201b4c631ee47ac9b0c0cad6ffbe955ddcb5d65,MUNICIPALITY,POLYGON,true,true,PASS,PASS,PASS,PASS,PASS,QUALIFIED,qualification:nngla:a3f945fd346fe5f654d1400698f61fcf5678acb03245094230d68f36087961c8,SHARED_REFERENCE
NG-ADM-000011,NG-ADM-CAND-000011,admbnd:nngla:753143386f8f71b2d1f805bfe8e01d45dc5a61bb82579021a037a90511be088d,MUNICIPALITY,POLYGON,true,true,PASS,PASS,PASS,PASS,PASS,QUALIFIED,qualification:nngla:89d4a01b454fc77cf6ce5032eecc7e1980723d21b48245374bbd98855cced66b,SHARED_REFERENCE
NG-ADM-000012,NG-ADM-CAND-000012,admbnd:nngla:86bf2114d58061cae4218958a4e579b035cc6620f196284bf5aa7dc6e19125a4,MUNICIPALITY,POLYGON,true,true,PASS,PASS,PASS,PASS,PASS,QUALIFIED,qualification:nngla:44f7668080fd72cddfc8776034301cfe3e7ea8348208e2e9b9bd5fe8bf081ec3,SHARED_REFERENCE
NG-ADM-000013,NG-ADM-CAND-000013,admbnd:nngla:e93b3e11b2a1e2c8302495b4055f56dfed7de80c835e3bb96bc29d238fc004a5,CITY_DISTRICT,POLYGON,true,true,PASS,PASS,PASS,PASS,PASS,QUALIFIED,qualification:nngla:130e70f99cef10dc8d6405717af596973453fe1cc7cba76cb77ae67e8b9e98c9,SHARED_REFERENCE
NG-ADM-000014,NG-ADM-CAND-000014,admbnd:nngla:555676ffd4ae71190d7bd56d46116048058f572d4ab4ec750ce15397dacb22b0,CITY_DISTRICT,POLYGON,true,true,PASS,PASS,PASS,PASS,PASS,QUALIFIED,qualification:nngla:68a80c0935f651103eb138e7f4a370fb29fe0117428d926546c0c16cb2132a00,SHARED_REFERENCE
NG-ADM-000015,NG-ADM-CAND-000015,admbnd:nngla:77016275f6880cd47bb6ed8837c737c4d94e3af416cb2ef303f97c8510341d16,CITY_DISTRICT,POLYGON,true,true,PASS,PASS,PASS,PASS,PASS,QUALIFIED,qualification:nngla:cd00877fb7559fcb0da79d7d8a5634d733b807547832ac65a6d42293e9c8dd66,SHARED_REFERENCE
NG-ADM-000016,NG-ADM-CAND-000016,admbnd:nngla:0cfc2d5a1c225e1e2e1d9f9b9d04eeb42a7a605c092f9defe4507b127f7f98ea,CITY_DISTRICT,POLYGON,true,true,PASS,PASS,PASS,PASS,PASS,QUALIFIED,qualification:nngla:5512fe536229d52e961342cbe2251fbcb882a9bcc84ae935573af388a1e19976,SHARED_REFERENCE
NG-ADM-000017,NG-ADM-CAND-000017,admbnd:nngla:8efed618f8e79aa13f1dcd9e31406ace8c953784f4891733a0ae9187d47d58bf,CITY_DISTRICT,POLYGON,true,true,PASS,PASS,PASS,PASS,PASS,QUALIFIED,qualification:nngla:08dfd87abc759c429d825961e4200fff3489f3c3c5419088582cc4e51782a036,SHARED_REFERENCE
NG-ADM-000018,NG-ADM-CAND-000018,admbnd:nngla:14399690dd95b14bb454a4df02b85d4ba453b9961b6cabbe1484ff89c14d63f6,CITY_DISTRICT,POLYGON,true,true,PASS,PASS,PASS,PASS,PASS,QUALIFIED,qualification:nngla:d1bfcd0deac05d3b2fe77495b5fe1b681f2a82ba6324af2098a3a1c3cec83774,SHARED_REFERENCE
NG-ADM-000019,NG-ADM-CAND-000019,admbnd:nngla:95fd2839e6427ad11fb48428d2788a962e86ec7a7132aac559c3cb980783cb7a,CITY_DISTRICT,POLYGON,true,true,PASS,PASS,PASS,PASS,PASS,QUALIFIED,qualification:nngla:007b2c02921fff7ed8fd4ce92027a2542633029332729ac1ff6e88e894375a9d,SHARED_REFERENCE
NG-ADM-000020,NG-ADM-CAND-000020,admbnd:nngla:1766de77ba5bc26998aebcbc46add8900863dfcb1bc5438c971664afd1bdab79,CITY_DISTRICT,POLYGON,true,true,PASS,PASS,PASS,PASS,PASS,QUALIFIED,qualification:nngla:a201dc6c92fcad69a8ddbe3888435ecd676263ed643b3b6f37f8ee599c75d60e,SHARED_REFERENCE
NG-ADM-000021,NG-ADM-CAND-000021,admbnd:nngla:09d0622cb0dcb8d2bc7c0b0c42d39b5e90f0d9565afdc0936a786d3d050cf1fa,TOWNSHIP,POLYGON,true,true,PASS,PASS,PASS,PASS,PASS,QUALIFIED,qualification:nngla:ea667511b4b3e5d8469b1f4c78408b146a1064362d58d31f3dc078c22d87c935,SHARED_REFERENCE
NG-ADM-000022,NG-ADM-CAND-000022,admbnd:nngla:1925af0086550b5940593a379e68cafd0d6484b2a79c12f3415b0a47faa7a9a4,TOWNSHIP,POLYGON,true,true,PASS,PASS,PASS,PASS,PASS,QUALIFIED,qualification:nngla:445ba4e7d492d86170f3d773b98b3598410f1f97045ccfac6fcdbc42b0c945ec,SHARED_REFERENCE
NG-ADM-000023,NG-ADM-CAND-000023,admbnd:nngla:8a9dc90f9dc71fb7b816cbe81270ad85fb768f2b841c4341ea875b968b2435e9,TOWNSHIP,POLYGON,true,true,PASS,PASS,PASS,PASS,PASS,QUALIFIED,qualification:nngla:ed662b5929d3cf2ae58f150c44459b0bf0f2e15073fef3df418d38c414a7406b,SHARED_REFERENCE
NG-ADM-000024,NG-ADM-CAND-000024,admbnd:nngla:fd6e3b36816c5dec2b1957c0e9e4d38d48b1f0d1bb287d9a67b06dc14eefa1dc,TOWNSHIP,POLYGON,true,true,PASS,PASS,PASS,PASS,PASS,QUALIFIED,qualification:nngla:bc12e92d981973e47c365dbf55da352cd13881eef6c6a72f54739926c5fd061a,SHARED_REFERENCE
NG-ADM-000025,NG-ADM-CAND-000025,admbnd:nngla:6d2a5222026a3ab6c76352793a18caf6a344b9b62c4e98794c2b9aa86f42473d,TOWNSHIP,POLYGON,true,true,PASS,PASS,PASS,PASS,PASS,QUALIFIED,qualification:nngla:2b82788754ba29b323b6885a633c3aaf21f2740595358ab95e6187f76da4841a,SHARED_REFERENCE
NG-ADM-000026,NG-ADM-CAND-000026,admbnd:nngla:74e24d3fcf7ea4a65f02315146504ff3bbebe257ed04bb18c1e1b378dcf2ddfe,TOWNSHIP,POLYGON,true,true,PASS,PASS,PASS,PASS,PASS,QUALIFIED,qualification:nngla:5de4b24fd0743118d296c34d7393d88df3aad4424e129fcb7216fb35c8590d8d,SHARED_REFERENCE
NG-ADM-000027,NG-ADM-CAND-000027,admbnd:nngla:627fa772c3d90b422c530dcfd291c2ca17a98bae9595c8072c52fe316a7c08d7,TOWNSHIP,POLYGON,true,true,PASS,PASS,PASS,PASS,PASS,QUALIFIED,qualification:nngla:0491170eeebb4e8450786d722b4705967033824338c754d3352d4e19d7520b44,SHARED_REFERENCE
NG-ADM-000028,NG-ADM-CAND-000028,admbnd:nngla:4597090ac19ec383577fff3cb3fdec833806413d31312c167542dc6a9db1f32a,TOWNSHIP,POLYGON,true,true,PASS,PASS,PASS,PASS,PASS,QUALIFIED,qualification:nngla:635e35abde3ffe10eaed54f306f48baefdddc8f95eefc210141fa87090406b90,SHARED_REFERENCE
NG-ADM-000029,NG-ADM-CAND-000029,admbnd:nngla:57ff923fe31e4702eb3a11a55e4d20c33ce811b647e5aa0eff2283f1839fdda1,TOWNSHIP,POLYGON,true,true,PASS,PASS,PASS,PASS,PASS,QUALIFIED,qualification:nngla:e4f34d146f0a21cccd7c391d8e06e0504ff008bb21cf595615ecb7ccdf268efd,SHARED_REFERENCE
NG-ADM-000030,NG-ADM-CAND-000030,admbnd:nngla:4063e4230f0909c1184efc2099132ee031906311c8fe9b705fb7bea841ddba4a,INDUSTRIAL_ZONE,POLYGON,true,true,PASS,PASS,PASS,PASS,NOT_APPLICABLE,QUALIFIED,qualification:nngla:0150bc034f442487a3630838902b4a7e7de73080492528221a828038ff926e43,SHARED_REFERENCE
NG-ADM-000031,NG-ADM-CAND-000031,admbnd:nngla:8acd335c54fc595ce0a7dbb99e6741a95c85044e0bc22d18cd228fb0307835bf,INDUSTRIAL_ZONE,POLYGON,true,true,PASS,PASS,PASS,PASS,NOT_APPLICABLE,QUALIFIED,qualification:nngla:8069b4d796020a2518c85064cee0210e84e3e42e840cb487dd3d76b0a6f14f71,SHARED_REFERENCE
NG-ADM-000032,NG-ADM-CAND-000032,admbnd:nngla:519d3130700c6bae4529d0c2726f0eb6801477ccb59f1fee08c61c61c212726b,CITY,POLYGON,true,true,PASS,PASS,PASS,PASS,PASS,QUALIFIED,qualification:nngla:1401e8585c44f19cd0a9e3f98e8054e658be1a62c42ad8c6b39ad06238950ae5,SHARED_REFERENCE
NG-ADM-000033,NG-ADM-CAND-000033,admbnd:nngla:ec8497d70b5d35fcb5b41fe54b167c9573d1f9b4268859b68004bb27fe1c1d73,MUNICIPALITY,POLYGON,true,true,PASS,PASS,PASS,PASS,PASS,QUALIFIED,qualification:nngla:7271299eb9dd9d8f8c66d23e21434d93082d1b096d7e5660f0cba1c2f999f68e,SHARED_REFERENCE
NG-ADM-000034,NG-ADM-CAND-000034,admbnd:nngla:b9700919db6c308fee65990cc70b8eb6c709a78e7933b042946311a52ae8448b,MUNICIPALITY,POLYGON,true,true,PASS,PASS,PASS,PASS,PASS,QUALIFIED,qualification:nngla:714f3b86610be69e77d6e031ae71437be20fa7078899f4f48bc0dc0f86964e12,SHARED_REFERENCE
NG-ADM-000035,NG-ADM-CAND-000035,admbnd:nngla:1cbab886529f8fe8aa3ebe28f3b632d7e07a1f9636af443fcbfd500ea79c6cc0,MUNICIPALITY,POLYGON,true,true,PASS,PASS,PASS,PASS,PASS,QUALIFIED,qualification:nngla:8f1270fc72c9f85f50073cdee3908825d22578084173764dedb50ced82d25b9d,SHARED_REFERENCE
NG-ADM-000036,NG-ADM-CAND-000036,admbnd:nngla:fd402f5fb58411efd947db0e43f8ea2aa2dc31ce1005bffb05ee02bce8ce3bb4,CITY_DISTRICT,POLYGON,true,true,PASS,PASS,PASS,PASS,PASS,QUALIFIED,qualification:nngla:1ff01bc7148b71e8f905c9f73850826213239ca385f9839361769e73a10e7121,SHARED_REFERENCE
NG-ADM-000037,NG-ADM-CAND-000037,admbnd:nngla:8fe248fb6447773858f2748d42e7bd47cf7e192dccc371309383d2152ea865c9,CITY_DISTRICT,POLYGON,true,true,PASS,PASS,PASS,PASS,PASS,QUALIFIED,qualification:nngla:97f2a8c2e5de772828669301e03b3f95262da1743130eca3f544f95617b179f4,SHARED_REFERENCE
NG-ADM-000038,NG-ADM-CAND-000038,admbnd:nngla:9f31b4d794b196b46efaa00def2e2df3ea7183af786df2eae0ca7e8994b21ea1,CITY_DISTRICT,POLYGON,true,true,PASS,PASS,PASS,PASS,PASS,QUALIFIED,qualification:nngla:79c24f48530d715038cd6e0b830f2e4705f911c1648a19733db916ef39c31e58,SHARED_REFERENCE
NG-ADM-000039,NG-ADM-CAND-000039,admbnd:nngla:7a01de36e1c0439e6f5f4de2114cd54aa54d3781e228937bd0c859c3d331c71c,CITY_DISTRICT,POLYGON,true,true,PASS,PASS,PASS,PASS,PASS,QUALIFIED,qualification:nngla:b7676ab457a24894a2bb41edf162e4eb1db3232186c2bde89da09b35575d5a8c,SHARED_REFERENCE
NG-ADM-000040,NG-ADM-CAND-000040,admbnd:nngla:a1815692041cae7db662c9e94c1ffefb3f099a2a72004603f3568584a36a7747,CITY_DISTRICT,POLYGON,true,true,PASS,PASS,PASS,PASS,PASS,QUALIFIED,qualification:nngla:3e1093d0231f4467463fab08b091f59ef6997b2b0fa88ac02dff24d8a6545dcd,SHARED_REFERENCE
NG-ADM-000041,NG-ADM-CAND-000041,admbnd:nngla:1e5ac572d249259c2939a75081adb0dc52f3e677f78876c8298d9a96677b5c5b,CITY_DISTRICT,POLYGON,true,true,PASS,PASS,PASS,PASS,PASS,QUALIFIED,qualification:nngla:c2987a5d18263688dde30a02f4f22d0ff03d2884a2cae5bb6b0a094321922cef,SHARED_REFERENCE
NG-ADM-000042,NG-ADM-CAND-000042,admbnd:nngla:e41ad934ed9921bbd32993a9ebed434874d1413d691d85736714885322bd377f,CITY_DISTRICT,POLYGON,true,true,PASS,PASS,PASS,PASS,PASS,QUALIFIED,qualification:nngla:499c112e992dc389d6a3706117f5065adea742ae80bf165882c03b54b0caefd0,SHARED_REFERENCE
NG-ADM-000043,NG-ADM-CAND-000043,admbnd:nngla:8c40d72e137aba9b02df2951ff85a679479a3591aa1832cc950ef39eeb81d857,CITY_DISTRICT,POLYGON,true,true,PASS,PASS,PASS,PASS,PASS,QUALIFIED,qualification:nngla:d54377db14d42d55978b5b486fa383fa007af069e45df91a9985c54e37d4bf37,SHARED_REFERENCE
NG-ADM-000044,NG-ADM-CAND-000044,admbnd:nngla:a55a326262d447e3c8622a0277def0c46d750d7b4ca3af72fa8bbb62c36daae7,TOWNSHIP,POLYGON,true,true,PASS,PASS,PASS,PASS,PASS,QUALIFIED,qualification:nngla:9c53707a580c6255b82e7971df4125dc1c7c8cd51133acd2e8dd6489c2df76e5,SHARED_REFERENCE
NG-ADM-000045,NG-ADM-CAND-000045,admbnd:nngla:7aa65e7d60d8f476c7da5fb667450000e1ecc02626463814f8177d1a500c646c,TOWNSHIP,POLYGON,true,true,PASS,PASS,PASS,PASS,PASS,QUALIFIED,qualification:nngla:434e5c0a906f3db88f738518f47bdbaf93cfb5fefe0cf1b04d4392c5c0a5bbeb,SHARED_REFERENCE
NG-ADM-000046,NG-ADM-CAND-000046,admbnd:nngla:de9e1702c3639f1d35f4a950adefbec04d6d5c314a05471782f36e2154ddfa28,TOWNSHIP,POLYGON,true,true,PASS,PASS,PASS,PASS,PASS,QUALIFIED,qualification:nngla:c3b67c68d2e06745dc9a1e42c563624e40391e7df53deb0ca9717637e3599940,SHARED_REFERENCE
NG-ADM-000047,NG-ADM-CAND-000047,admbnd:nngla:6012a730501657e564fb652eed09e45b18466dc3e73e7e4317e31aa0cba27cf9,TOWNSHIP,POLYGON,true,true,PASS,PASS,PASS,PASS,PASS,QUALIFIED,qualification:nngla:c81f51cb9f077c46f67c4ee9698f23bfef058c2ade4fc12a30daf161898adee1,SHARED_REFERENCE
NG-ADM-000048,NG-ADM-CAND-000048,admbnd:nngla:db69907ed0884793e3fb0c19c6375c4de64f5a08c9b430820a55fe151e9c1a23,TOWNSHIP,POLYGON,true,true,PASS,PASS,PASS,PASS,PASS,QUALIFIED,qualification:nngla:f4f4db964fb82e4627be44660c101ad29c408717471c15f61970eb3ddffa11c9,SHARED_REFERENCE
NG-ADM-000049,NG-ADM-CAND-000049,admbnd:nngla:ac6bd36fde5be0f011ff93bd4b0009358b0993c41b9791d2c134d12d480e76e7,TOWNSHIP,POLYGON,true,true,PASS,PASS,PASS,PASS,PASS,QUALIFIED,qualification:nngla:aae205c7de77c2855c364bd18e864f750c70b8411fcf00c27724520a3c8ce231,SHARED_REFERENCE
NG-ADM-000050,NG-ADM-CAND-000050,admbnd:nngla:a16c9236d10bdadd50626370ab00643699179f49adf62ea1e57296856c63c25c,TOWNSHIP,POLYGON,true,true,PASS,PASS,PASS,PASS,PASS,QUALIFIED,qualification:nngla:c03518cc150f706c5efe446bbe7758f72019a3ebe34a85e1b57b10a6c0f220b4,SHARED_REFERENCE
NG-ADM-000051,NG-ADM-CAND-000051,admbnd:nngla:d71ed1d02a00dc2a9385854629de3a7f93a263d7e34cf9da6469ffeb2c1edb03,TOWNSHIP,POLYGON,true,true,PASS,PASS,PASS,PASS,PASS,QUALIFIED,qualification:nngla:3c1c821fddf27cc2bd6312721c545f5712c059a5e5c93a7748c8128da86fa3cc,SHARED_REFERENCE
NG-ADM-000052,NG-ADM-CAND-000052,admbnd:nngla:f75a00b748f324094a71284509ca5ccd8f245ac9784d8e5562d67bb1e39bf411,TOWNSHIP,POLYGON,true,true,PASS,PASS,PASS,PASS,PASS,QUALIFIED,qualification:nngla:be1f3d722f30a259c20b37cfed6b6bcea14b668bdbb5dc8a65acf75f1ee13a3e,SHARED_REFERENCE
NG-ADM-000053,NG-ADM-CAND-000053,admbnd:nngla:720997674e15234414d75a321d9caa705eaf43192cd114f887275e1595acf082,INDUSTRIAL_ZONE,POLYGON,true,true,PASS,PASS,PASS,PASS,NOT_APPLICABLE,QUALIFIED,qualification:nngla:5dc16d2617a41d8e6a205299020170b609a0d9b2279b4a33ffd6b3d3e016f2a7,SHARED_REFERENCE
NG-ADM-000054,NG-ADM-CAND-000054,admbnd:nngla:53d37dcb5dbb3a855cf7e3237d82d284134c36962daf90cf2f58ae79725b5596,INDUSTRIAL_ZONE,POLYGON,true,true,PASS,PASS,PASS,PASS,NOT_APPLICABLE,QUALIFIED,qualification:nngla:dd4bc4e8a7897468b528c3ba59973fc02903b01a3679dd1006a02d0eb1d53f23,SHARED_REFERENCE
NG-ADM-000055,NG-ADM-CAND-000055,admbnd:nngla:81ad10e4e230d198782890fd8d72bf694786cc1044aa220070235b01d4959f3f,CITY,POLYGON,true,true,PASS,PASS,PASS,PASS,PASS,QUALIFIED,qualification:nngla:53a29d95f69859cb5c70a4a4a470592ce47b714b8cfba780e9c491f136b613d5,SHARED_REFERENCE
NG-ADM-000056,NG-ADM-CAND-000056,admbnd:nngla:b6fb2d272269dfde4687587185282a89bd899dc448b9875820c4f6f29e017d7f,MUNICIPALITY,POLYGON,true,true,PASS,PASS,PASS,PASS,PASS,QUALIFIED,qualification:nngla:c204adbe9bd5b28d8bd055edb1c188b173acfebcd989613f04e6b13b9e269439,SHARED_REFERENCE
NG-ADM-000057,NG-ADM-CAND-000057,admbnd:nngla:ff9084b8571bc68cbb52a21ce695547a0341fa300f981fd9eb7e15b95e5ebc99,MUNICIPALITY,POLYGON,true,true,PASS,PASS,PASS,PASS,PASS,QUALIFIED,qualification:nngla:89d60e46b04c70a51d2de2a56eb23f5e31865fa0365aec776831de85f3ac177d,SHARED_REFERENCE
NG-ADM-000058,NG-ADM-CAND-000058,admbnd:nngla:490e031df3faf3e863dbd52e4263c7ebe6b3ca5b7b601734d3cbf4aaccc68d75,MUNICIPALITY,POLYGON,true,true,PASS,PASS,PASS,PASS,PASS,QUALIFIED,qualification:nngla:007c4a91d83f866e0928aa45858fe6867e2c9fb3e9b938c5d563c45ef3a0f66d,SHARED_REFERENCE
NG-ADM-000059,NG-ADM-CAND-000059,admbnd:nngla:b9a94e14e7e83fe687f6b4a0f6a972dbefca7ebf23933a22705f957a41477bd8,CITY_DISTRICT,POLYGON,true,true,PASS,PASS,PASS,PASS,PASS,QUALIFIED,qualification:nngla:b6520916f19771b49e024c0676352cdbeb54adfa35e2188ea2921a0940690d90,SHARED_REFERENCE
NG-ADM-000060,NG-ADM-CAND-000060,admbnd:nngla:e495cb8a7760216c5fdbbd29e702e1c80c6e0a9ba1f69931755f684c538cda14,CITY_DISTRICT,POLYGON,true,true,PASS,PASS,PASS,PASS,PASS,QUALIFIED,qualification:nngla:09f2d11bfb959e4766d1759c5264934031b72cd9147a04d43e465472a3985029,SHARED_REFERENCE
NG-ADM-000061,NG-ADM-CAND-000061,admbnd:nngla:92d3cad50de515f729f36e4774ec15c61a2ac2d9cab219dd0e6e59b32cf5e6cb,CITY_DISTRICT,POLYGON,true,true,PASS,PASS,PASS,PASS,PASS,QUALIFIED,qualification:nngla:93a12afdf6580c823c11c2d54ec2fb78939f2879df9ff8a8010bdfc1498f7448,SHARED_REFERENCE
NG-ADM-000062,NG-ADM-CAND-000062,admbnd:nngla:c848e27b43df975b8c68ce59ec0245815ce50a0c5bb80ebbcccafcdcdf8fc949,CITY_DISTRICT,POLYGON,true,true,PASS,PASS,PASS,PASS,PASS,QUALIFIED,qualification:nngla:ad3354f7c4de0063d371cd8d086ac9bfe04b915bdc11a03f5e33ffb1c0d9cdaf,SHARED_REFERENCE
NG-ADM-000063,NG-ADM-CAND-000063,admbnd:nngla:358fcec78743af9b466e2932d51e4cff9d9d5776bb24765d89cace1d80df0496,CITY_DISTRICT,POLYGON,true,true,PASS,PASS,PASS,PASS,PASS,QUALIFIED,qualification:nngla:30003c0b509a978611c4091fb430c772258f77c237bba727cdee52e018f268b3,SHARED_REFERENCE
NG-ADM-000064,NG-ADM-CAND-000064,admbnd:nngla:bae81e59642cda580d394d950497de0efe535422e3e9e73a0eea25347ae0d90c,CITY_DISTRICT,POLYGON,true,true,PASS,PASS,PASS,PASS,PASS,QUALIFIED,qualification:nngla:0cd460a49973566346c7257b7ddd33185f73a885ffc63a4388c789f22462e915,SHARED_REFERENCE
NG-ADM-000065,NG-ADM-CAND-000065,admbnd:nngla:4ae88f19923409e59413e85b11a0fad6a4f98d985bc6b27d951e39307c9e5652,CITY_DISTRICT,POLYGON,true,true,PASS,PASS,PASS,PASS,PASS,QUALIFIED,qualification:nngla:82fc8de8e505d6aa6b2863ea1df902a828b6d281974da12cd30ff3fefdd4e5b4,SHARED_REFERENCE
NG-ADM-000066,NG-ADM-CAND-000066,admbnd:nngla:f738cf79465dd869b0923013446b5f84c548db86444c4b856cf46d86a8dd5b48,CITY_DISTRICT,POLYGON,true,true,PASS,PASS,PASS,PASS,PASS,QUALIFIED,qualification:nngla:113bb4ce54ac766be52128da2687430044137ebf9665df2f168f2cbe5a32e3be,SHARED_REFERENCE
NG-ADM-000067,NG-ADM-CAND-000067,admbnd:nngla:bb3865d4443ac80edf6677c4434fedc3702c7792fd472d561e1bd3df7f1c02f8,TOWNSHIP,POLYGON,true,true,PASS,PASS,PASS,PASS,PASS,QUALIFIED,qualification:nngla:c918df540fca31b487a12d326c12d8d7e661af8bcae2f6217d3c73bbaf052a0f,SHARED_REFERENCE
NG-ADM-000068,NG-ADM-CAND-000068,admbnd:nngla:33daf3c140da5d7e5681dd768e6b36d6b9774b0d202c1201affeacf9d1ba423e,TOWNSHIP,POLYGON,true,true,PASS,PASS,PASS,PASS,PASS,QUALIFIED,qualification:nngla:40d57df5a63b2898e77494b7f1499d9c87d59ac741b73b4db871175342506a5c,SHARED_REFERENCE
NG-ADM-000069,NG-ADM-CAND-000069,admbnd:nngla:0b42cd1724f468adc13932b4f28bd707ade7590af932582189ce8e1557b8d0cf,TOWNSHIP,POLYGON,true,true,PASS,PASS,PASS,PASS,PASS,QUALIFIED,qualification:nngla:057bd56fbf976d19f1059ff0be131e7501de43c89c5a35aa96cd5b2bdb413276,SHARED_REFERENCE
NG-ADM-000070,NG-ADM-CAND-000070,admbnd:nngla:8f7bbae6950bf8940a40d270af5316b3d5b42eae140f2dc01274f747d88b37c2,TOWNSHIP,POLYGON,true,true,PASS,PASS,PASS,PASS,PASS,QUALIFIED,qualification:nngla:223f0f7191b12b65366def8389a04c9a028e3cfc4f2fa89929d3f68e0b62894f,SHARED_REFERENCE
NG-ADM-000071,NG-ADM-CAND-000071,admbnd:nngla:fa61917792cd190092b6d7f5bf9a4d4e2d5fe1fe5b5ef0cb7d3da55fdc875610,TOWNSHIP,POLYGON,true,true,PASS,PASS,PASS,PASS,PASS,QUALIFIED,qualification:nngla:9802e65f1da3d225cc304dd039e5846af5131b3f01498072964437ae896fcfd2,SHARED_REFERENCE
NG-ADM-000072,NG-ADM-CAND-000072,admbnd:nngla:9d438c008c05e8e1e4b02e7c3de7f9b433a703985b1d356bda549cc21ee11a50,TOWNSHIP,POLYGON,true,true,PASS,PASS,PASS,PASS,PASS,QUALIFIED,qualification:nngla:18722cbe52ffe1cbb18c2d35dc8d76a87f9f587fcf17d2333feaa3eccbdcb2e7,SHARED_REFERENCE
NG-ADM-000073,NG-ADM-CAND-000073,admbnd:nngla:2f7e1ca45ab7e5c94c1d0c1517e4dcee86d4fa8928edd7e8307cf3c6673542b1,TOWNSHIP,POLYGON,true,true,PASS,PASS,PASS,PASS,PASS,QUALIFIED,qualification:nngla:e9243027a2e8c299b20067e277ac2a77de04752d85f507d2649a64b128a67b03,SHARED_REFERENCE
NG-ADM-000074,NG-ADM-CAND-000074,admbnd:nngla:0e41a975291526895b14d6ca4d972b91653f5846a0f8029281be6d1f4decf9f6,TOWNSHIP,POLYGON,true,true,PASS,PASS,PASS,PASS,PASS,QUALIFIED,qualification:nngla:758927ef4cc20c14db4596ddaccc83a0990ad237e6a89181d813f6c1ef37ed24,SHARED_REFERENCE
NG-ADM-000075,NG-ADM-CAND-000075,admbnd:nngla:25ec57c3aabf58f53796d76ebe7a2f8b8202299546a66d1a0df11190ae498cf7,TOWNSHIP,POLYGON,true,true,PASS,PASS,PASS,PASS,PASS,QUALIFIED,qualification:nngla:27dc53eda0c7292e05f0053f4cb2a4f9731937098c5cb37e2267c670f1f1c1dd,SHARED_REFERENCE
NG-ADM-000076,NG-ADM-CAND-000076,admbnd:nngla:f5d9c169b42a42e1a401f38d7857a5f78b98a52a8a72226397743661df3292fb,INDUSTRIAL_ZONE,POLYGON,true,true,PASS,PASS,PASS,PASS,NOT_APPLICABLE,QUALIFIED,qualification:nngla:a66755f7c2a629b7115c70fbecffe1e590f317412e063fcb39c0d8a9d1310f89,SHARED_REFERENCE
NG-ADM-000077,NG-ADM-CAND-000077,admbnd:nngla:9d849eb7ff512a0aef339f44112ea3f39904f300460b26bf2cdab82c962c1455,INDUSTRIAL_ZONE,POLYGON,true,true,PASS,PASS,PASS,PASS,NOT_APPLICABLE,QUALIFIED,qualification:nngla:534ff3c60e80f84d1d7e4ae353d8b7bbfec7b48f6d497487dc6ac77850627816,SHARED_REFERENCE
NG-ADM-000078,NG-ADM-CAND-000078,admbnd:nngla:e40f3a590902af796e4a0a0c018b0c46ab4c21291ec26cf76c9dfad6ece5bc5c,CITY,POLYGON,true,true,PASS,PASS,PASS,PASS,PASS,QUALIFIED,qualification:nngla:688890b1c7bc67d46030663f3b2a0b30cc98dacf22d1b9be2fc9f58d164ee321,SHARED_REFERENCE
NG-ADM-000079,NG-ADM-CAND-000079,admbnd:nngla:ef1bef30f73ba1545d4e81a98e470114686afb223ab120520e9dcb29ad511f64,MUNICIPALITY,POLYGON,true,true,PASS,PASS,PASS,PASS,PASS,QUALIFIED,qualification:nngla:b55f4000859c8e107ea602e69834e118ae6d01f3c1962345468c06e37125251c,SHARED_REFERENCE
NG-ADM-000080,NG-ADM-CAND-000080,admbnd:nngla:6a83c6b5dd1730a170bf81d97fc18fceb15b65c0a08f415b53906ac12588895a,MUNICIPALITY,POLYGON,true,true,PASS,PASS,PASS,PASS,PASS,QUALIFIED,qualification:nngla:d5f9ffa78c0bdcfb3da825bcc2cd83c3e3af383e9ffc99b9424f800f3c916611,SHARED_REFERENCE
NG-ADM-000081,NG-ADM-CAND-000081,admbnd:nngla:0eb67d570488499ca531a833d7964ac52c3d8643dafe347dc4ba4779b4e9383c,MUNICIPALITY,POLYGON,true,true,PASS,PASS,PASS,PASS,PASS,QUALIFIED,qualification:nngla:d2fe81b12c2350c1ebf47c364af43ee977fb34fc0957ab07ded79d3629740d67,SHARED_REFERENCE
NG-ADM-000082,NG-ADM-CAND-000082,admbnd:nngla:b4540c6b805829f0a5614f0c326b6a8559730007a288c166d9a751152f7f8a70,CITY_DISTRICT,POLYGON,true,true,PASS,PASS,PASS,PASS,PASS,QUALIFIED,qualification:nngla:9f97f1d56921bc4c1d90197caff8d239dae028babaa9a272d4e7847e0ff4dbc8,SHARED_REFERENCE
NG-ADM-000083,NG-ADM-CAND-000083,admbnd:nngla:3a11c791838d8e1152e615dffe930d5e1b51bb427e8e12308f320a7d7d002f0a,CITY_DISTRICT,POLYGON,true,true,PASS,PASS,PASS,PASS,PASS,QUALIFIED,qualification:nngla:d8c207c0029fe28ffb96581b6e778a647a626cefa20a6dace35c8bc813ea582c,SHARED_REFERENCE
NG-ADM-000084,NG-ADM-CAND-000084,admbnd:nngla:b24a2fa4acf365f03131ae71b7b34d28dd41b93f02af1c0d440bfc6dbc994c86,CITY_DISTRICT,POLYGON,true,true,PASS,PASS,PASS,PASS,PASS,QUALIFIED,qualification:nngla:0afdd2c0f91527b90c65068457793bb76af4fa9a1b60d370c018f10b66672b54,SHARED_REFERENCE
NG-ADM-000085,NG-ADM-CAND-000085,admbnd:nngla:6df52395480ecb3d11268a086e2dce04556601cb3ac2562661086da2b56d7e38,CITY_DISTRICT,POLYGON,true,true,PASS,PASS,PASS,PASS,PASS,QUALIFIED,qualification:nngla:8cf276a3afb7960dc68ff9eaa19a5d752f8e9a00789d291a72e1bd3c7680d8f0,SHARED_REFERENCE
NG-ADM-000086,NG-ADM-CAND-000086,admbnd:nngla:3a8db29c25b26eba7085daf61a30c87abc4f5233687623034606b6182f168c4e,CITY_DISTRICT,POLYGON,true,true,PASS,PASS,PASS,PASS,PASS,QUALIFIED,qualification:nngla:ffd77f5994087605fff8db69dab315dd1e6a1f209dabeba87492dd78497cf0d6,SHARED_REFERENCE
NG-ADM-000087,NG-ADM-CAND-000087,admbnd:nngla:59f0ee9c9a63cb143d1a9c4c2ad5d6b254c943f25846eaa5069418d1d28e3f4f,CITY_DISTRICT,POLYGON,true,true,PASS,PASS,PASS,PASS,PASS,QUALIFIED,qualification:nngla:ec302f3b02b6bbe123a1fb5a58e462b2716efc74139422598f1930b4a8804cc0,SHARED_REFERENCE
NG-ADM-000088,NG-ADM-CAND-000088,admbnd:nngla:f2df3abb55e10469b18ce0861348071db5bfed1b032c9cf0477f7daf383a8717,CITY_DISTRICT,POLYGON,true,true,PASS,PASS,PASS,PASS,PASS,QUALIFIED,qualification:nngla:a5535c371f237d819729b0ee466a0db7d5830ae446e8af600d905d27c3461329,SHARED_REFERENCE
NG-ADM-000089,NG-ADM-CAND-000089,admbnd:nngla:17c0bf152ee60e148833e30b9179f0dcdaf6bb7aa77706824590a12b4b24388a,CITY_DISTRICT,POLYGON,true,true,PASS,PASS,PASS,PASS,PASS,QUALIFIED,qualification:nngla:5388659590c5547a618e38a0ffe9d08cb51eee4965670097f4a1ec068609b9e5,SHARED_REFERENCE
NG-ADM-000090,NG-ADM-CAND-000090,admbnd:nngla:f7364e198b3480bfd5b966d0c04aa065dee3248abee27ed075df146112e4342a,TOWNSHIP,POLYGON,true,true,PASS,PASS,PASS,PASS,PASS,QUALIFIED,qualification:nngla:2fca3ec5cdf8c97a078ac9ec9b66c965014ecade178c19987ee323fe4de246a6,SHARED_REFERENCE
NG-ADM-000091,NG-ADM-CAND-000091,admbnd:nngla:d263039d6c3067a2a0967a118e33da71a19e874913551fbb2068b8955458de04,TOWNSHIP,POLYGON,true,true,PASS,PASS,PASS,PASS,PASS,QUALIFIED,qualification:nngla:07124d4a774da33345d10fa5870403d53fd579be576f0d27f5a84f170e6cca16,SHARED_REFERENCE
NG-ADM-000092,NG-ADM-CAND-000092,admbnd:nngla:450eacf7e8d5d4cad0cc56bee8f1f83c7ad9b7242607a5813943b3fedf9779b6,TOWNSHIP,POLYGON,true,true,PASS,PASS,PASS,PASS,PASS,QUALIFIED,qualification:nngla:7d10090aa497aae9c55f96451fe399caec46c461257d6d78681999a19fd1ab1c,SHARED_REFERENCE
NG-ADM-000093,NG-ADM-CAND-000093,admbnd:nngla:170fadd53278a75ef9a9d46e99c8b154c681d3784b0548e06b7da0207ba94de7,TOWNSHIP,POLYGON,true,true,PASS,PASS,PASS,PASS,PASS,QUALIFIED,qualification:nngla:3958f93465b6f2276655cc4293735146b10725952288493803da54cbfa20d1ec,SHARED_REFERENCE
NG-ADM-000094,NG-ADM-CAND-000094,admbnd:nngla:f5ebc5ee85f1f7f80abad20cea7d3a23cc9cbd18d8bb6eb0ec711df9f79529d8,TOWNSHIP,POLYGON,true,true,PASS,PASS,PASS,PASS,PASS,QUALIFIED,qualification:nngla:056527b480ac6d36fa973960554d1816aceba923194090a2db92f987f008bd52,SHARED_REFERENCE
NG-ADM-000095,NG-ADM-CAND-000095,admbnd:nngla:63056ced5445b5ca39244f96a89517eabf1981788cceff9acca7bde22142db20,TOWNSHIP,POLYGON,true,true,PASS,PASS,PASS,PASS,PASS,QUALIFIED,qualification:nngla:fd56927ca4ec214155707e560e18d6e0a1139a86cea0d484423daf7a44e3dd8c,SHARED_REFERENCE
NG-ADM-000096,NG-ADM-CAND-000096,admbnd:nngla:cd9cc9e4dee0b04dcae0497d01dfdaf2baa91e5b8938a5a55a0e02ba5e3b5730,TOWNSHIP,POLYGON,true,true,PASS,PASS,PASS,PASS,PASS,QUALIFIED,qualification:nngla:7ace4a58e545958717e4567285fab15d4bfe59d2721f4db6711c27817355afcc,SHARED_REFERENCE
NG-ADM-000097,NG-ADM-CAND-000097,admbnd:nngla:2c7cfe98f9ddc40b748cd346a9b42155fea279212f9e74cc1287d862ce8b8ac8,TOWNSHIP,POLYGON,true,true,PASS,PASS,PASS,PASS,PASS,QUALIFIED,qualification:nngla:12ae049d612d9586db449b90ab2a7ac55a107ee2503910ae4f5275c8333a7370,SHARED_REFERENCE
NG-ADM-000098,NG-ADM-CAND-000098,admbnd:nngla:c884f7f86eed10818c61ebb4e6b0b5d264c792b73fb3ac1f28e12618b0787bb1,TOWNSHIP,POLYGON,true,true,PASS,PASS,PASS,PASS,PASS,QUALIFIED,qualification:nngla:2df63071cc20dc81c9f8f5debbcac5513c0746429775a7a8e3f4ff7b6ef86d7b,SHARED_REFERENCE
NG-ADM-000099,NG-ADM-CAND-000099,admbnd:nngla:35205357e9972681045c093bd119e19c668e23626d03b8bae7acf9041e4d4062,INDUSTRIAL_ZONE,POLYGON,true,true,PASS,PASS,PASS,PASS,NOT_APPLICABLE,QUALIFIED,qualification:nngla:ed6751e75f67569be5157e356e5c0d17222fb74ef6651505d67ac41dfa32e68e,SHARED_REFERENCE
NG-ADM-000100,NG-ADM-CAND-000100,admbnd:nngla:83430557df49fff6bfb71da99fbaf65ce330d3312efeb5132c375c2bcabf8e2c,INDUSTRIAL_ZONE,POLYGON,true,true,PASS,PASS,PASS,PASS,NOT_APPLICABLE,QUALIFIED,qualification:nngla:38d63267f64a9b7a2e263e628f7cee0a84945c8f4d21588f412eafb64f3ac061,SHARED_REFERENCE
NG-ADM-000101,NG-ADM-CAND-000101,admbnd:nngla:a5aaf1c0af4527c769796c50b7e9d699517fd8ca87fbe50c5a29ab17ffc9803c,CITY,POLYGON,true,true,PASS,PASS,PASS,PASS,PASS,QUALIFIED,qualification:nngla:be7fe15accbc326ceface1808e4850dd52c31000749a240104a9185da05495a8,SHARED_REFERENCE
NG-ADM-000102,NG-ADM-CAND-000102,admbnd:nngla:04983e61cf54666e40b631fde51907fec3471ce934491ec16337acd1c91dfa20,MUNICIPALITY,POLYGON,true,true,PASS,PASS,PASS,PASS,PASS,QUALIFIED,qualification:nngla:cd904ce2836b66ce92ded8ef431349f28223bca62d06da2dec90d09012373e04,SHARED_REFERENCE
NG-ADM-000103,NG-ADM-CAND-000103,admbnd:nngla:e13d0762ab537dec121bf620df4f92753112580673f2878cf49e04a6bd25e501,MUNICIPALITY,POLYGON,true,true,PASS,PASS,PASS,PASS,PASS,QUALIFIED,qualification:nngla:bf05995716d4fec8f01269d2f9e2e8aa07b82ba71b4076993931ef9db45eeacc,SHARED_REFERENCE
NG-ADM-000104,NG-ADM-CAND-000104,admbnd:nngla:830d5ed14b8e6f452db2bc070f0fd83ed1caacea0df4530836f07db07554dacc,MUNICIPALITY,POLYGON,true,true,PASS,PASS,PASS,PASS,PASS,QUALIFIED,qualification:nngla:10174a50fc8d2e1a03f7b5121c63572f5e801cb03ffbd4269f7463019586e66b,SHARED_REFERENCE
NG-ADM-000105,NG-ADM-CAND-000105,admbnd:nngla:1446a9508e00643b0a84f81ba8cf91673098c8bb4bbf8f090a9d05fee168dab1,CITY_DISTRICT,POLYGON,true,true,PASS,PASS,PASS,PASS,PASS,QUALIFIED,qualification:nngla:4191f32fda37aae9134325a20cf58aae9a526296db907a075e0a0a1816bd5651,SHARED_REFERENCE
NG-ADM-000106,NG-ADM-CAND-000106,admbnd:nngla:07cd35f78fe14c937c331da9dccb5f0f8419e12aa6d4f542e4b63f4fb697c0bf,CITY_DISTRICT,POLYGON,true,true,PASS,PASS,PASS,PASS,PASS,QUALIFIED,qualification:nngla:0c0cd85505577fc190816219b8a4629ca513cce3fd0e93834f36571f2619bd66,SHARED_REFERENCE
NG-ADM-000107,NG-ADM-CAND-000107,admbnd:nngla:db3403331c53e4119c1fe2812e39cd0052dacfcf6c04059bc5e912e27f982e05,CITY_DISTRICT,POLYGON,true,true,PASS,PASS,PASS,PASS,PASS,QUALIFIED,qualification:nngla:6fc4b60311e9a6593ad56a416330d2e1ceb633983b66b606cd46d2d837362d00,SHARED_REFERENCE
NG-ADM-000108,NG-ADM-CAND-000108,admbnd:nngla:995930a2c8d4b9f13ecbc0f9c1408da7cf5ecad7906998602a35c4822fcc2aad,CITY_DISTRICT,POLYGON,true,true,PASS,PASS,PASS,PASS,PASS,QUALIFIED,qualification:nngla:8baa1cb834d9d7261ef26de7745282b5379da4ff2eaef0ce4817db0bab144dad,SHARED_REFERENCE
NG-ADM-000109,NG-ADM-CAND-000109,admbnd:nngla:ebd727f0d6b3b019a0700ed93a2f745530004d50d1fca949cf229442870eada4,CITY_DISTRICT,POLYGON,true,true,PASS,PASS,PASS,PASS,PASS,QUALIFIED,qualification:nngla:3a92b2c3d23136314fc55fd8a7b969cb155739e44c1e2969cb03bb2b10e10a95,SHARED_REFERENCE
NG-ADM-000110,NG-ADM-CAND-000110,admbnd:nngla:bf4426dd76839f8b37b597c3f2f52fb1cfc77acd8c4aff4794773fcd610b2671,CITY_DISTRICT,POLYGON,true,true,PASS,PASS,PASS,PASS,PASS,QUALIFIED,qualification:nngla:212bf487b08ea7eaf997236ca3b46ada113b4883cb20d3bdf5c102d95c0521da,SHARED_REFERENCE
NG-ADM-000111,NG-ADM-CAND-000111,admbnd:nngla:124a2d2e23a87bff46a4d168d0cdbdbccd04dab6951a2112807ff2888d4c4b0a,CITY_DISTRICT,POLYGON,true,true,PASS,PASS,PASS,PASS,PASS,QUALIFIED,qualification:nngla:0c94e8334a7b916403d0b859b20e9d2a347167adef227e68334c96407df41a39,SHARED_REFERENCE
NG-ADM-000112,NG-ADM-CAND-000112,admbnd:nngla:ec4e75a2f8d358b8f7aa02f4d4c3cabb0f998aec9f5b46a17eac2f7e7795dd2d,CITY_DISTRICT,POLYGON,true,true,PASS,PASS,PASS,PASS,PASS,QUALIFIED,qualification:nngla:081af73f644c79d7fad457b85568fe8567cb4bf3da7022be0cb5650054f00a57,SHARED_REFERENCE
NG-ADM-000113,NG-ADM-CAND-000113,admbnd:nngla:ec27ee6966f527642ce6535f2510c4ee656ad61d6712d6408650e00a5393a847,TOWNSHIP,POLYGON,true,true,PASS,PASS,PASS,PASS,PASS,QUALIFIED,qualification:nngla:ac9c8b91a1a2db39f891af9ebc4c19421cdbfd474e94af99453f23295703d9ff,SHARED_REFERENCE
NG-ADM-000114,NG-ADM-CAND-000114,admbnd:nngla:a842032a194ed7b72cec876cb85ea4fcc4dfbb170882e259201303706c51832b,TOWNSHIP,POLYGON,true,true,PASS,PASS,PASS,PASS,PASS,QUALIFIED,qualification:nngla:4e21c4e905958ac474b63f57ee511574071bb6f39fdc5e7a71287c15aa85c906,SHARED_REFERENCE
NG-ADM-000115,NG-ADM-CAND-000115,admbnd:nngla:08aff91cf7b26af42de1cf72affef1e3f650ec5e5d4f90fa223de8f1d715e286,TOWNSHIP,POLYGON,true,true,PASS,PASS,PASS,PASS,PASS,QUALIFIED,qualification:nngla:7328ceec58d04b40095f23b66e861d95a2d227190970c5c9ebf73ea4dbce3401,SHARED_REFERENCE
NG-ADM-000116,NG-ADM-CAND-000116,admbnd:nngla:314780b85a9c1f753eac4267154d7f4de2396594303aa29e4d2db4d2db1cd4b6,TOWNSHIP,POLYGON,true,true,PASS,PASS,PASS,PASS,PASS,QUALIFIED,qualification:nngla:c7c3ccd9f7f407b0f660ce553b73f533bd221eb15f4b930f41983b75181b66ca,SHARED_REFERENCE
NG-ADM-000117,NG-ADM-CAND-000117,admbnd:nngla:18b021365850f4ab9ee61929fbb5e4163c358cd5d5fe6ce645988e2ba9b9c621,TOWNSHIP,POLYGON,true,true,PASS,PASS,PASS,PASS,PASS,QUALIFIED,qualification:nngla:7bf9778fbe16bf358052e4d82f8cf082c9c57e046129b56e4a17f0d57ca584c7,SHARED_REFERENCE
NG-ADM-000118,NG-ADM-CAND-000118,admbnd:nngla:77ae407399441934c6173b95b426a544f8cea1b5a966a56f8e3942f2c0c12655,TOWNSHIP,POLYGON,true,true,PASS,PASS,PASS,PASS,PASS,QUALIFIED,qualification:nngla:021a76dcf24d4a23fb8e91904b22313778ef866957719ff1ce34e9270492d5b5,SHARED_REFERENCE
NG-ADM-000119,NG-ADM-CAND-000119,admbnd:nngla:35facb9c34ec17116255a6fe6eba91773da79449a31ea333c1aaff871d7666e6,TOWNSHIP,POLYGON,true,true,PASS,PASS,PASS,PASS,PASS,QUALIFIED,qualification:nngla:7d23c8682e5439fb0eb525ad662ade685ed9f11d8fe55b8ee24c87a5d65bdf6e,SHARED_REFERENCE
NG-ADM-000120,NG-ADM-CAND-000120,admbnd:nngla:20fe6f3c2ca93803816401577a0af2b553fa1f78cd9c54acb3792b5833a2fab6,TOWNSHIP,POLYGON,true,true,PASS,PASS,PASS,PASS,PASS,QUALIFIED,qualification:nngla:28a6baf8955966029569eccb711836c459971d5fc98a5961feccf8e0ad0b3579,SHARED_REFERENCE
NG-ADM-000121,NG-ADM-CAND-000121,admbnd:nngla:593b1eac15ebb82592477edb6fe79081de4db6f149c63a44850d334e3bd9f7e3,TOWNSHIP,POLYGON,true,true,PASS,PASS,PASS,PASS,PASS,QUALIFIED,qualification:nngla:1f80d5623d91aebdf7e24a591772da6fdf915380beaa4fd7b2fa53e7ce5c57e2,SHARED_REFERENCE
NG-ADM-000122,NG-ADM-CAND-000122,admbnd:nngla:6d078e831edf3ba010f0a60fff23f0b6e235b9599224d4ff8483fa7a1cc00b93,INDUSTRIAL_ZONE,POLYGON,true,true,PASS,PASS,PASS,PASS,NOT_APPLICABLE,QUALIFIED,qualification:nngla:7121812b70a8e365cad7b7613ed25bd2ecd3ff449c2da44d68c5b9994356573d,SHARED_REFERENCE
NG-ADM-000123,NG-ADM-CAND-000123,admbnd:nngla:5d99624617d847825935413e62e3887853183909bb6e7e6a92eb5f5d648a8c06,INDUSTRIAL_ZONE,POLYGON,true,true,PASS,PASS,PASS,PASS,NOT_APPLICABLE,QUALIFIED,qualification:nngla:9165a48bac282b2df4f2d16494c4c94c2cf9cca2f25e31aa3454c3a29e961503,SHARED_REFERENCE
NG-ADM-000124,NG-ADM-CAND-000124,admbnd:nngla:93872d6452d61b3cb51219ebb3cd7e82fa192d8dcf5a6a5305da3031977f3136,CITY,POLYGON,true,true,PASS,PASS,PASS,PASS,PASS,QUALIFIED,qualification:nngla:ef5bb48849f645240db2be36f4c7e2b6e99782450ce31287235f0a589edda2f7,SHARED_REFERENCE
NG-ADM-000125,NG-ADM-CAND-000125,admbnd:nngla:4f1723805ac08ce408d9212e466909423972ab89045ae8c8500c3d388a40e72a,MUNICIPALITY,POLYGON,true,true,PASS,PASS,PASS,PASS,PASS,QUALIFIED,qualification:nngla:8018fbd6d437e458ed0ac5c230a075d9350cab1cda79e53a7c1586a82e729581,SHARED_REFERENCE
NG-ADM-000126,NG-ADM-CAND-000126,admbnd:nngla:9e5ab354fedae80ba9de1a8a1d0a6c2c0c689c0f081d94578a2d250684fa29d3,MUNICIPALITY,POLYGON,true,true,PASS,PASS,PASS,PASS,PASS,QUALIFIED,qualification:nngla:c2ccf82eee439ce85f9ff5f0aaba82c792c8cdd6e050f1a867f693daf7b5164c,SHARED_REFERENCE
NG-ADM-000127,NG-ADM-CAND-000127,admbnd:nngla:bf996f4993965b7eef39eefce06cb6cab6b0389c3739ddb50779e95aff2001b6,MUNICIPALITY,POLYGON,true,true,PASS,PASS,PASS,PASS,PASS,QUALIFIED,qualification:nngla:35282909eb821a278ae20bc93c2ade6f5762c4dadbe7bf0f4325fb3070d6ff9d,SHARED_REFERENCE
NG-ADM-000128,NG-ADM-CAND-000128,admbnd:nngla:a67de83c860f297a37ee173c56ff510feb5d91ede69876d0f1e43e922d6cc564,CITY_DISTRICT,POLYGON,true,true,PASS,PASS,PASS,PASS,PASS,QUALIFIED,qualification:nngla:4513da519024aa2a78988356bae92ade499bfc3e9a7d8382c641403e13af7d7f,SHARED_REFERENCE
NG-ADM-000129,NG-ADM-CAND-000129,admbnd:nngla:26686873ef1fee21d6ab6a9e17b5fda8ba8402f2ff1c0e5efb52392f7fc79c37,CITY_DISTRICT,POLYGON,true,true,PASS,PASS,PASS,PASS,PASS,QUALIFIED,qualification:nngla:fe3428295626dc7ee97afd40bac50b74fed5df748a8eb125de5e06fbe6351619,SHARED_REFERENCE
NG-ADM-000130,NG-ADM-CAND-000130,admbnd:nngla:9334663c696e8156bf2163401b4a5283a96af218f5e02e748252997048ef2605,CITY_DISTRICT,POLYGON,true,true,PASS,PASS,PASS,PASS,PASS,QUALIFIED,qualification:nngla:9ce8bfbb9b6edf8bb3517d96f94516e54ae1d88d4697ff2adf4284d31c4a4c6f,SHARED_REFERENCE
NG-ADM-000131,NG-ADM-CAND-000131,admbnd:nngla:030c1ddd026489786a184d7dacca0c5c8150ea0ecb0338c51eb9a60c3ffd6cae,CITY_DISTRICT,POLYGON,true,true,PASS,PASS,PASS,PASS,PASS,QUALIFIED,qualification:nngla:f675dbf0d6440b0bdaa8a8f43c81cc2d20b11dad6d79cdd3dc2e09036a85be09,SHARED_REFERENCE
NG-ADM-000132,NG-ADM-CAND-000132,admbnd:nngla:b5942ad2a4ebecddcd688b9905ef865e2bef81e668cbc2f4d10c26deb1d89fea,CITY_DISTRICT,POLYGON,true,true,PASS,PASS,PASS,PASS,PASS,QUALIFIED,qualification:nngla:9fe65d7f037218edc773f786bcc579c2e72b97bb63dbe9b4cdac1c4b3afea775,SHARED_REFERENCE
NG-ADM-000133,NG-ADM-CAND-000133,admbnd:nngla:7bd568f5a39437b51818225cd2458cf218e44dbf0b140c665f1ea79130d7e116,CITY_DISTRICT,POLYGON,true,true,PASS,PASS,PASS,PASS,PASS,QUALIFIED,qualification:nngla:55e20e83ed7af1bf9673d962ca97bed8cb7a39fb8fdb9f1e1214dd5268703294,SHARED_REFERENCE
NG-ADM-000134,NG-ADM-CAND-000134,admbnd:nngla:9cd4e22cc2d23286f4454af4ba61a93fee783810ccf3abce9da07af6c3a8452d,CITY_DISTRICT,POLYGON,true,true,PASS,PASS,PASS,PASS,PASS,QUALIFIED,qualification:nngla:2636b15a07423133223907fd98bc175a148cbd8c36cb4584ed5b4ca4c132acc7,SHARED_REFERENCE
NG-ADM-000135,NG-ADM-CAND-000135,admbnd:nngla:7bfab02bd47c3cebbd5e07a1c6258085f503e58b9f47cc715e9a9055f39ac31d,CITY_DISTRICT,POLYGON,true,true,PASS,PASS,PASS,PASS,PASS,QUALIFIED,qualification:nngla:934a9e4d9a01cf5fae588839c1ef9e0fd5bc27c7e91752f3082dba0e3224cb7d,SHARED_REFERENCE
NG-ADM-000136,NG-ADM-CAND-000136,admbnd:nngla:544654a034aa9acc7faaab3c0e74e69f55f7e959d629efb33a38842bdbb074ae,TOWNSHIP,POLYGON,true,true,PASS,PASS,PASS,PASS,PASS,QUALIFIED,qualification:nngla:7f6f702c03a8fdd5d68961ddbe83989d30aff1e5480aa3453d3bb842df9c0176,SHARED_REFERENCE
NG-ADM-000137,NG-ADM-CAND-000137,admbnd:nngla:3c02865499d960d563f51e02edece3ebe4f16c55a632fdb62b622b8635a73b4d,TOWNSHIP,POLYGON,true,true,PASS,PASS,PASS,PASS,PASS,QUALIFIED,qualification:nngla:7ee425293f355e04e5930a771462af132ffa36c3aea4cf99c15536f69b420bf2,SHARED_REFERENCE
NG-ADM-000138,NG-ADM-CAND-000138,admbnd:nngla:7dd2e3d3fbd456291b0f7f3387475e9b9c33adb5fc8a22d09ac6c9c1fe398a29,TOWNSHIP,POLYGON,true,true,PASS,PASS,PASS,PASS,PASS,QUALIFIED,qualification:nngla:3722017f9af6277a0d9930baab9ecd4b60df9acd3fc74161df4f7c96843707d2,SHARED_REFERENCE
NG-ADM-000139,NG-ADM-CAND-000139,admbnd:nngla:1ed46652f9e17e822772e5940608c4bcb2fbd8a83cbc131feabeddd86efac27a,TOWNSHIP,POLYGON,true,true,PASS,PASS,PASS,PASS,PASS,QUALIFIED,qualification:nngla:cf838d6df48bbff98b74c2eb100258ecd63d0c9d21614a83adb2291f68a43983,SHARED_REFERENCE
NG-ADM-000140,NG-ADM-CAND-000140,admbnd:nngla:bf98845027acae788cd5ff0accd537505f2e2b0df90bdda5b1b95d137f56f77d,TOWNSHIP,POLYGON,true,true,PASS,PASS,PASS,PASS,PASS,QUALIFIED,qualification:nngla:c552cab25c23e3fb6c404400b2e1862ec62dc0e5f36475c573f9e7b423065aaf,SHARED_REFERENCE
NG-ADM-000141,NG-ADM-CAND-000141,admbnd:nngla:b23ba410f4f16d63b98c1d20a7637daa67a6c53a889b235b3294cf4b4ae0c69b,TOWNSHIP,POLYGON,true,true,PASS,PASS,PASS,PASS,PASS,QUALIFIED,qualification:nngla:ed3fbfc548a6898fde64b4046ea3588c512a0fe44a2d63e6bed2ddb237a0e70f,SHARED_REFERENCE
NG-ADM-000142,NG-ADM-CAND-000142,admbnd:nngla:82e6493ad4bb5986c8e8b7ab15185cc92cefbef753886c58ab1ae00c7fa4752e,TOWNSHIP,POLYGON,true,true,PASS,PASS,PASS,PASS,PASS,QUALIFIED,qualification:nngla:747a71099e435eeead69e6dbce6008ff743dec9c748fbdb903eaeb17ba1f1d50,SHARED_REFERENCE
NG-ADM-000143,NG-ADM-CAND-000143,admbnd:nngla:155331606c3376349ef824202cfe48c98caa6a6f12f1a7862a6b4173dd13073a,TOWNSHIP,POLYGON,true,true,PASS,PASS,PASS,PASS,PASS,QUALIFIED,qualification:nngla:0c84469823fcce101ca5017bf5ce614d16abce7313d3f07e2576cd10ab6b1ee9,SHARED_REFERENCE
NG-ADM-000144,NG-ADM-CAND-000144,admbnd:nngla:124c1fc61effc210a4fc61a08802547ef82730511832b22f5755728758b11394,TOWNSHIP,POLYGON,true,true,PASS,PASS,PASS,PASS,PASS,QUALIFIED,qualification:nngla:a5905468b4f26705df693c46e85f7688460d49851ca95a1d0c2b59d582560f6d,SHARED_REFERENCE
NG-ADM-000145,NG-ADM-CAND-000145,admbnd:nngla:b412b8629243b075ccc8894394c540cd33b4cde1c0ec834a1dd9917aaa25fa87,INDUSTRIAL_ZONE,POLYGON,true,true,PASS,PASS,PASS,PASS,NOT_APPLICABLE,QUALIFIED,qualification:nngla:ade89e4a8798b4c3b44c74e2ba3df2510b017a46b43e25957a6b779bcebeef69,SHARED_REFERENCE
NG-ADM-000146,NG-ADM-CAND-000146,admbnd:nngla:8421d8f33ba28508e25a76db0cf1c33771c2b6d549a0ce870e0970994e7ac847,INDUSTRIAL_ZONE,POLYGON,true,true,PASS,PASS,PASS,PASS,NOT_APPLICABLE,QUALIFIED,qualification:nngla:8c84254b6ccd854d0cd0ea91fa867a3ba29e35523a3964b0ce9e543f5ee5c3f0,SHARED_REFERENCE
NG-ADM-000147,NG-ADM-CAND-000147,admbnd:nngla:c646bca2a4d1e7eaa76d069540fb741644e31b4b1380b494659e0e46b70ab4aa,CITY,MULTIPOLYGON,true,true,PASS,PASS,PASS,PASS,PASS,QUALIFIED,qualification:nngla:1eda60ebf6ad102d1e6f93e375fd74eb94e4c97ad7b215c0aa27df746fd72a4f,SHARED_REFERENCE
NG-ADM-000148,NG-ADM-CAND-000148,admbnd:nngla:c6378305f9fd473c6ff51df098d34fdd41fc639a8757797f258a02e1592c8b37,MUNICIPALITY,POLYGON,true,true,PASS,PASS,PASS,PASS,PASS,QUALIFIED,qualification:nngla:35837a762b85f991519cff3e952bf7755e75c67475fbfe8f80604ea2b6dac07a,SHARED_REFERENCE
NG-ADM-000149,NG-ADM-CAND-000149,admbnd:nngla:632b8cf07f556dd3cfeb7d0b06854ed79b7c9cbf1b43c488568d9edbc8900174,MUNICIPALITY,MULTIPOLYGON,true,true,PASS,PASS,PASS,PASS,PASS,QUALIFIED,qualification:nngla:20ff24be6d8bd0272498a8badb870fd3fb358fa73b97eb564761f8d9a43ebb8c,SHARED_REFERENCE
NG-ADM-000150,NG-ADM-CAND-000150,admbnd:nngla:eea0e395f4aab0aab99c916b88403ae30585af366b72bcc0cebe7ab9af4dc64a,MUNICIPALITY,POLYGON,true,true,PASS,PASS,PASS,PASS,PASS,QUALIFIED,qualification:nngla:78b32c9e771d6a927326e808cb61edf812a3d45d60bcb50554c5e4eb4302e66b,SHARED_REFERENCE
NG-ADM-000151,NG-ADM-CAND-000151,admbnd:nngla:2bd60d7c9b0ac8f1478d6733704d9ab687b1a9d251a0be0bd7ea7f786cfc822d,CITY_DISTRICT,POLYGON,true,true,PASS,PASS,PASS,PASS,PASS,QUALIFIED,qualification:nngla:3e18fbb812d96f00458ea50f4e4758effe95382701463fac6734a9c0c69cbf8e,SHARED_REFERENCE
NG-ADM-000152,NG-ADM-CAND-000152,admbnd:nngla:2082125b706e773df02b25e918d589ff8bcd6e1fd154b5d52e45123897ad4424,CITY_DISTRICT,POLYGON,true,true,PASS,PASS,PASS,PASS,PASS,QUALIFIED,qualification:nngla:99ef2bf6085bf4508fc0d84bef0ba2206828d0935acfeb0dddba6c8f50a50fc2,SHARED_REFERENCE
NG-ADM-000153,NG-ADM-CAND-000153,admbnd:nngla:0f29b7beaa46b207564e8ef355da598c366208265a30d4f6585008dd4cf06e25,CITY_DISTRICT,POLYGON,true,true,PASS,PASS,PASS,PASS,PASS,QUALIFIED,qualification:nngla:a600375770d26aaaf3acdf82e8b317954da19ee166ddd90a10bec89ac9182d3f,SHARED_REFERENCE
NG-ADM-000154,NG-ADM-CAND-000154,admbnd:nngla:b7a28a592ec7a2e84b7af4b0a4f7cbabf35b370a2fe5daa6b510fd8eb2ed9670,CITY_DISTRICT,MULTIPOLYGON,true,true,PASS,PASS,PASS,PASS,PASS,QUALIFIED,qualification:nngla:fb7dd759f224b4fe285e76f50439d8a6f3de29820edb4a6af95f0dc73a6be05f,SHARED_REFERENCE
NG-ADM-000155,NG-ADM-CAND-000155,admbnd:nngla:82119552abb94a46b8df695ec351b63092e2ba8293b40b9f99043d2a44987aad,CITY_DISTRICT,POLYGON,true,true,PASS,PASS,PASS,PASS,PASS,QUALIFIED,qualification:nngla:f2f055ad0990e998f4883016895c180f1a7200c36872f7b6f6f22921dfcb89fb,SHARED_REFERENCE
NG-ADM-000156,NG-ADM-CAND-000156,admbnd:nngla:0954aa722cb2d65789a2d7aa5a4c7a02ed104713cb22d551717e70d50242e62c,CITY_DISTRICT,POLYGON,true,true,PASS,PASS,PASS,PASS,PASS,QUALIFIED,qualification:nngla:609db7a69f3f44a7ebd309901d18f98f082f313582c7a821fe91e26cbc024fe3,SHARED_REFERENCE
NG-ADM-000157,NG-ADM-CAND-000157,admbnd:nngla:d4317a7f569e5351af07d9d6ae0828a535376f2861a3559ceddc651caa758f71,CITY_DISTRICT,POLYGON,true,true,PASS,PASS,PASS,PASS,PASS,QUALIFIED,qualification:nngla:965df6ae7b5530a576758409303c04edcbc2fe53c67454ced338463c3b330118,SHARED_REFERENCE
NG-ADM-000158,NG-ADM-CAND-000158,admbnd:nngla:e9ba68d449348ac0993bfb499acc6611e7320581ba44520da8bf28e3920a933e,CITY_DISTRICT,POLYGON,true,true,PASS,PASS,PASS,PASS,PASS,QUALIFIED,qualification:nngla:d456b86aa6fbe28778738eba3dc39922e4032df91e5cf14f2c43d0c2c64c77cb,SHARED_REFERENCE
NG-ADM-000159,NG-ADM-CAND-000159,admbnd:nngla:a83f89fbf88d79949a4c045061afa1355650aa18d80f1c971ca13b311d5db7bb,TOWNSHIP,POLYGON,true,true,PASS,PASS,PASS,PASS,PASS,QUALIFIED,qualification:nngla:91dc31aea8c6943af3b1ec3418dcac972deecd9ecbaaedfac2c88fae8ca261e3,SHARED_REFERENCE
NG-ADM-000160,NG-ADM-CAND-000160,admbnd:nngla:237beb10209690477c3b89ea3b025395779b381aa5d2330834eece85374ff7e8,TOWNSHIP,POLYGON,true,true,PASS,PASS,PASS,PASS,PASS,QUALIFIED,qualification:nngla:5379762a62a0585ef4c13805db206c288c41a24d294be583eeb7c2cf83673cce,SHARED_REFERENCE
NG-ADM-000161,NG-ADM-CAND-000161,admbnd:nngla:8dffb09c6172887190543b7438b64db8ecc9df9428b520f5eb85e7ab6e29672d,TOWNSHIP,POLYGON,true,true,PASS,PASS,PASS,PASS,PASS,QUALIFIED,qualification:nngla:ed6386179e8a775747b17b3fc19a626d1c74b0b70f8df6a3c9e04c47e64f3a7a,SHARED_REFERENCE
NG-ADM-000162,NG-ADM-CAND-000162,admbnd:nngla:448d153cc28f97371a41e7df35d1e401a3e1bc90d9ec4ddd036fcde9aba4e7af,TOWNSHIP,POLYGON,true,true,PASS,PASS,PASS,PASS,PASS,QUALIFIED,qualification:nngla:452efdc50445fa26cba46149c221d49439cf46a98d5e9ad75e50c5647cc3f570,SHARED_REFERENCE
NG-ADM-000163,NG-ADM-CAND-000163,admbnd:nngla:51719025916745e6851922ba27f938c776bbb415d78effb3366116938a349268,TOWNSHIP,POLYGON,true,true,PASS,PASS,PASS,PASS,PASS,QUALIFIED,qualification:nngla:be29960705c9a93254c899aa6ec7d886781f9f14467a3d2bbfa6ddf6e5a5686d,SHARED_REFERENCE
NG-ADM-000164,NG-ADM-CAND-000164,admbnd:nngla:423b62345c6875432f16c45dcc6b89fb40b659becae1663bbc833775e30d78b1,TOWNSHIP,MULTIPOLYGON,true,true,PASS,PASS,PASS,PASS,PASS,QUALIFIED,qualification:nngla:a9f9b9d7b0b4e7c144128e5c1a9f916ab1d5d96d10a93035a7f97be7511bbc2b,SHARED_REFERENCE
NG-ADM-000165,NG-ADM-CAND-000165,admbnd:nngla:5072028c1538193e450191a8cd42966e75f59e6aa6ce1d5ccecd78c769206158,TOWNSHIP,POLYGON,true,true,PASS,PASS,PASS,PASS,PASS,QUALIFIED,qualification:nngla:29876425df122b166e2a2b951e4db0369a7d12afd8be620785aa00a62e91d5b6,SHARED_REFERENCE
NG-ADM-000166,NG-ADM-CAND-000166,admbnd:nngla:a97ac2d69cb20b74d4c2d80938dc71769436de4fe0c57247e701fb973dfade6f,TOWNSHIP,POLYGON,true,true,PASS,PASS,PASS,PASS,PASS,QUALIFIED,qualification:nngla:f4fac769c4561a6f0e2369222ee88b3d303ff546febce84d498f27ff26150c61,SHARED_REFERENCE
NG-ADM-000167,NG-ADM-CAND-000167,admbnd:nngla:3b317eca6c0b0130a3a06c8791a801225d925bdcc54d0702cd7575059b1d5f4f,TOWNSHIP,POLYGON,true,true,PASS,PASS,PASS,PASS,PASS,QUALIFIED,qualification:nngla:da1f78dbec797ddf0c2cbbf1c10904b16ed8c4401dfeae07336fe2239841d331,SHARED_REFERENCE
NG-ADM-000168,NG-ADM-CAND-000168,admbnd:nngla:8e42fafe7020cb11400af1a71313475a3bfd9daa19ff66779a1b827fac15a6cd,INDUSTRIAL_ZONE,POLYGON,true,true,PASS,PASS,PASS,PASS,NOT_APPLICABLE,QUALIFIED,qualification:nngla:5cc9f25b679b8bbfda12b6292f72cc43fe5e23988bb0cdbbac8d4fddcd836acf,SHARED_REFERENCE
NG-ADM-000169,NG-ADM-CAND-000169,admbnd:nngla:32d3ed9c6b339540683768236c8ee518c0f12dc30f1755c853735009b1545134,INDUSTRIAL_ZONE,POLYGON,true,true,PASS,PASS,PASS,PASS,NOT_APPLICABLE,QUALIFIED,qualification:nngla:3f54056cd225a51b70251d96a288540d503c75e708b7d258388fbc66f7ad82d8,SHARED_REFERENCE
NG-ADM-000170,NG-ADM-CAND-000170,admbnd:nngla:6eb4c0ae630e28f3d61b27359b76fd20e0af256592f9610fcaabda1acfd21602,CITY,POLYGON,true,true,PASS,PASS,PASS,PASS,PASS,QUALIFIED,qualification:nngla:4a31df33d3936811c6208ca260c29cc9bebb325381a7ce88cfaffa2f856d9368,SHARED_REFERENCE
NG-ADM-000171,NG-ADM-CAND-000171,admbnd:nngla:929d1684704d3dc218a05210cbf61a118e4303cb11f1053fd4071603670083bb,MUNICIPALITY,MULTIPOLYGON,true,true,PASS,PASS,PASS,PASS,PASS,QUALIFIED,qualification:nngla:a45470ae60d4d2add70a7c126869a618fa847fe6ac2a64c48dc87494abbdd5c5,SHARED_REFERENCE
NG-ADM-000172,NG-ADM-CAND-000172,admbnd:nngla:282c545f81f4cc0b46ab1f1c8527ac6d296ee70aa8c188973a1c8ddcd89098e0,MUNICIPALITY,POLYGON,true,true,PASS,PASS,PASS,PASS,PASS,QUALIFIED,qualification:nngla:2d059954a65504f4b5edcda2bf6cb4f6aba7a9ff15b7e8f5db67b1b2255b7589,SHARED_REFERENCE
NG-ADM-000173,NG-ADM-CAND-000173,admbnd:nngla:65d375fd2e203aef47f8b4250043ff444ebbe657e1a670f40d829e972755cd7e,MUNICIPALITY,POLYGON,true,true,PASS,PASS,PASS,PASS,PASS,QUALIFIED,qualification:nngla:3e7af4141b83b6be3a4620f6d6d5d3fb5a53280ea74c2f3444a5ef1b3b19c2c7,SHARED_REFERENCE
NG-ADM-000174,NG-ADM-CAND-000174,admbnd:nngla:03c6d3970a2e72919fb52f452a6fcaa632e6e9212a5b8924e996d08d7015c1ac,CITY_DISTRICT,POLYGON,true,true,PASS,PASS,PASS,PASS,PASS,QUALIFIED,qualification:nngla:5eb81e9f8a033a537b2b00d6ec89044e45fbe80348d6b4c1ced0b0379b017190,SHARED_REFERENCE
NG-ADM-000175,NG-ADM-CAND-000175,admbnd:nngla:154f462ba1531d76d925d53bab7d64808edf93266f0b06a15fd62398377480ba,CITY_DISTRICT,POLYGON,true,true,PASS,PASS,PASS,PASS,PASS,QUALIFIED,qualification:nngla:3438c4a66d87d2e210eca3ff19c9973b962d97cb8d3502b46a5d8352e9a52f0b,SHARED_REFERENCE
NG-ADM-000176,NG-ADM-CAND-000176,admbnd:nngla:97d56402039cce3d5ca7550ae91588efa0b524ad2e1e0f07bacf44b09c11f981,CITY_DISTRICT,POLYGON,true,true,PASS,PASS,PASS,PASS,PASS,QUALIFIED,qualification:nngla:29c25bfb4cf7a0262681738bd4247b3adfafe13cca871bf7f79fd41fa825d44a,SHARED_REFERENCE
NG-ADM-000177,NG-ADM-CAND-000177,admbnd:nngla:ec6ce31864ccbf3c3f2bd0e2c651095f76cc4e04466fc9de33168ccb1364bae6,CITY_DISTRICT,POLYGON,true,true,PASS,PASS,PASS,PASS,PASS,QUALIFIED,qualification:nngla:1f4c872c697e04067ad0ef5041bf48f7d4a368cc0b5167f752845b1dccc3a70f,SHARED_REFERENCE
NG-ADM-000178,NG-ADM-CAND-000178,admbnd:nngla:bb26f6c2be1a46368224f18d60b85a20def5e4f10f40ca5f9168278894158ca3,CITY_DISTRICT,POLYGON,true,true,PASS,PASS,PASS,PASS,PASS,QUALIFIED,qualification:nngla:4930e74efb2949421462ec79537c851662ebaba7d40cddfe4d3c9f12f24eca76,SHARED_REFERENCE
NG-ADM-000179,NG-ADM-CAND-000179,admbnd:nngla:a57933694d594d6de6fc83f4febca616b23d2f8b785d78137b3a7d20255d863d,CITY_DISTRICT,POLYGON,true,true,PASS,PASS,PASS,PASS,PASS,QUALIFIED,qualification:nngla:2480efc948e0ecd7de2a876c2611ed3d8eb22b31c6edad2c97d77ea0cd61f0a2,SHARED_REFERENCE
NG-ADM-000180,NG-ADM-CAND-000180,admbnd:nngla:9ef3076136058b13b79633e3f8d316a95caed32a818d9cd53f2f28fc2d993796,CITY_DISTRICT,POLYGON,true,true,PASS,PASS,PASS,PASS,PASS,QUALIFIED,qualification:nngla:cb5dcfa1f10718d285ac827fb9230a5d04be8ee5378d35f138b470a03de1d730,SHARED_REFERENCE
NG-ADM-000181,NG-ADM-CAND-000181,admbnd:nngla:9f3594f3c5b0758c45e898319f673ebe257d51688edc23bd1e0de9a1872c3efb,CITY_DISTRICT,POLYGON,true,true,PASS,PASS,PASS,PASS,PASS,QUALIFIED,qualification:nngla:d59177f07912065dfcab4a7cdd519b1d2bcc3dadfbbaee4268115848a3bf7e84,SHARED_REFERENCE
NG-ADM-000182,NG-ADM-CAND-000182,admbnd:nngla:2cca54c68b559f73c27d96e3e75641fb9d3f5291c0b59d4915661b5468733934,TOWNSHIP,MULTIPOLYGON,true,true,PASS,PASS,PASS,PASS,PASS,QUALIFIED,qualification:nngla:46b893d2635858acd07b715426920381f59025d503095c3566233833ad840a60,SHARED_REFERENCE
NG-ADM-000183,NG-ADM-CAND-000183,admbnd:nngla:f77c7a757aff61aef78fb4a874b69f82cad6d333ce7dd22fc246968cafbe760b,TOWNSHIP,POLYGON,true,true,PASS,PASS,PASS,PASS,PASS,QUALIFIED,qualification:nngla:c0f436e0c522c7e217719ec7c4ef30fb21e69f252b00280cb53084c9e33f41e9,SHARED_REFERENCE
NG-ADM-000184,NG-ADM-CAND-000184,admbnd:nngla:e08185b53b8127a7499a8b5f28104175e683d51e7ada03ae79d00ceed2fdb046,TOWNSHIP,POLYGON,true,true,PASS,PASS,PASS,PASS,PASS,QUALIFIED,qualification:nngla:1243b141f473e84cc9319f890f1cbfa318793e0c6d6f664bad678c666835e854,SHARED_REFERENCE
NG-ADM-000185,NG-ADM-CAND-000185,admbnd:nngla:fd5f7aa075b8f97fd0d499b203180d7b7d8575858ed1c515bcbc6ed6a43508e1,TOWNSHIP,POLYGON,true,true,PASS,PASS,PASS,PASS,PASS,QUALIFIED,qualification:nngla:6d4088000d83aa94ae6b205b0ef1acb4416a1d31a0594db6ddfbfc84f2e7bde3,SHARED_REFERENCE
NG-ADM-000186,NG-ADM-CAND-000186,admbnd:nngla:6162dc5e4fbb8cb751a61ef12012fa580f1a8dfefebae0c3adc0b0775cfa0858,TOWNSHIP,POLYGON,true,true,PASS,PASS,PASS,PASS,PASS,QUALIFIED,qualification:nngla:90838ca826486d38cdc0ca54f622313c2fb8485a24c0337ab93dc36c15472d44,SHARED_REFERENCE
NG-ADM-000187,NG-ADM-CAND-000187,admbnd:nngla:e55079fc81848eeef6176f1d2beed9524e2a605435b55b346c849473108baa90,TOWNSHIP,MULTIPOLYGON,true,true,PASS,PASS,PASS,PASS,PASS,QUALIFIED,qualification:nngla:ed2c4a5e988109daf2336aa9c5831ad1000935ea2da2c1b04cb42fd91b2ee55b,SHARED_REFERENCE
NG-ADM-000188,NG-ADM-CAND-000188,admbnd:nngla:42d4ceaf715328f55992bb8a06fd8ed15b87bd57bd5e2006e05ff07e34dce2b7,TOWNSHIP,POLYGON,true,true,PASS,PASS,PASS,PASS,PASS,QUALIFIED,qualification:nngla:369cc3a4614beb3642d2f48024ac738109f7a9ac6eabdb268457cc3681345bca,SHARED_REFERENCE
NG-ADM-000189,NG-ADM-CAND-000189,admbnd:nngla:160d608e2d73b3b7711a60af04524353f8e739c84c69bb79d9c40cdf5b53f843,TOWNSHIP,POLYGON,true,true,PASS,PASS,PASS,PASS,PASS,QUALIFIED,qualification:nngla:71f5a00fd492d27935d3189f9cd89b183e03530ff840483eadff290693316510,SHARED_REFERENCE
NG-ADM-000190,NG-ADM-CAND-000190,admbnd:nngla:963de724515a321bd5850bb06b96aade4081046ef9bd609135f90030d2b20a36,TOWNSHIP,POLYGON,true,true,PASS,PASS,PASS,PASS,PASS,QUALIFIED,qualification:nngla:f7ce46327adc844587cb97989515f092125cc6524f062cebda9723860285e604,SHARED_REFERENCE
NG-ADM-000191,NG-ADM-CAND-000191,admbnd:nngla:5a0d41881b74a72e4a0a17dd9d4e4cf2b0123c543246097bae2badfe78372112,INDUSTRIAL_ZONE,POLYGON,true,true,PASS,PASS,PASS,PASS,NOT_APPLICABLE,QUALIFIED,qualification:nngla:2e503876a1918b1527c67003fd2c52953a871e8b0a6d17fc60f1ce904381bc62,SHARED_REFERENCE
NG-ADM-000192,NG-ADM-CAND-000192,admbnd:nngla:e65d893316689c0d697ed2ab8aebadc276a39701765a9c707484e8785de21574,INDUSTRIAL_ZONE,POLYGON,true,true,PASS,PASS,PASS,PASS,NOT_APPLICABLE,QUALIFIED,qualification:nngla:b26dc5954dacf9701da604262e098a48069dc20adcedb945d4d1ed41e3c06798,SHARED_REFERENCE
