administrative_candidate_id,source_record_id,administrative_type_code,canonical_name,parent_source_record_id,region_code,boundary_status,geometry_reference,lifecycle_status_code,runtime_effect_scope,source_basis,candidate_status
NG-ADM-CAND-000001,NGR-01,REGION,Orivane Capital Territory,country:novegeo,NGR-01,BOUNDARY_PENDING_LEGALIZATION,,PROVISIONAL,SHARED_REFERENCE,700-place registry region hierarchy,READY_NONSPATIAL
NG-ADM-CAND-000002,NGR-02,REGION,Aelvar Highlands,country:novegeo,NGR-02,BOUNDARY_PENDING_LEGALIZATION,,PROVISIONAL,SHARED_REFERENCE,700-place registry region hierarchy,READY_NONSPATIAL
NG-ADM-CAND-000003,NGR-03,REGION,Vondrel Plateau,country:novegeo,NGR-03,BOUNDARY_PENDING_LEGALIZATION,,PROVISIONAL,SHARED_REFERENCE,700-place registry region hierarchy,READY_NONSPATIAL
NG-ADM-CAND-000004,NGR-04,REGION,Nyara Basin,country:novegeo,NGR-04,BOUNDARY_PENDING_LEGALIZATION,,PROVISIONAL,SHARED_REFERENCE,700-place registry region hierarchy,READY_NONSPATIAL
NG-ADM-CAND-000005,NGR-05,REGION,Tekhara Rainbelt,country:novegeo,NGR-05,BOUNDARY_PENDING_LEGALIZATION,,PROVISIONAL,SHARED_REFERENCE,700-place registry region hierarchy,READY_NONSPATIAL
NG-ADM-CAND-000006,NGR-06,REGION,Barazin Drylands,country:novegeo,NGR-06,BOUNDARY_PENDING_LEGALIZATION,,PROVISIONAL,SHARED_REFERENCE,700-place registry region hierarchy,READY_NONSPATIAL
NG-ADM-CAND-000007,NGR-07,REGION,Lysaran Coast,country:novegeo,NGR-07,BOUNDARY_PENDING_LEGALIZATION,,PROVISIONAL,SHARED_REFERENCE,700-place registry region hierarchy,READY_NONSPATIAL
NG-ADM-CAND-000008,NGR-08,REGION,Sabaran Gulf,country:novegeo,NGR-08,BOUNDARY_PENDING_LEGALIZATION,,PROVISIONAL,SHARED_REFERENCE,700-place registry region hierarchy,READY_NONSPATIAL
NG-ADM-CAND-000009,NGP-000001,CITY,Orivane,NGR-01,NGR-01,BOUNDARY_PENDING_LEGALIZATION,,PROVISIONAL,SHARED_REFERENCE,700-place registry administrative hierarchy,READY_NONSPATIAL
NG-ADM-CAND-000010,NGP-000002,MUNICIPALITY,Bellwether,NGR-01,NGR-01,BOUNDARY_PENDING_LEGALIZATION,,PROVISIONAL,SHARED_REFERENCE,700-place registry administrative hierarchy,READY_NONSPATIAL
NG-ADM-CAND-000011,NGP-000003,MUNICIPALITY,New Carrow,NGR-01,NGR-01,BOUNDARY_PENDING_LEGALIZATION,,PROVISIONAL,SHARED_REFERENCE,700-place registry administrative hierarchy,READY_NONSPATIAL
NG-ADM-CAND-000012,NGP-000004,MUNICIPALITY,East Meridian,NGR-01,NGR-01,BOUNDARY_PENDING_LEGALIZATION,,PROVISIONAL,SHARED_REFERENCE,700-place registry administrative hierarchy,READY_NONSPATIAL
NG-ADM-CAND-000013,NGP-000005,CITY_DISTRICT,Orivane Central,NGP-000001,NGR-01,BOUNDARY_PENDING_LEGALIZATION,,PROVISIONAL,SHARED_REFERENCE,700-place registry administrative hierarchy,READY_NONSPATIAL
NG-ADM-CAND-000014,NGP-000006,CITY_DISTRICT,Civic Crescent,NGP-000001,NGR-01,BOUNDARY_PENDING_LEGALIZATION,,PROVISIONAL,SHARED_REFERENCE,700-place registry administrative hierarchy,READY_NONSPATIAL
NG-ADM-CAND-000015,NGP-000007,CITY_DISTRICT,Parliament Hill,NGP-000001,NGR-01,BOUNDARY_PENDING_LEGALIZATION,,PROVISIONAL,SHARED_REFERENCE,700-place registry administrative hierarchy,READY_NONSPATIAL
NG-ADM-CAND-000016,NGP-000008,CITY_DISTRICT,Meridian Exchange,NGP-000001,NGR-01,BOUNDARY_PENDING_LEGALIZATION,,PROVISIONAL,SHARED_REFERENCE,700-place registry administrative hierarchy,READY_NONSPATIAL
NG-ADM-CAND-000017,NGP-000009,CITY_DISTRICT,Old Orivane,NGP-000001,NGR-01,BOUNDARY_PENDING_LEGALIZATION,,PROVISIONAL,SHARED_REFERENCE,700-place registry administrative hierarchy,READY_NONSPATIAL
NG-ADM-CAND-000018,NGP-000010,CITY_DISTRICT,Northmere Quarter,NGP-000001,NGR-01,BOUNDARY_PENDING_LEGALIZATION,,PROVISIONAL,SHARED_REFERENCE,700-place registry administrative hierarchy,READY_NONSPATIAL
NG-ADM-CAND-000019,NGP-000011,CITY_DISTRICT,Embassy Arc,NGP-000001,NGR-01,BOUNDARY_PENDING_LEGALIZATION,,PROVISIONAL,SHARED_REFERENCE,700-place registry administrative hierarchy,READY_NONSPATIAL
NG-ADM-CAND-000020,NGP-000012,CITY_DISTRICT,University Ring,NGP-000001,NGR-01,BOUNDARY_PENDING_LEGALIZATION,,PROVISIONAL,SHARED_REFERENCE,700-place registry administrative hierarchy,READY_NONSPATIAL
NG-ADM-CAND-000021,NGP-000040,TOWNSHIP,Maple Junction,NGP-000002,NGR-01,BOUNDARY_PENDING_LEGALIZATION,,PROVISIONAL,SHARED_REFERENCE,700-place registry administrative hierarchy,READY_NONSPATIAL
NG-ADM-CAND-000022,NGP-000041,TOWNSHIP,South Bell,NGP-000002,NGR-01,BOUNDARY_PENDING_LEGALIZATION,,PROVISIONAL,SHARED_REFERENCE,700-place registry administrative hierarchy,READY_NONSPATIAL
NG-ADM-CAND-000023,NGP-000042,TOWNSHIP,Orchard End,NGP-000002,NGR-01,BOUNDARY_PENDING_LEGALIZATION,,PROVISIONAL,SHARED_REFERENCE,700-place registry administrative hierarchy,READY_NONSPATIAL
NG-ADM-CAND-000024,NGP-000043,TOWNSHIP,Carrowfield,NGP-000003,NGR-01,BOUNDARY_PENDING_LEGALIZATION,,PROVISIONAL,SHARED_REFERENCE,700-place registry administrative hierarchy,READY_NONSPATIAL
NG-ADM-CAND-000025,NGP-000044,TOWNSHIP,West Carrow,NGP-000003,NGR-01,BOUNDARY_PENDING_LEGALIZATION,,PROVISIONAL,SHARED_REFERENCE,700-place registry administrative hierarchy,READY_NONSPATIAL
NG-ADM-CAND-000026,NGP-000045,TOWNSHIP,Low Crescent,NGP-000003,NGR-01,BOUNDARY_PENDING_LEGALIZATION,,PROVISIONAL,SHARED_REFERENCE,700-place registry administrative hierarchy,READY_NONSPATIAL
NG-ADM-CAND-000027,NGP-000046,TOWNSHIP,Meridian Gate,NGP-000004,NGR-01,BOUNDARY_PENDING_LEGALIZATION,,PROVISIONAL,SHARED_REFERENCE,700-place registry administrative hierarchy,READY_NONSPATIAL
NG-ADM-CAND-000028,NGP-000047,TOWNSHIP,Railview,NGP-000004,NGR-01,BOUNDARY_PENDING_LEGALIZATION,,PROVISIONAL,SHARED_REFERENCE,700-place registry administrative hierarchy,READY_NONSPATIAL
NG-ADM-CAND-000029,NGP-000048,TOWNSHIP,Eastbank,NGP-000004,NGR-01,BOUNDARY_PENDING_LEGALIZATION,,PROVISIONAL,SHARED_REFERENCE,700-place registry administrative hierarchy,READY_NONSPATIAL
NG-ADM-CAND-000030,NGP-000084,INDUSTRIAL_ZONE,Eastline Industrial Park,NGP-000001,NGR-01,BOUNDARY_PENDING_LEGALIZATION,,PROVISIONAL,SHARED_REFERENCE,700-place registry administrative hierarchy,READY_NONSPATIAL
NG-ADM-CAND-000031,NGP-000085,INDUSTRIAL_ZONE,Capital Logistics Zone,NGP-000003,NGR-01,BOUNDARY_PENDING_LEGALIZATION,,PROVISIONAL,SHARED_REFERENCE,700-place registry administrative hierarchy,READY_NONSPATIAL
NG-ADM-CAND-000032,NGP-000086,CITY,Northgate,NGR-02,NGR-02,BOUNDARY_PENDING_LEGALIZATION,,PROVISIONAL,SHARED_REFERENCE,700-place registry administrative hierarchy,READY_NONSPATIAL
NG-ADM-CAND-000033,NGP-000087,MUNICIPALITY,Caelith,NGR-02,NGR-02,BOUNDARY_PENDING_LEGALIZATION,,PROVISIONAL,SHARED_REFERENCE,700-place registry administrative hierarchy,READY_NONSPATIAL
NG-ADM-CAND-000034,NGP-000088,MUNICIPALITY,Skeldrun,NGR-02,NGR-02,BOUNDARY_PENDING_LEGALIZATION,,PROVISIONAL,SHARED_REFERENCE,700-place registry administrative hierarchy,READY_NONSPATIAL
NG-ADM-CAND-000035,NGP-000089,MUNICIPALITY,Pinebarrow,NGR-02,NGR-02,BOUNDARY_PENDING_LEGALIZATION,,PROVISIONAL,SHARED_REFERENCE,700-place registry administrative hierarchy,READY_NONSPATIAL
NG-ADM-CAND-000036,NGP-000090,CITY_DISTRICT,Crown Steps,NGP-000086,NGR-02,BOUNDARY_PENDING_LEGALIZATION,,PROVISIONAL,SHARED_REFERENCE,700-place registry administrative hierarchy,READY_NONSPATIAL
NG-ADM-CAND-000037,NGP-000091,CITY_DISTRICT,Highgate Core,NGP-000086,NGR-02,BOUNDARY_PENDING_LEGALIZATION,,PROVISIONAL,SHARED_REFERENCE,700-place registry administrative hierarchy,READY_NONSPATIAL
NG-ADM-CAND-000038,NGP-000092,CITY_DISTRICT,Observatory Ward,NGP-000086,NGR-02,BOUNDARY_PENDING_LEGALIZATION,,PROVISIONAL,SHARED_REFERENCE,700-place registry administrative hierarchy,READY_NONSPATIAL
NG-ADM-CAND-000039,NGP-000093,CITY_DISTRICT,Foundry Terrace,NGP-000086,NGR-02,BOUNDARY_PENDING_LEGALIZATION,,PROVISIONAL,SHARED_REFERENCE,700-place registry administrative hierarchy,READY_NONSPATIAL
NG-ADM-CAND-000040,NGP-000094,CITY_DISTRICT,Old Switchback,NGP-000086,NGR-02,BOUNDARY_PENDING_LEGALIZATION,,PROVISIONAL,SHARED_REFERENCE,700-place registry administrative hierarchy,READY_NONSPATIAL
NG-ADM-CAND-000041,NGP-000095,CITY_DISTRICT,Alpine Exchange,NGP-000086,NGR-02,BOUNDARY_PENDING_LEGALIZATION,,PROVISIONAL,SHARED_REFERENCE,700-place registry administrative hierarchy,READY_NONSPATIAL
NG-ADM-CAND-000042,NGP-000096,CITY_DISTRICT,Northgate University District,NGP-000086,NGR-02,BOUNDARY_PENDING_LEGALIZATION,,PROVISIONAL,SHARED_REFERENCE,700-place registry administrative hierarchy,READY_NONSPATIAL
NG-ADM-CAND-000043,NGP-000097,CITY_DISTRICT,Cloudline,NGP-000086,NGR-02,BOUNDARY_PENDING_LEGALIZATION,,PROVISIONAL,SHARED_REFERENCE,700-place registry administrative hierarchy,READY_NONSPATIAL
NG-ADM-CAND-000044,NGP-000125,TOWNSHIP,Lower Caelith,NGP-000087,NGR-02,BOUNDARY_PENDING_LEGALIZATION,,PROVISIONAL,SHARED_REFERENCE,700-place registry administrative hierarchy,READY_NONSPATIAL
NG-ADM-CAND-000045,NGP-000126,TOWNSHIP,Glen Kael,NGP-000087,NGR-02,BOUNDARY_PENDING_LEGALIZATION,,PROVISIONAL,SHARED_REFERENCE,700-place registry administrative hierarchy,READY_NONSPATIAL
NG-ADM-CAND-000046,NGP-000127,TOWNSHIP,Passfield,NGP-000087,NGR-02,BOUNDARY_PENDING_LEGALIZATION,,PROVISIONAL,SHARED_REFERENCE,700-place registry administrative hierarchy,READY_NONSPATIAL
NG-ADM-CAND-000047,NGP-000128,TOWNSHIP,South Skeldrun,NGP-000088,NGR-02,BOUNDARY_PENDING_LEGALIZATION,,PROVISIONAL,SHARED_REFERENCE,700-place registry administrative hierarchy,READY_NONSPATIAL
NG-ADM-CAND-000048,NGP-000129,TOWNSHIP,Icebrook,NGP-000088,NGR-02,BOUNDARY_PENDING_LEGALIZATION,,PROVISIONAL,SHARED_REFERENCE,700-place registry administrative hierarchy,READY_NONSPATIAL
NG-ADM-CAND-000049,NGP-000130,TOWNSHIP,Mill Crag,NGP-000088,NGR-02,BOUNDARY_PENDING_LEGALIZATION,,PROVISIONAL,SHARED_REFERENCE,700-place registry administrative hierarchy,READY_NONSPATIAL
NG-ADM-CAND-000050,NGP-000131,TOWNSHIP,East Pinebarrow,NGP-000089,NGR-02,BOUNDARY_PENDING_LEGALIZATION,,PROVISIONAL,SHARED_REFERENCE,700-place registry administrative hierarchy,READY_NONSPATIAL
NG-ADM-CAND-000051,NGP-000132,TOWNSHIP,Woodcutters' Line,NGP-000089,NGR-02,BOUNDARY_PENDING_LEGALIZATION,,PROVISIONAL,SHARED_REFERENCE,700-place registry administrative hierarchy,READY_NONSPATIAL
NG-ADM-CAND-000052,NGP-000133,TOWNSHIP,Briar Junction,NGP-000089,NGR-02,BOUNDARY_PENDING_LEGALIZATION,,PROVISIONAL,SHARED_REFERENCE,700-place registry administrative hierarchy,READY_NONSPATIAL
NG-ADM-CAND-000053,NGP-000169,INDUSTRIAL_ZONE,Cloudworks Industrial Park,NGP-000086,NGR-02,BOUNDARY_PENDING_LEGALIZATION,,PROVISIONAL,SHARED_REFERENCE,700-place registry administrative hierarchy,READY_NONSPATIAL
NG-ADM-CAND-000054,NGP-000170,INDUSTRIAL_ZONE,Granite Rail Estate,NGP-000088,NGR-02,BOUNDARY_PENDING_LEGALIZATION,,PROVISIONAL,SHARED_REFERENCE,700-place registry administrative hierarchy,READY_NONSPATIAL
NG-ADM-CAND-000055,NGP-000173,CITY,Vondara,NGR-03,NGR-03,BOUNDARY_PENDING_LEGALIZATION,,PROVISIONAL,SHARED_REFERENCE,700-place registry administrative hierarchy,READY_NONSPATIAL
NG-ADM-CAND-000056,NGP-000174,MUNICIPALITY,Greenbarrow,NGR-03,NGR-03,BOUNDARY_PENDING_LEGALIZATION,,PROVISIONAL,SHARED_REFERENCE,700-place registry administrative hierarchy,READY_NONSPATIAL
NG-ADM-CAND-000057,NGP-000175,MUNICIPALITY,Kestrel Plain,NGR-03,NGR-03,BOUNDARY_PENDING_LEGALIZATION,,PROVISIONAL,SHARED_REFERENCE,700-place registry administrative hierarchy,READY_NONSPATIAL
NG-ADM-CAND-000058,NGP-000176,MUNICIPALITY,Solmere,NGR-03,NGR-03,BOUNDARY_PENDING_LEGALIZATION,,PROVISIONAL,SHARED_REFERENCE,700-place registry administrative hierarchy,READY_NONSPATIAL
NG-ADM-CAND-000059,NGP-000177,CITY_DISTRICT,Vondara Central,NGP-000173,NGR-03,BOUNDARY_PENDING_LEGALIZATION,,PROVISIONAL,SHARED_REFERENCE,700-place registry administrative hierarchy,READY_NONSPATIAL
NG-ADM-CAND-000060,NGP-000178,CITY_DISTRICT,Grain Exchange,NGP-000173,NGR-03,BOUNDARY_PENDING_LEGALIZATION,,PROVISIONAL,SHARED_REFERENCE,700-place registry administrative hierarchy,READY_NONSPATIAL
NG-ADM-CAND-000061,NGP-000179,CITY_DISTRICT,Copperleaf Ward,NGP-000173,NGR-03,BOUNDARY_PENDING_LEGALIZATION,,PROVISIONAL,SHARED_REFERENCE,700-place registry administrative hierarchy,READY_NONSPATIAL
NG-ADM-CAND-000062,NGP-000180,CITY_DISTRICT,Makers' Quarter,NGP-000173,NGR-03,BOUNDARY_PENDING_LEGALIZATION,,PROVISIONAL,SHARED_REFERENCE,700-place registry administrative hierarchy,READY_NONSPATIAL
NG-ADM-CAND-000063,NGP-000181,CITY_DISTRICT,East Viaduct,NGP-000173,NGR-03,BOUNDARY_PENDING_LEGALIZATION,,PROVISIONAL,SHARED_REFERENCE,700-place registry administrative hierarchy,READY_NONSPATIAL
NG-ADM-CAND-000064,NGP-000182,CITY_DISTRICT,Old Granary,NGP-000173,NGR-03,BOUNDARY_PENDING_LEGALIZATION,,PROVISIONAL,SHARED_REFERENCE,700-place registry administrative hierarchy,READY_NONSPATIAL
NG-ADM-CAND-000065,NGP-000183,CITY_DISTRICT,Innovation Loop,NGP-000173,NGR-03,BOUNDARY_PENDING_LEGALIZATION,,PROVISIONAL,SHARED_REFERENCE,700-place registry administrative hierarchy,READY_NONSPATIAL
NG-ADM-CAND-000066,NGP-000184,CITY_DISTRICT,Grand Station,NGP-000173,NGR-03,BOUNDARY_PENDING_LEGALIZATION,,PROVISIONAL,SHARED_REFERENCE,700-place registry administrative hierarchy,READY_NONSPATIAL
NG-ADM-CAND-000067,NGP-000212,TOWNSHIP,Vondel Junction,NGP-000174,NGR-03,BOUNDARY_PENDING_LEGALIZATION,,PROVISIONAL,SHARED_REFERENCE,700-place registry administrative hierarchy,READY_NONSPATIAL
NG-ADM-CAND-000068,NGP-000213,TOWNSHIP,Meadow Junction,NGP-000174,NGR-03,BOUNDARY_PENDING_LEGALIZATION,,PROVISIONAL,SHARED_REFERENCE,700-place registry administrative hierarchy,READY_NONSPATIAL
NG-ADM-CAND-000069,NGP-000214,TOWNSHIP,Grainview,NGP-000174,NGR-03,BOUNDARY_PENDING_LEGALIZATION,,PROVISIONAL,SHARED_REFERENCE,700-place registry administrative hierarchy,READY_NONSPATIAL
NG-ADM-CAND-000070,NGP-000215,TOWNSHIP,Kestrel East,NGP-000175,NGR-03,BOUNDARY_PENDING_LEGALIZATION,,PROVISIONAL,SHARED_REFERENCE,700-place registry administrative hierarchy,READY_NONSPATIAL
NG-ADM-CAND-000071,NGP-000216,TOWNSHIP,Windmill Row,NGP-000175,NGR-03,BOUNDARY_PENDING_LEGALIZATION,,PROVISIONAL,SHARED_REFERENCE,700-place registry administrative hierarchy,READY_NONSPATIAL
NG-ADM-CAND-000072,NGP-000217,TOWNSHIP,Broadacre South,NGP-000175,NGR-03,BOUNDARY_PENDING_LEGALIZATION,,PROVISIONAL,SHARED_REFERENCE,700-place registry administrative hierarchy,READY_NONSPATIAL
NG-ADM-CAND-000073,NGP-000218,TOWNSHIP,Solmere Gate,NGP-000176,NGR-03,BOUNDARY_PENDING_LEGALIZATION,,PROVISIONAL,SHARED_REFERENCE,700-place registry administrative hierarchy,READY_NONSPATIAL
NG-ADM-CAND-000074,NGP-000219,TOWNSHIP,Ashkar Cross,NGP-000176,NGR-03,BOUNDARY_PENDING_LEGALIZATION,,PROVISIONAL,SHARED_REFERENCE,700-place registry administrative hierarchy,READY_NONSPATIAL
NG-ADM-CAND-000075,NGP-000220,TOWNSHIP,Cider Station,NGP-000176,NGR-03,BOUNDARY_PENDING_LEGALIZATION,,PROVISIONAL,SHARED_REFERENCE,700-place registry administrative hierarchy,READY_NONSPATIAL
NG-ADM-CAND-000076,NGP-000256,INDUSTRIAL_ZONE,Vondara AgroTech Park,NGP-000173,NGR-03,BOUNDARY_PENDING_LEGALIZATION,,PROVISIONAL,SHARED_REFERENCE,700-place registry administrative hierarchy,READY_NONSPATIAL
NG-ADM-CAND-000077,NGP-000257,INDUSTRIAL_ZONE,Kestrel Freight Estate,NGP-000175,NGR-03,BOUNDARY_PENDING_LEGALIZATION,,PROVISIONAL,SHARED_REFERENCE,700-place registry administrative hierarchy,READY_NONSPATIAL
NG-ADM-CAND-000078,NGP-000258,CITY,Silvermere,NGR-04,NGR-04,BOUNDARY_PENDING_LEGALIZATION,,PROVISIONAL,SHARED_REFERENCE,700-place registry administrative hierarchy,READY_NONSPATIAL
NG-ADM-CAND-000079,NGP-000259,MUNICIPALITY,Nyandor,NGR-04,NGR-04,BOUNDARY_PENDING_LEGALIZATION,,PROVISIONAL,SHARED_REFERENCE,700-place registry administrative hierarchy,READY_NONSPATIAL
NG-ADM-CAND-000080,NGP-000260,MUNICIPALITY,Reedhaven,NGR-04,NGR-04,BOUNDARY_PENDING_LEGALIZATION,,PROVISIONAL,SHARED_REFERENCE,700-place registry administrative hierarchy,READY_NONSPATIAL
NG-ADM-CAND-000081,NGP-000261,MUNICIPALITY,Lakemarch,NGR-04,NGR-04,BOUNDARY_PENDING_LEGALIZATION,,PROVISIONAL,SHARED_REFERENCE,700-place registry administrative hierarchy,READY_NONSPATIAL
NG-ADM-CAND-000082,NGP-000262,CITY_DISTRICT,Silvermere Central,NGP-000258,NGR-04,BOUNDARY_PENDING_LEGALIZATION,,PROVISIONAL,SHARED_REFERENCE,700-place registry administrative hierarchy,READY_NONSPATIAL
NG-ADM-CAND-000083,NGP-000263,CITY_DISTRICT,Lakefront Exchange,NGP-000258,NGR-04,BOUNDARY_PENDING_LEGALIZATION,,PROVISIONAL,SHARED_REFERENCE,700-place registry administrative hierarchy,READY_NONSPATIAL
NG-ADM-CAND-000084,NGP-000264,CITY_DISTRICT,Reedbank Ward,NGP-000258,NGR-04,BOUNDARY_PENDING_LEGALIZATION,,PROVISIONAL,SHARED_REFERENCE,700-place registry administrative hierarchy,READY_NONSPATIAL
NG-ADM-CAND-000085,NGP-000265,CITY_DISTRICT,Canal Quarter,NGP-000258,NGR-04,BOUNDARY_PENDING_LEGALIZATION,,PROVISIONAL,SHARED_REFERENCE,700-place registry administrative hierarchy,READY_NONSPATIAL
NG-ADM-CAND-000086,NGP-000266,CITY_DISTRICT,Old Ferry,NGP-000258,NGR-04,BOUNDARY_PENDING_LEGALIZATION,,PROVISIONAL,SHARED_REFERENCE,700-place registry administrative hierarchy,READY_NONSPATIAL
NG-ADM-CAND-000087,NGP-000267,CITY_DISTRICT,Civic Isles,NGP-000258,NGR-04,BOUNDARY_PENDING_LEGALIZATION,,PROVISIONAL,SHARED_REFERENCE,700-place registry administrative hierarchy,READY_NONSPATIAL
NG-ADM-CAND-000088,NGP-000268,CITY_DISTRICT,Museum Reach,NGP-000258,NGR-04,BOUNDARY_PENDING_LEGALIZATION,,PROVISIONAL,SHARED_REFERENCE,700-place registry administrative hierarchy,READY_NONSPATIAL
NG-ADM-CAND-000089,NGP-000269,CITY_DISTRICT,West Quays,NGP-000258,NGR-04,BOUNDARY_PENDING_LEGALIZATION,,PROVISIONAL,SHARED_REFERENCE,700-place registry administrative hierarchy,READY_NONSPATIAL
NG-ADM-CAND-000090,NGP-000297,TOWNSHIP,Nyandor Landing,NGP-000259,NGR-04,BOUNDARY_PENDING_LEGALIZATION,,PROVISIONAL,SHARED_REFERENCE,700-place registry administrative hierarchy,READY_NONSPATIAL
NG-ADM-CAND-000091,NGP-000298,TOWNSHIP,Reedline,NGP-000259,NGR-04,BOUNDARY_PENDING_LEGALIZATION,,PROVISIONAL,SHARED_REFERENCE,700-place registry administrative hierarchy,READY_NONSPATIAL
NG-ADM-CAND-000092,NGP-000299,TOWNSHIP,Nyan Cross,NGP-000259,NGR-04,BOUNDARY_PENDING_LEGALIZATION,,PROVISIONAL,SHARED_REFERENCE,700-place registry administrative hierarchy,READY_NONSPATIAL
NG-ADM-CAND-000093,NGP-000300,TOWNSHIP,South Reedhaven,NGP-000260,NGR-04,BOUNDARY_PENDING_LEGALIZATION,,PROVISIONAL,SHARED_REFERENCE,700-place registry administrative hierarchy,READY_NONSPATIAL
NG-ADM-CAND-000094,NGP-000301,TOWNSHIP,Lotus Junction,NGP-000260,NGR-04,BOUNDARY_PENDING_LEGALIZATION,,PROVISIONAL,SHARED_REFERENCE,700-place registry administrative hierarchy,READY_NONSPATIAL
NG-ADM-CAND-000095,NGP-000302,TOWNSHIP,Heron Steps,NGP-000260,NGR-04,BOUNDARY_PENDING_LEGALIZATION,,PROVISIONAL,SHARED_REFERENCE,700-place registry administrative hierarchy,READY_NONSPATIAL
NG-ADM-CAND-000096,NGP-000303,TOWNSHIP,Lakemarch East,NGP-000261,NGR-04,BOUNDARY_PENDING_LEGALIZATION,,PROVISIONAL,SHARED_REFERENCE,700-place registry administrative hierarchy,READY_NONSPATIAL
NG-ADM-CAND-000097,NGP-000304,TOWNSHIP,Lowwater Bend,NGP-000261,NGR-04,BOUNDARY_PENDING_LEGALIZATION,,PROVISIONAL,SHARED_REFERENCE,700-place registry administrative hierarchy,READY_NONSPATIAL
NG-ADM-CAND-000098,NGP-000305,TOWNSHIP,Canal End,NGP-000261,NGR-04,BOUNDARY_PENDING_LEGALIZATION,,PROVISIONAL,SHARED_REFERENCE,700-place registry administrative hierarchy,READY_NONSPATIAL
NG-ADM-CAND-000099,NGP-000341,INDUSTRIAL_ZONE,Lakeport Works,NGP-000258,NGR-04,BOUNDARY_PENDING_LEGALIZATION,,PROVISIONAL,SHARED_REFERENCE,700-place registry administrative hierarchy,READY_NONSPATIAL
NG-ADM-CAND-000100,NGP-000342,INDUSTRIAL_ZONE,Reedbank Cold-Chain Park,NGP-000260,NGR-04,BOUNDARY_PENDING_LEGALIZATION,,PROVISIONAL,SHARED_REFERENCE,700-place registry administrative hierarchy,READY_NONSPATIAL
NG-ADM-CAND-000101,NGP-000346,CITY,Tekharo,NGR-05,NGR-05,BOUNDARY_PENDING_LEGALIZATION,,PROVISIONAL,SHARED_REFERENCE,700-place registry administrative hierarchy,READY_NONSPATIAL
NG-ADM-CAND-000102,NGP-000347,MUNICIPALITY,Canopy Reach,NGR-05,NGR-05,BOUNDARY_PENDING_LEGALIZATION,,PROVISIONAL,SHARED_REFERENCE,700-place registry administrative hierarchy,READY_NONSPATIAL
NG-ADM-CAND-000103,NGP-000348,MUNICIPALITY,Ashara,NGR-05,NGR-05,BOUNDARY_PENDING_LEGALIZATION,,PROVISIONAL,SHARED_REFERENCE,700-place registry administrative hierarchy,READY_NONSPATIAL
NG-ADM-CAND-000104,NGP-000349,MUNICIPALITY,Mossbridge,NGR-05,NGR-05,BOUNDARY_PENDING_LEGALIZATION,,PROVISIONAL,SHARED_REFERENCE,700-place registry administrative hierarchy,READY_NONSPATIAL
NG-ADM-CAND-000105,NGP-000350,CITY_DISTRICT,Tekharo Central,NGP-000346,NGR-05,BOUNDARY_PENDING_LEGALIZATION,,PROVISIONAL,SHARED_REFERENCE,700-place registry administrative hierarchy,READY_NONSPATIAL
NG-ADM-CAND-000106,NGP-000351,CITY_DISTRICT,Canopy Exchange,NGP-000346,NGR-05,BOUNDARY_PENDING_LEGALIZATION,,PROVISIONAL,SHARED_REFERENCE,700-place registry administrative hierarchy,READY_NONSPATIAL
NG-ADM-CAND-000107,NGP-000352,CITY_DISTRICT,Research Grove,NGP-000346,NGR-05,BOUNDARY_PENDING_LEGALIZATION,,PROVISIONAL,SHARED_REFERENCE,700-place registry administrative hierarchy,READY_NONSPATIAL
NG-ADM-CAND-000108,NGP-000353,CITY_DISTRICT,River Gate,NGP-000346,NGR-05,BOUNDARY_PENDING_LEGALIZATION,,PROVISIONAL,SHARED_REFERENCE,700-place registry administrative hierarchy,READY_NONSPATIAL
NG-ADM-CAND-000109,NGP-000354,CITY_DISTRICT,Old Timber,NGP-000346,NGR-05,BOUNDARY_PENDING_LEGALIZATION,,PROVISIONAL,SHARED_REFERENCE,700-place registry administrative hierarchy,READY_NONSPATIAL
NG-ADM-CAND-000110,NGP-000355,CITY_DISTRICT,Botanical Ward,NGP-000346,NGR-05,BOUNDARY_PENDING_LEGALIZATION,,PROVISIONAL,SHARED_REFERENCE,700-place registry administrative hierarchy,READY_NONSPATIAL
NG-ADM-CAND-000111,NGP-000356,CITY_DISTRICT,East Tram,NGP-000346,NGR-05,BOUNDARY_PENDING_LEGALIZATION,,PROVISIONAL,SHARED_REFERENCE,700-place registry administrative hierarchy,READY_NONSPATIAL
NG-ADM-CAND-000112,NGP-000357,CITY_DISTRICT,Rainmarket,NGP-000346,NGR-05,BOUNDARY_PENDING_LEGALIZATION,,PROVISIONAL,SHARED_REFERENCE,700-place registry administrative hierarchy,READY_NONSPATIAL
NG-ADM-CAND-000113,NGP-000385,TOWNSHIP,Canopy Lower,NGP-000347,NGR-05,BOUNDARY_PENDING_LEGALIZATION,,PROVISIONAL,SHARED_REFERENCE,700-place registry administrative hierarchy,READY_NONSPATIAL
NG-ADM-CAND-000114,NGP-000386,TOWNSHIP,Rainsong Junction,NGP-000347,NGR-05,BOUNDARY_PENDING_LEGALIZATION,,PROVISIONAL,SHARED_REFERENCE,700-place registry administrative hierarchy,READY_NONSPATIAL
NG-ADM-CAND-000115,NGP-000387,TOWNSHIP,Cedar Clearing,NGP-000347,NGR-05,BOUNDARY_PENDING_LEGALIZATION,,PROVISIONAL,SHARED_REFERENCE,700-place registry administrative hierarchy,READY_NONSPATIAL
NG-ADM-CAND-000116,NGP-000388,TOWNSHIP,Ashara East,NGP-000348,NGR-05,BOUNDARY_PENDING_LEGALIZATION,,PROVISIONAL,SHARED_REFERENCE,700-place registry administrative hierarchy,READY_NONSPATIAL
NG-ADM-CAND-000117,NGP-000389,TOWNSHIP,Tekkan Row,NGP-000348,NGR-05,BOUNDARY_PENDING_LEGALIZATION,,PROVISIONAL,SHARED_REFERENCE,700-place registry administrative hierarchy,READY_NONSPATIAL
NG-ADM-CAND-000118,NGP-000390,TOWNSHIP,Marula Crossing,NGP-000348,NGR-05,BOUNDARY_PENDING_LEGALIZATION,,PROVISIONAL,SHARED_REFERENCE,700-place registry administrative hierarchy,READY_NONSPATIAL
NG-ADM-CAND-000119,NGP-000391,TOWNSHIP,Mossbridge South,NGP-000349,NGR-05,BOUNDARY_PENDING_LEGALIZATION,,PROVISIONAL,SHARED_REFERENCE,700-place registry administrative hierarchy,READY_NONSPATIAL
NG-ADM-CAND-000120,NGP-000392,TOWNSHIP,Fernline,NGP-000349,NGR-05,BOUNDARY_PENDING_LEGALIZATION,,PROVISIONAL,SHARED_REFERENCE,700-place registry administrative hierarchy,READY_NONSPATIAL
NG-ADM-CAND-000121,NGP-000393,TOWNSHIP,Timber Camp,NGP-000349,NGR-05,BOUNDARY_PENDING_LEGALIZATION,,PROVISIONAL,SHARED_REFERENCE,700-place registry administrative hierarchy,READY_NONSPATIAL
NG-ADM-CAND-000122,NGP-000429,INDUSTRIAL_ZONE,Tekharo BioWorks Campus,NGP-000346,NGR-05,BOUNDARY_PENDING_LEGALIZATION,,PROVISIONAL,SHARED_REFERENCE,700-place registry administrative hierarchy,READY_NONSPATIAL
NG-ADM-CAND-000123,NGP-000430,INDUSTRIAL_ZONE,Timberloop Industrial Estate,NGP-000348,NGR-05,BOUNDARY_PENDING_LEGALIZATION,,PROVISIONAL,SHARED_REFERENCE,700-place registry administrative hierarchy,READY_NONSPATIAL
NG-ADM-CAND-000124,NGP-000432,CITY,Redhaven,NGR-06,NGR-06,BOUNDARY_PENDING_LEGALIZATION,,PROVISIONAL,SHARED_REFERENCE,700-place registry administrative hierarchy,READY_NONSPATIAL
NG-ADM-CAND-000125,NGP-000433,MUNICIPALITY,Zarqen,NGR-06,NGR-06,BOUNDARY_PENDING_LEGALIZATION,,PROVISIONAL,SHARED_REFERENCE,700-place registry administrative hierarchy,READY_NONSPATIAL
NG-ADM-CAND-000126,NGP-000434,MUNICIPALITY,Dustmere,NGR-06,NGR-06,BOUNDARY_PENDING_LEGALIZATION,,PROVISIONAL,SHARED_REFERENCE,700-place registry administrative hierarchy,READY_NONSPATIAL
NG-ADM-CAND-000127,NGP-000435,MUNICIPALITY,Sunward,NGR-06,NGR-06,BOUNDARY_PENDING_LEGALIZATION,,PROVISIONAL,SHARED_REFERENCE,700-place registry administrative hierarchy,READY_NONSPATIAL
NG-ADM-CAND-000128,NGP-000436,CITY_DISTRICT,Redhaven Central,NGP-000432,NGR-06,BOUNDARY_PENDING_LEGALIZATION,,PROVISIONAL,SHARED_REFERENCE,700-place registry administrative hierarchy,READY_NONSPATIAL
NG-ADM-CAND-000129,NGP-000437,CITY_DISTRICT,Caravan Exchange,NGP-000432,NGR-06,BOUNDARY_PENDING_LEGALIZATION,,PROVISIONAL,SHARED_REFERENCE,700-place registry administrative hierarchy,READY_NONSPATIAL
NG-ADM-CAND-000130,NGP-000438,CITY_DISTRICT,Solar Ward,NGP-000432,NGR-06,BOUNDARY_PENDING_LEGALIZATION,,PROVISIONAL,SHARED_REFERENCE,700-place registry administrative hierarchy,READY_NONSPATIAL
NG-ADM-CAND-000131,NGP-000439,CITY_DISTRICT,Railhead,NGP-000432,NGR-06,BOUNDARY_PENDING_LEGALIZATION,,PROVISIONAL,SHARED_REFERENCE,700-place registry administrative hierarchy,READY_NONSPATIAL
NG-ADM-CAND-000132,NGP-000440,CITY_DISTRICT,Old Wells,NGP-000432,NGR-06,BOUNDARY_PENDING_LEGALIZATION,,PROVISIONAL,SHARED_REFERENCE,700-place registry administrative hierarchy,READY_NONSPATIAL
NG-ADM-CAND-000133,NGP-000441,CITY_DISTRICT,South Bazaar,NGP-000432,NGR-06,BOUNDARY_PENDING_LEGALIZATION,,PROVISIONAL,SHARED_REFERENCE,700-place registry administrative hierarchy,READY_NONSPATIAL
NG-ADM-CAND-000134,NGP-000442,CITY_DISTRICT,Civic Mesa,NGP-000432,NGR-06,BOUNDARY_PENDING_LEGALIZATION,,PROVISIONAL,SHARED_REFERENCE,700-place registry administrative hierarchy,READY_NONSPATIAL
NG-ADM-CAND-000135,NGP-000443,CITY_DISTRICT,Copper Dunes,NGP-000432,NGR-06,BOUNDARY_PENDING_LEGALIZATION,,PROVISIONAL,SHARED_REFERENCE,700-place registry administrative hierarchy,READY_NONSPATIAL
NG-ADM-CAND-000136,NGP-000471,TOWNSHIP,Zarqen South,NGP-000433,NGR-06,BOUNDARY_PENDING_LEGALIZATION,,PROVISIONAL,SHARED_REFERENCE,700-place registry administrative hierarchy,READY_NONSPATIAL
NG-ADM-CAND-000137,NGP-000472,TOWNSHIP,Baric Cross,NGP-000433,NGR-06,BOUNDARY_PENDING_LEGALIZATION,,PROVISIONAL,SHARED_REFERENCE,700-place registry administrative hierarchy,READY_NONSPATIAL
NG-ADM-CAND-000138,NGP-000473,TOWNSHIP,Camel Bell,NGP-000433,NGR-06,BOUNDARY_PENDING_LEGALIZATION,,PROVISIONAL,SHARED_REFERENCE,700-place registry administrative hierarchy,READY_NONSPATIAL
NG-ADM-CAND-000139,NGP-000474,TOWNSHIP,Dustmere East,NGP-000434,NGR-06,BOUNDARY_PENDING_LEGALIZATION,,PROVISIONAL,SHARED_REFERENCE,700-place registry administrative hierarchy,READY_NONSPATIAL
NG-ADM-CAND-000140,NGP-000475,TOWNSHIP,Saltpan Row,NGP-000434,NGR-06,BOUNDARY_PENDING_LEGALIZATION,,PROVISIONAL,SHARED_REFERENCE,700-place registry administrative hierarchy,READY_NONSPATIAL
NG-ADM-CAND-000141,NGP-000476,TOWNSHIP,Thorn Junction,NGP-000434,NGR-06,BOUNDARY_PENDING_LEGALIZATION,,PROVISIONAL,SHARED_REFERENCE,700-place registry administrative hierarchy,READY_NONSPATIAL
NG-ADM-CAND-000142,NGP-000477,TOWNSHIP,Sunward Gate,NGP-000435,NGR-06,BOUNDARY_PENDING_LEGALIZATION,,PROVISIONAL,SHARED_REFERENCE,700-place registry administrative hierarchy,READY_NONSPATIAL
NG-ADM-CAND-000143,NGP-000478,TOWNSHIP,Oasis Line,NGP-000435,NGR-06,BOUNDARY_PENDING_LEGALIZATION,,PROVISIONAL,SHARED_REFERENCE,700-place registry administrative hierarchy,READY_NONSPATIAL
NG-ADM-CAND-000144,NGP-000479,TOWNSHIP,Cinder Camp,NGP-000435,NGR-06,BOUNDARY_PENDING_LEGALIZATION,,PROVISIONAL,SHARED_REFERENCE,700-place registry administrative hierarchy,READY_NONSPATIAL
NG-ADM-CAND-000145,NGP-000515,INDUSTRIAL_ZONE,Solar Foundry Zone,NGP-000432,NGR-06,BOUNDARY_PENDING_LEGALIZATION,,PROVISIONAL,SHARED_REFERENCE,700-place registry administrative hierarchy,READY_NONSPATIAL
NG-ADM-CAND-000146,NGP-000516,INDUSTRIAL_ZONE,Redhaven Dryport Estate,NGP-000434,NGR-06,BOUNDARY_PENDING_LEGALIZATION,,PROVISIONAL,SHARED_REFERENCE,700-place registry administrative hierarchy,READY_NONSPATIAL
NG-ADM-CAND-000147,NGP-000518,CITY,Lysora,NGR-07,NGR-07,BOUNDARY_PENDING_LEGALIZATION,,PROVISIONAL,SHARED_REFERENCE,700-place registry administrative hierarchy,READY_NONSPATIAL
NG-ADM-CAND-000148,NGP-000519,MUNICIPALITY,Coral Bay,NGR-07,NGR-07,BOUNDARY_PENDING_LEGALIZATION,,PROVISIONAL,SHARED_REFERENCE,700-place registry administrative hierarchy,READY_NONSPATIAL
NG-ADM-CAND-000149,NGP-000520,MUNICIPALITY,El-Maren,NGR-07,NGR-07,BOUNDARY_PENDING_LEGALIZATION,,PROVISIONAL,SHARED_REFERENCE,700-place registry administrative hierarchy,READY_NONSPATIAL
NG-ADM-CAND-000150,NGP-000521,MUNICIPALITY,Seacliff,NGR-07,NGR-07,BOUNDARY_PENDING_LEGALIZATION,,PROVISIONAL,SHARED_REFERENCE,700-place registry administrative hierarchy,READY_NONSPATIAL
NG-ADM-CAND-000151,NGP-000522,CITY_DISTRICT,Lysora Central,NGP-000518,NGR-07,BOUNDARY_PENDING_LEGALIZATION,,PROVISIONAL,SHARED_REFERENCE,700-place registry administrative hierarchy,READY_NONSPATIAL
NG-ADM-CAND-000152,NGP-000523,CITY_DISTRICT,Coral Exchange,NGP-000518,NGR-07,BOUNDARY_PENDING_LEGALIZATION,,PROVISIONAL,SHARED_REFERENCE,700-place registry administrative hierarchy,READY_NONSPATIAL
NG-ADM-CAND-000153,NGP-000524,CITY_DISTRICT,Old Harbour,NGP-000518,NGR-07,BOUNDARY_PENDING_LEGALIZATION,,PROVISIONAL,SHARED_REFERENCE,700-place registry administrative hierarchy,READY_NONSPATIAL
NG-ADM-CAND-000154,NGP-000525,CITY_DISTRICT,Artisans' Quay,NGP-000518,NGR-07,BOUNDARY_PENDING_LEGALIZATION,,PROVISIONAL,SHARED_REFERENCE,700-place registry administrative hierarchy,READY_NONSPATIAL
NG-ADM-CAND-000155,NGP-000526,CITY_DISTRICT,Crescent Beach,NGP-000518,NGR-07,BOUNDARY_PENDING_LEGALIZATION,,PROVISIONAL,SHARED_REFERENCE,700-place registry administrative hierarchy,READY_NONSPATIAL
NG-ADM-CAND-000156,NGP-000527,CITY_DISTRICT,Embassy Shore,NGP-000518,NGR-07,BOUNDARY_PENDING_LEGALIZATION,,PROVISIONAL,SHARED_REFERENCE,700-place registry administrative hierarchy,READY_NONSPATIAL
NG-ADM-CAND-000157,NGP-000528,CITY_DISTRICT,Marina Ward,NGP-000518,NGR-07,BOUNDARY_PENDING_LEGALIZATION,,PROVISIONAL,SHARED_REFERENCE,700-place registry administrative hierarchy,READY_NONSPATIAL
NG-ADM-CAND-000158,NGP-000529,CITY_DISTRICT,Lighthouse Hill,NGP-000518,NGR-07,BOUNDARY_PENDING_LEGALIZATION,,PROVISIONAL,SHARED_REFERENCE,700-place registry administrative hierarchy,READY_NONSPATIAL
NG-ADM-CAND-000159,NGP-000557,TOWNSHIP,Coral Bay East,NGP-000519,NGR-07,BOUNDARY_PENDING_LEGALIZATION,,PROVISIONAL,SHARED_REFERENCE,700-place registry administrative hierarchy,READY_NONSPATIAL
NG-ADM-CAND-000160,NGP-000558,TOWNSHIP,Azura Point,NGP-000519,NGR-07,BOUNDARY_PENDING_LEGALIZATION,,PROVISIONAL,SHARED_REFERENCE,700-place registry administrative hierarchy,READY_NONSPATIAL
NG-ADM-CAND-000161,NGP-000559,TOWNSHIP,Reefline,NGP-000519,NGR-07,BOUNDARY_PENDING_LEGALIZATION,,PROVISIONAL,SHARED_REFERENCE,700-place registry administrative hierarchy,READY_NONSPATIAL
NG-ADM-CAND-000162,NGP-000560,TOWNSHIP,El-Maren South,NGP-000520,NGR-07,BOUNDARY_PENDING_LEGALIZATION,,PROVISIONAL,SHARED_REFERENCE,700-place registry administrative hierarchy,READY_NONSPATIAL
NG-ADM-CAND-000163,NGP-000561,TOWNSHIP,Marenya Cross,NGP-000520,NGR-07,BOUNDARY_PENDING_LEGALIZATION,,PROVISIONAL,SHARED_REFERENCE,700-place registry administrative hierarchy,READY_NONSPATIAL
NG-ADM-CAND-000164,NGP-000562,TOWNSHIP,Pearl Row,NGP-000520,NGR-07,BOUNDARY_PENDING_LEGALIZATION,,PROVISIONAL,SHARED_REFERENCE,700-place registry administrative hierarchy,READY_NONSPATIAL
NG-ADM-CAND-000165,NGP-000563,TOWNSHIP,Seacliff Lower,NGP-000521,NGR-07,BOUNDARY_PENDING_LEGALIZATION,,PROVISIONAL,SHARED_REFERENCE,700-place registry administrative hierarchy,READY_NONSPATIAL
NG-ADM-CAND-000166,NGP-000564,TOWNSHIP,Windport Gate,NGP-000521,NGR-07,BOUNDARY_PENDING_LEGALIZATION,,PROVISIONAL,SHARED_REFERENCE,700-place registry administrative hierarchy,READY_NONSPATIAL
NG-ADM-CAND-000167,NGP-000565,TOWNSHIP,Blue Cape End,NGP-000521,NGR-07,BOUNDARY_PENDING_LEGALIZATION,,PROVISIONAL,SHARED_REFERENCE,700-place registry administrative hierarchy,READY_NONSPATIAL
NG-ADM-CAND-000168,NGP-000601,INDUSTRIAL_ZONE,BlueHarbor Trade Park,NGP-000518,NGR-07,BOUNDARY_PENDING_LEGALIZATION,,PROVISIONAL,SHARED_REFERENCE,700-place registry administrative hierarchy,READY_NONSPATIAL
NG-ADM-CAND-000169,NGP-000602,INDUSTRIAL_ZONE,Coral Foods Estate,NGP-000520,NGR-07,BOUNDARY_PENDING_LEGALIZATION,,PROVISIONAL,SHARED_REFERENCE,700-place registry administrative hierarchy,READY_NONSPATIAL
NG-ADM-CAND-000170,NGP-000609,CITY,Port Meridian,NGR-08,NGR-08,BOUNDARY_PENDING_LEGALIZATION,,PROVISIONAL,SHARED_REFERENCE,700-place registry administrative hierarchy,READY_NONSPATIAL
NG-ADM-CAND-000171,NGP-000610,MUNICIPALITY,Sabarin,NGR-08,NGR-08,BOUNDARY_PENDING_LEGALIZATION,,PROVISIONAL,SHARED_REFERENCE,700-place registry administrative hierarchy,READY_NONSPATIAL
NG-ADM-CAND-000172,NGP-000611,MUNICIPALITY,Tidecross,NGR-08,NGR-08,BOUNDARY_PENDING_LEGALIZATION,,PROVISIONAL,SHARED_REFERENCE,700-place registry administrative hierarchy,READY_NONSPATIAL
NG-ADM-CAND-000173,NGP-000612,MUNICIPALITY,New Moriah,NGR-08,NGR-08,BOUNDARY_PENDING_LEGALIZATION,,PROVISIONAL,SHARED_REFERENCE,700-place registry administrative hierarchy,READY_NONSPATIAL
NG-ADM-CAND-000174,NGP-000613,CITY_DISTRICT,Meridian Central,NGP-000609,NGR-08,BOUNDARY_PENDING_LEGALIZATION,,PROVISIONAL,SHARED_REFERENCE,700-place registry administrative hierarchy,READY_NONSPATIAL
NG-ADM-CAND-000175,NGP-000614,CITY_DISTRICT,Docklands,NGP-000609,NGR-08,BOUNDARY_PENDING_LEGALIZATION,,PROVISIONAL,SHARED_REFERENCE,700-place registry administrative hierarchy,READY_NONSPATIAL
NG-ADM-CAND-000176,NGP-000615,CITY_DISTRICT,Customs Quarter,NGP-000609,NGR-08,BOUNDARY_PENDING_LEGALIZATION,,PROVISIONAL,SHARED_REFERENCE,700-place registry administrative hierarchy,READY_NONSPATIAL
NG-ADM-CAND-000177,NGP-000616,CITY_DISTRICT,Gulf Exchange,NGP-000609,NGR-08,BOUNDARY_PENDING_LEGALIZATION,,PROVISIONAL,SHARED_REFERENCE,700-place registry administrative hierarchy,READY_NONSPATIAL
NG-ADM-CAND-000178,NGP-000617,CITY_DISTRICT,Old Shipyard,NGP-000609,NGR-08,BOUNDARY_PENDING_LEGALIZATION,,PROVISIONAL,SHARED_REFERENCE,700-place registry administrative hierarchy,READY_NONSPATIAL
NG-ADM-CAND-000179,NGP-000618,CITY_DISTRICT,Freeport Ward,NGP-000609,NGR-08,BOUNDARY_PENDING_LEGALIZATION,,PROVISIONAL,SHARED_REFERENCE,700-place registry administrative hierarchy,READY_NONSPATIAL
NG-ADM-CAND-000180,NGP-000619,CITY_DISTRICT,Harbor Nine,NGP-000609,NGR-08,BOUNDARY_PENDING_LEGALIZATION,,PROVISIONAL,SHARED_REFERENCE,700-place registry administrative hierarchy,READY_NONSPATIAL
NG-ADM-CAND-000181,NGP-000620,CITY_DISTRICT,East Terminal,NGP-000609,NGR-08,BOUNDARY_PENDING_LEGALIZATION,,PROVISIONAL,SHARED_REFERENCE,700-place registry administrative hierarchy,READY_NONSPATIAL
NG-ADM-CAND-000182,NGP-000648,TOWNSHIP,Sabarin East,NGP-000610,NGR-08,BOUNDARY_PENDING_LEGALIZATION,,PROVISIONAL,SHARED_REFERENCE,700-place registry administrative hierarchy,READY_NONSPATIAL
NG-ADM-CAND-000183,NGP-000649,TOWNSHIP,Sabara Wharf,NGP-000610,NGR-08,BOUNDARY_PENDING_LEGALIZATION,,PROVISIONAL,SHARED_REFERENCE,700-place registry administrative hierarchy,READY_NONSPATIAL
NG-ADM-CAND-000184,NGP-000650,TOWNSHIP,Gulf Junction,NGP-000610,NGR-08,BOUNDARY_PENDING_LEGALIZATION,,PROVISIONAL,SHARED_REFERENCE,700-place registry administrative hierarchy,READY_NONSPATIAL
NG-ADM-CAND-000185,NGP-000651,TOWNSHIP,Tidecross South,NGP-000611,NGR-08,BOUNDARY_PENDING_LEGALIZATION,,PROVISIONAL,SHARED_REFERENCE,700-place registry administrative hierarchy,READY_NONSPATIAL
NG-ADM-CAND-000186,NGP-000652,TOWNSHIP,Tidelock Row,NGP-000611,NGR-08,BOUNDARY_PENDING_LEGALIZATION,,PROVISIONAL,SHARED_REFERENCE,700-place registry administrative hierarchy,READY_NONSPATIAL
NG-ADM-CAND-000187,NGP-000653,TOWNSHIP,Mangrove Gate,NGP-000611,NGR-08,BOUNDARY_PENDING_LEGALIZATION,,PROVISIONAL,SHARED_REFERENCE,700-place registry administrative hierarchy,READY_NONSPATIAL
NG-ADM-CAND-000188,NGP-000654,TOWNSHIP,New Moriah North,NGP-000612,NGR-08,BOUNDARY_PENDING_LEGALIZATION,,PROVISIONAL,SHARED_REFERENCE,700-place registry administrative hierarchy,READY_NONSPATIAL
NG-ADM-CAND-000189,NGP-000655,TOWNSHIP,Tross Line,NGP-000612,NGR-08,BOUNDARY_PENDING_LEGALIZATION,,PROVISIONAL,SHARED_REFERENCE,700-place registry administrative hierarchy,READY_NONSPATIAL
NG-ADM-CAND-000190,NGP-000656,TOWNSHIP,Beacon Cross,NGP-000612,NGR-08,BOUNDARY_PENDING_LEGALIZATION,,PROVISIONAL,SHARED_REFERENCE,700-place registry administrative hierarchy,READY_NONSPATIAL
NG-ADM-CAND-000191,NGP-000692,INDUSTRIAL_ZONE,Meridian Free Zone,NGP-000609,NGR-08,BOUNDARY_PENDING_LEGALIZATION,,PROVISIONAL,SHARED_REFERENCE,700-place registry administrative hierarchy,READY_NONSPATIAL
NG-ADM-CAND-000192,NGP-000693,INDUSTRIAL_ZONE,Gulf Shipworks Estate,NGP-000611,NGR-08,BOUNDARY_PENDING_LEGALIZATION,,PROVISIONAL,SHARED_REFERENCE,700-place registry administrative hierarchy,READY_NONSPATIAL
