road_id,road_candidate_id,region_code,start_place_id,end_place_id,authoring_method,plan_status
NG-RD-000001,NG-RD-CAND-000001,NGR-01,NG-PLC-000082,NG-PLC-000034,FROZEN_VALIDATED_PLANAR_ENDPOINT_SELECTION_V1,QUALIFIED_SIMULATION_AUTHORING_PLAN
NG-RD-000002,NG-RD-CAND-000002,NGR-01,NG-PLC-000024,NG-PLC-000010,FROZEN_VALIDATED_PLANAR_ENDPOINT_SELECTION_V1,QUALIFIED_SIMULATION_AUTHORING_PLAN
NG-RD-000003,NG-RD-CAND-000003,NGR-01,NG-PLC-000007,NG-PLC-000009,FROZEN_VALIDATED_PLANAR_ENDPOINT_SELECTION_V1,QUALIFIED_SIMULATION_AUTHORING_PLAN
NG-RD-000004,NG-RD-CAND-000004,NGR-01,NG-PLC-000005,NG-PLC-000001,FROZEN_VALIDATED_PLANAR_ENDPOINT_SELECTION_V1,QUALIFIED_SIMULATION_AUTHORING_PLAN
NG-RD-000005,NG-RD-CAND-000005,NGR-01,NG-PLC-000081,NG-PLC-000059,FROZEN_VALIDATED_PLANAR_ENDPOINT_SELECTION_V1,QUALIFIED_SIMULATION_AUTHORING_PLAN
NG-RD-000006,NG-RD-CAND-000006,NGR-01,NG-PLC-000016,NG-PLC-000021,FROZEN_VALIDATED_PLANAR_ENDPOINT_SELECTION_V1,QUALIFIED_SIMULATION_AUTHORING_PLAN
NG-RD-000007,NG-RD-CAND-000007,NGR-01,NG-PLC-000082,NG-PLC-000067,FROZEN_VALIDATED_PLANAR_ENDPOINT_SELECTION_V1,QUALIFIED_SIMULATION_AUTHORING_PLAN
NG-RD-000008,NG-RD-CAND-000008,NGR-01,NG-PLC-000031,NG-PLC-000059,FROZEN_VALIDATED_PLANAR_ENDPOINT_SELECTION_V1,QUALIFIED_SIMULATION_AUTHORING_PLAN
NG-RD-000009,NG-RD-CAND-000009,NGR-01,NG-PLC-000034,NG-PLC-000067,FROZEN_VALIDATED_PLANAR_ENDPOINT_SELECTION_V1,QUALIFIED_SIMULATION_AUTHORING_PLAN
NG-RD-000010,NG-RD-CAND-000010,NGR-01,NG-PLC-000027,NG-PLC-000049,FROZEN_VALIDATED_PLANAR_ENDPOINT_SELECTION_V1,QUALIFIED_SIMULATION_AUTHORING_PLAN
NG-RD-000011,NG-RD-CAND-000011,NGR-01,NG-PLC-000007,NG-PLC-000005,FROZEN_VALIDATED_PLANAR_ENDPOINT_SELECTION_V1,QUALIFIED_SIMULATION_AUTHORING_PLAN
NG-RD-000012,NG-RD-CAND-000012,NGR-01,NG-PLC-000033,NG-PLC-000066,FROZEN_VALIDATED_PLANAR_ENDPOINT_SELECTION_V1,QUALIFIED_SIMULATION_AUTHORING_PLAN
NG-RD-000013,NG-RD-CAND-000013,NGR-01,NG-PLC-000009,NG-PLC-000001,FROZEN_VALIDATED_PLANAR_ENDPOINT_SELECTION_V1,QUALIFIED_SIMULATION_AUTHORING_PLAN
NG-RD-000014,NG-RD-CAND-000014,NGR-01,NG-PLC-000008,NG-PLC-000019,FROZEN_VALIDATED_PLANAR_ENDPOINT_SELECTION_V1,QUALIFIED_SIMULATION_AUTHORING_PLAN
NG-RD-000015,NG-RD-CAND-000015,NGR-01,NG-PLC-000084,NG-PLC-000020,FROZEN_VALIDATED_PLANAR_ENDPOINT_SELECTION_V1,QUALIFIED_SIMULATION_AUTHORING_PLAN
NG-RD-000016,NG-RD-CAND-000016,NGR-01,NG-PLC-000061,NG-PLC-000062,FROZEN_VALIDATED_PLANAR_ENDPOINT_SELECTION_V1,QUALIFIED_SIMULATION_AUTHORING_PLAN
NG-RD-000017,NG-RD-CAND-000017,NGR-01,NG-PLC-000007,NG-PLC-000011,FROZEN_VALIDATED_PLANAR_ENDPOINT_SELECTION_V1,QUALIFIED_SIMULATION_AUTHORING_PLAN
NG-RD-000018,NG-RD-CAND-000018,NGR-01,NG-PLC-000067,NG-PLC-000068,FROZEN_VALIDATED_PLANAR_ENDPOINT_SELECTION_V1,QUALIFIED_SIMULATION_AUTHORING_PLAN
NG-RD-000019,NG-RD-CAND-000019,NGR-01,NG-PLC-000072,NG-PLC-000036,FROZEN_VALIDATED_PLANAR_ENDPOINT_SELECTION_V1,QUALIFIED_SIMULATION_AUTHORING_PLAN
NG-RD-000020,NG-RD-CAND-000020,NGR-01,NG-PLC-000084,NG-PLC-000006,FROZEN_VALIDATED_PLANAR_ENDPOINT_SELECTION_V1,QUALIFIED_SIMULATION_AUTHORING_PLAN
NG-RD-000021,NG-RD-CAND-000021,NGR-01,NG-PLC-000021,NG-PLC-000024,FROZEN_VALIDATED_PLANAR_ENDPOINT_SELECTION_V1,QUALIFIED_SIMULATION_AUTHORING_PLAN
NG-RD-000022,NG-RD-CAND-000022,NGR-01,NG-PLC-000076,NG-PLC-000038,FROZEN_VALIDATED_PLANAR_ENDPOINT_SELECTION_V1,QUALIFIED_SIMULATION_AUTHORING_PLAN
NG-RD-000023,NG-RD-CAND-000023,NGR-01,NG-PLC-000023,NG-PLC-000013,FROZEN_VALIDATED_PLANAR_ENDPOINT_SELECTION_V1,QUALIFIED_SIMULATION_AUTHORING_PLAN
NG-RD-000024,NG-RD-CAND-000024,NGR-01,NG-PLC-000056,NG-PLC-000064,FROZEN_VALIDATED_PLANAR_ENDPOINT_SELECTION_V1,QUALIFIED_SIMULATION_AUTHORING_PLAN
NG-RD-000025,NG-RD-CAND-000025,NGR-01,NG-PLC-000030,NG-PLC-000060,FROZEN_VALIDATED_PLANAR_ENDPOINT_SELECTION_V1,QUALIFIED_SIMULATION_AUTHORING_PLAN
NG-RD-000026,NG-RD-CAND-000026,NGR-01,NG-PLC-000001,NG-PLC-000023,FROZEN_VALIDATED_PLANAR_ENDPOINT_SELECTION_V1,QUALIFIED_SIMULATION_AUTHORING_PLAN
NG-RD-000027,NG-RD-CAND-000027,NGR-01,NG-PLC-000073,NG-PLC-000071,FROZEN_VALIDATED_PLANAR_ENDPOINT_SELECTION_V1,QUALIFIED_SIMULATION_AUTHORING_PLAN
NG-RD-000028,NG-RD-CAND-000028,NGR-01,NG-PLC-000038,NG-PLC-000073,FROZEN_VALIDATED_PLANAR_ENDPOINT_SELECTION_V1,QUALIFIED_SIMULATION_AUTHORING_PLAN
NG-RD-000029,NG-RD-CAND-000029,NGR-01,NG-PLC-000001,NG-PLC-000019,FROZEN_VALIDATED_PLANAR_ENDPOINT_SELECTION_V1,QUALIFIED_SIMULATION_AUTHORING_PLAN
NG-RD-000030,NG-RD-CAND-000030,NGR-01,NG-PLC-000029,NG-PLC-000058,FROZEN_VALIDATED_PLANAR_ENDPOINT_SELECTION_V1,QUALIFIED_SIMULATION_AUTHORING_PLAN
NG-RD-000031,NG-RD-CAND-000031,NGR-01,NG-PLC-000035,NG-PLC-000070,FROZEN_VALIDATED_PLANAR_ENDPOINT_SELECTION_V1,QUALIFIED_SIMULATION_AUTHORING_PLAN
NG-RD-000032,NG-RD-CAND-000032,NGR-01,NG-PLC-000069,NG-PLC-000035,FROZEN_VALIDATED_PLANAR_ENDPOINT_SELECTION_V1,QUALIFIED_SIMULATION_AUTHORING_PLAN
NG-RD-000033,NG-RD-CAND-000033,NGR-01,NG-PLC-000032,NG-PLC-000056,FROZEN_VALIDATED_PLANAR_ENDPOINT_SELECTION_V1,QUALIFIED_SIMULATION_AUTHORING_PLAN
NG-RD-000034,NG-RD-CAND-000034,NGR-01,NG-PLC-000045,NG-PLC-000003,FROZEN_VALIDATED_PLANAR_ENDPOINT_SELECTION_V1,QUALIFIED_SIMULATION_AUTHORING_PLAN
NG-RD-000035,NG-RD-CAND-000035,NGR-01,NG-PLC-000059,NG-PLC-000062,FROZEN_VALIDATED_PLANAR_ENDPOINT_SELECTION_V1,QUALIFIED_SIMULATION_AUTHORING_PLAN
NG-RD-000036,NG-RD-CAND-000036,NGR-01,NG-PLC-000063,NG-PLC-000014,FROZEN_VALIDATED_PLANAR_ENDPOINT_SELECTION_V1,QUALIFIED_SIMULATION_AUTHORING_PLAN
NG-RD-000037,NG-RD-CAND-000037,NGR-01,NG-PLC-000040,NG-PLC-000002,FROZEN_VALIDATED_PLANAR_ENDPOINT_SELECTION_V1,QUALIFIED_SIMULATION_AUTHORING_PLAN
NG-RD-000038,NG-RD-CAND-000038,NGR-01,NG-PLC-000059,NG-PLC-000030,FROZEN_VALIDATED_PLANAR_ENDPOINT_SELECTION_V1,QUALIFIED_SIMULATION_AUTHORING_PLAN
NG-RD-000039,NG-RD-CAND-000039,NGR-01,NG-PLC-000085,NG-PLC-000065,FROZEN_VALIDATED_PLANAR_ENDPOINT_SELECTION_V1,QUALIFIED_SIMULATION_AUTHORING_PLAN
NG-RD-000040,NG-RD-CAND-000040,NGR-01,NG-PLC-000003,NG-PLC-000044,FROZEN_VALIDATED_PLANAR_ENDPOINT_SELECTION_V1,QUALIFIED_SIMULATION_AUTHORING_PLAN
NG-RD-000041,NG-RD-CAND-000041,NGR-01,NG-PLC-000041,NG-PLC-000029,FROZEN_VALIDATED_PLANAR_ENDPOINT_SELECTION_V1,QUALIFIED_SIMULATION_AUTHORING_PLAN
NG-RD-000042,NG-RD-CAND-000042,NGR-01,NG-PLC-000006,NG-PLC-000015,FROZEN_VALIDATED_PLANAR_ENDPOINT_SELECTION_V1,QUALIFIED_SIMULATION_AUTHORING_PLAN
NG-RD-000043,NG-RD-CAND-000043,NGR-01,NG-PLC-000055,NG-PLC-000028,FROZEN_VALIDATED_PLANAR_ENDPOINT_SELECTION_V1,QUALIFIED_SIMULATION_AUTHORING_PLAN
NG-RD-000044,NG-RD-CAND-000044,NGR-01,NG-PLC-000046,NG-PLC-000004,FROZEN_VALIDATED_PLANAR_ENDPOINT_SELECTION_V1,QUALIFIED_SIMULATION_AUTHORING_PLAN
NG-RD-000045,NG-RD-CAND-000045,NGR-01,NG-PLC-000064,NG-PLC-000003,FROZEN_VALIDATED_PLANAR_ENDPOINT_SELECTION_V1,QUALIFIED_SIMULATION_AUTHORING_PLAN
NG-RD-000046,NG-RD-CAND-000046,NGR-01,NG-PLC-000004,NG-PLC-000048,FROZEN_VALIDATED_PLANAR_ENDPOINT_SELECTION_V1,QUALIFIED_SIMULATION_AUTHORING_PLAN
NG-RD-000047,NG-RD-CAND-000047,NGR-01,NG-PLC-000080,NG-PLC-000055,FROZEN_VALIDATED_PLANAR_ENDPOINT_SELECTION_V1,QUALIFIED_SIMULATION_AUTHORING_PLAN
NG-RD-000048,NG-RD-CAND-000048,NGR-01,NG-PLC-000075,NG-PLC-000073,FROZEN_VALIDATED_PLANAR_ENDPOINT_SELECTION_V1,QUALIFIED_SIMULATION_AUTHORING_PLAN
NG-RD-000049,NG-RD-CAND-000049,NGR-01,NG-PLC-000002,NG-PLC-000041,FROZEN_VALIDATED_PLANAR_ENDPOINT_SELECTION_V1,QUALIFIED_SIMULATION_AUTHORING_PLAN
NG-RD-000050,NG-RD-CAND-000050,NGR-01,NG-PLC-000073,NG-PLC-000072,FROZEN_VALIDATED_PLANAR_ENDPOINT_SELECTION_V1,QUALIFIED_SIMULATION_AUTHORING_PLAN
NG-RD-000051,NG-RD-CAND-000051,NGR-01,NG-PLC-000022,NG-PLC-000016,FROZEN_VALIDATED_PLANAR_ENDPOINT_SELECTION_V1,QUALIFIED_SIMULATION_AUTHORING_PLAN
NG-RD-000052,NG-RD-CAND-000052,NGR-01,NG-PLC-000026,NG-PLC-000041,FROZEN_VALIDATED_PLANAR_ENDPOINT_SELECTION_V1,QUALIFIED_SIMULATION_AUTHORING_PLAN
NG-RD-000053,NG-RD-CAND-000053,NGR-01,NG-PLC-000032,NG-PLC-000045,FROZEN_VALIDATED_PLANAR_ENDPOINT_SELECTION_V1,QUALIFIED_SIMULATION_AUTHORING_PLAN
NG-RD-000054,NG-RD-CAND-000054,NGR-01,NG-PLC-000022,NG-PLC-000024,FROZEN_VALIDATED_PLANAR_ENDPOINT_SELECTION_V1,QUALIFIED_SIMULATION_AUTHORING_PLAN
NG-RD-000055,NG-RD-CAND-000055,NGR-01,NG-PLC-000054,NG-PLC-000026,FROZEN_VALIDATED_PLANAR_ENDPOINT_SELECTION_V1,QUALIFIED_SIMULATION_AUTHORING_PLAN
NG-RD-000056,NG-RD-CAND-000056,NGR-01,NG-PLC-000019,NG-PLC-000013,FROZEN_VALIDATED_PLANAR_ENDPOINT_SELECTION_V1,QUALIFIED_SIMULATION_AUTHORING_PLAN
NG-RD-000057,NG-RD-CAND-000057,NGR-01,NG-PLC-000085,NG-PLC-000030,FROZEN_VALIDATED_PLANAR_ENDPOINT_SELECTION_V1,QUALIFIED_SIMULATION_AUTHORING_PLAN
NG-RD-000058,NG-RD-CAND-000058,NGR-01,NG-PLC-000040,NG-PLC-000026,FROZEN_VALIDATED_PLANAR_ENDPOINT_SELECTION_V1,QUALIFIED_SIMULATION_AUTHORING_PLAN
NG-RD-000059,NG-RD-CAND-000059,NGR-01,NG-PLC-000013,NG-PLC-000055,FROZEN_VALIDATED_PLANAR_ENDPOINT_SELECTION_V1,QUALIFIED_SIMULATION_AUTHORING_PLAN
NG-RD-000060,NG-RD-CAND-000060,NGR-01,NG-PLC-000019,NG-PLC-000014,FROZEN_VALIDATED_PLANAR_ENDPOINT_SELECTION_V1,QUALIFIED_SIMULATION_AUTHORING_PLAN
NG-RD-000061,NG-RD-CAND-000061,NGR-01,NG-PLC-000065,NG-PLC-000060,FROZEN_VALIDATED_PLANAR_ENDPOINT_SELECTION_V1,QUALIFIED_SIMULATION_AUTHORING_PLAN
NG-RD-000062,NG-RD-CAND-000062,NGR-01,NG-PLC-000048,NG-PLC-000077,FROZEN_VALIDATED_PLANAR_ENDPOINT_SELECTION_V1,QUALIFIED_SIMULATION_AUTHORING_PLAN
NG-RD-000063,NG-RD-CAND-000063,NGR-01,NG-PLC-000041,NG-PLC-000052,FROZEN_VALIDATED_PLANAR_ENDPOINT_SELECTION_V1,QUALIFIED_SIMULATION_AUTHORING_PLAN
NG-RD-000064,NG-RD-CAND-000064,NGR-01,NG-PLC-000022,NG-PLC-000084,FROZEN_VALIDATED_PLANAR_ENDPOINT_SELECTION_V1,QUALIFIED_SIMULATION_AUTHORING_PLAN
NG-RD-000065,NG-RD-CAND-000065,NGR-01,NG-PLC-000004,NG-PLC-000077,FROZEN_VALIDATED_PLANAR_ENDPOINT_SELECTION_V1,QUALIFIED_SIMULATION_AUTHORING_PLAN
NG-RD-000066,NG-RD-CAND-000066,NGR-01,NG-PLC-000076,NG-PLC-000046,FROZEN_VALIDATED_PLANAR_ENDPOINT_SELECTION_V1,QUALIFIED_SIMULATION_AUTHORING_PLAN
NG-RD-000067,NG-RD-CAND-000067,NGR-01,NG-PLC-000002,NG-PLC-000029,FROZEN_VALIDATED_PLANAR_ENDPOINT_SELECTION_V1,QUALIFIED_SIMULATION_AUTHORING_PLAN
NG-RD-000068,NG-RD-CAND-000068,NGR-01,NG-PLC-000017,NG-PLC-000013,FROZEN_VALIDATED_PLANAR_ENDPOINT_SELECTION_V1,QUALIFIED_SIMULATION_AUTHORING_PLAN
NG-RD-000069,NG-RD-CAND-000069,NGR-01,NG-PLC-000015,NG-PLC-000063,FROZEN_VALIDATED_PLANAR_ENDPOINT_SELECTION_V1,QUALIFIED_SIMULATION_AUTHORING_PLAN
NG-RD-000070,NG-RD-CAND-000070,NGR-01,NG-PLC-000068,NG-PLC-000044,FROZEN_VALIDATED_PLANAR_ENDPOINT_SELECTION_V1,QUALIFIED_SIMULATION_AUTHORING_PLAN
NG-RD-000071,NG-RD-CAND-000071,NGR-01,NG-PLC-000045,NG-PLC-000068,FROZEN_VALIDATED_PLANAR_ENDPOINT_SELECTION_V1,QUALIFIED_SIMULATION_AUTHORING_PLAN
NG-RD-000072,NG-RD-CAND-000072,NGR-01,NG-PLC-000013,NG-PLC-000002,FROZEN_VALIDATED_PLANAR_ENDPOINT_SELECTION_V1,QUALIFIED_SIMULATION_AUTHORING_PLAN
NG-RD-000073,NG-RD-CAND-000073,NGR-01,NG-PLC-000015,NG-PLC-000032,FROZEN_VALIDATED_PLANAR_ENDPOINT_SELECTION_V1,QUALIFIED_SIMULATION_AUTHORING_PLAN
NG-RD-000074,NG-RD-CAND-000074,NGR-01,NG-PLC-000029,NG-PLC-000043,FROZEN_VALIDATED_PLANAR_ENDPOINT_SELECTION_V1,QUALIFIED_SIMULATION_AUTHORING_PLAN
NG-RD-000075,NG-RD-CAND-000075,NGR-01,NG-PLC-000077,NG-PLC-000036,FROZEN_VALIDATED_PLANAR_ENDPOINT_SELECTION_V1,QUALIFIED_SIMULATION_AUTHORING_PLAN
NG-RD-000076,NG-RD-CAND-000076,NGR-01,NG-PLC-000070,NG-PLC-000039,FROZEN_VALIDATED_PLANAR_ENDPOINT_SELECTION_V1,QUALIFIED_SIMULATION_AUTHORING_PLAN
NG-RD-000077,NG-RD-CAND-000077,NGR-01,NG-PLC-000035,NG-PLC-000039,FROZEN_VALIDATED_PLANAR_ENDPOINT_SELECTION_V1,QUALIFIED_SIMULATION_AUTHORING_PLAN
NG-RD-000078,NG-RD-CAND-000078,NGR-01,NG-PLC-000068,NG-PLC-000066,FROZEN_VALIDATED_PLANAR_ENDPOINT_SELECTION_V1,QUALIFIED_SIMULATION_AUTHORING_PLAN
NG-RD-000079,NG-RD-CAND-000079,NGR-01,NG-PLC-000047,NG-PLC-000075,FROZEN_VALIDATED_PLANAR_ENDPOINT_SELECTION_V1,QUALIFIED_SIMULATION_AUTHORING_PLAN
NG-RD-000080,NG-RD-CAND-000080,NGR-01,NG-PLC-000070,NG-PLC-000078,FROZEN_VALIDATED_PLANAR_ENDPOINT_SELECTION_V1,QUALIFIED_SIMULATION_AUTHORING_PLAN
NG-RD-000081,NG-RD-CAND-000081,NGR-01,NG-PLC-000047,NG-PLC-000069,FROZEN_VALIDATED_PLANAR_ENDPOINT_SELECTION_V1,QUALIFIED_SIMULATION_AUTHORING_PLAN
NG-RD-000082,NG-RD-CAND-000082,NGR-01,NG-PLC-000036,NG-PLC-000017,FROZEN_VALIDATED_PLANAR_ENDPOINT_SELECTION_V1,QUALIFIED_SIMULATION_AUTHORING_PLAN
NG-RD-000083,NG-RD-CAND-000083,NGR-01,NG-PLC-000015,NG-PLC-000034,FROZEN_VALIDATED_PLANAR_ENDPOINT_SELECTION_V1,QUALIFIED_SIMULATION_AUTHORING_PLAN
NG-RD-000084,NG-RD-CAND-000084,NGR-01,NG-PLC-000071,NG-PLC-000053,FROZEN_VALIDATED_PLANAR_ENDPOINT_SELECTION_V1,QUALIFIED_SIMULATION_AUTHORING_PLAN
NG-RD-000085,NG-RD-CAND-000085,NGR-01,NG-PLC-000075,NG-PLC-000053,FROZEN_VALIDATED_PLANAR_ENDPOINT_SELECTION_V1,QUALIFIED_SIMULATION_AUTHORING_PLAN
NG-RD-000086,NG-RD-CAND-000086,NGR-02,NG-PLC-000110,NG-PLC-000164,FROZEN_VALIDATED_PLANAR_ENDPOINT_SELECTION_V1,QUALIFIED_SIMULATION_AUTHORING_PLAN
NG-RD-000087,NG-RD-CAND-000087,NGR-02,NG-PLC-000108,NG-PLC-000098,FROZEN_VALIDATED_PLANAR_ENDPOINT_SELECTION_V1,QUALIFIED_SIMULATION_AUTHORING_PLAN
NG-RD-000088,NG-RD-CAND-000088,NGR-02,NG-PLC-000096,NG-PLC-000097,FROZEN_VALIDATED_PLANAR_ENDPOINT_SELECTION_V1,QUALIFIED_SIMULATION_AUTHORING_PLAN
NG-RD-000089,NG-RD-CAND-000089,NGR-02,NG-PLC-000093,NG-PLC-000095,FROZEN_VALIDATED_PLANAR_ENDPOINT_SELECTION_V1,QUALIFIED_SIMULATION_AUTHORING_PLAN
NG-RD-000090,NG-RD-CAND-000090,NGR-02,NG-PLC-000151,NG-PLC-000150,FROZEN_VALIDATED_PLANAR_ENDPOINT_SELECTION_V1,QUALIFIED_SIMULATION_AUTHORING_PLAN
NG-RD-000091,NG-RD-CAND-000091,NGR-02,NG-PLC-000168,NG-PLC-000122,FROZEN_VALIDATED_PLANAR_ENDPOINT_SELECTION_V1,QUALIFIED_SIMULATION_AUTHORING_PLAN
NG-RD-000092,NG-RD-CAND-000092,NGR-02,NG-PLC-000168,NG-PLC-000158,FROZEN_VALIDATED_PLANAR_ENDPOINT_SELECTION_V1,QUALIFIED_SIMULATION_AUTHORING_PLAN
NG-RD-000093,NG-RD-CAND-000093,NGR-02,NG-PLC-000163,NG-PLC-000103,FROZEN_VALIDATED_PLANAR_ENDPOINT_SELECTION_V1,QUALIFIED_SIMULATION_AUTHORING_PLAN
NG-RD-000094,NG-RD-CAND-000094,NGR-02,NG-PLC-000169,NG-PLC-000091,FROZEN_VALIDATED_PLANAR_ENDPOINT_SELECTION_V1,QUALIFIED_SIMULATION_AUTHORING_PLAN
NG-RD-000095,NG-RD-CAND-000095,NGR-02,NG-PLC-000102,NG-PLC-000100,FROZEN_VALIDATED_PLANAR_ENDPOINT_SELECTION_V1,QUALIFIED_SIMULATION_AUTHORING_PLAN
NG-RD-000096,NG-RD-CAND-000096,NGR-02,NG-PLC-000146,NG-PLC-000116,FROZEN_VALIDATED_PLANAR_ENDPOINT_SELECTION_V1,QUALIFIED_SIMULATION_AUTHORING_PLAN
NG-RD-000097,NG-RD-CAND-000097,NGR-02,NG-PLC-000116,NG-PLC-000166,FROZEN_VALIDATED_PLANAR_ENDPOINT_SELECTION_V1,QUALIFIED_SIMULATION_AUTHORING_PLAN
NG-RD-000098,NG-RD-CAND-000098,NGR-02,NG-PLC-000167,NG-PLC-000119,FROZEN_VALIDATED_PLANAR_ENDPOINT_SELECTION_V1,QUALIFIED_SIMULATION_AUTHORING_PLAN
NG-RD-000099,NG-RD-CAND-000099,NGR-02,NG-PLC-000148,NG-PLC-000119,FROZEN_VALIDATED_PLANAR_ENDPOINT_SELECTION_V1,QUALIFIED_SIMULATION_AUTHORING_PLAN
NG-RD-000100,NG-RD-CAND-000100,NGR-02,NG-PLC-000086,NG-PLC-000096,FROZEN_VALIDATED_PLANAR_ENDPOINT_SELECTION_V1,QUALIFIED_SIMULATION_AUTHORING_PLAN
NG-RD-000101,NG-RD-CAND-000101,NGR-02,NG-PLC-000097,NG-PLC-000092,FROZEN_VALIDATED_PLANAR_ENDPOINT_SELECTION_V1,QUALIFIED_SIMULATION_AUTHORING_PLAN
NG-RD-000102,NG-RD-CAND-000102,NGR-02,NG-PLC-000097,NG-PLC-000104,FROZEN_VALIDATED_PLANAR_ENDPOINT_SELECTION_V1,QUALIFIED_SIMULATION_AUTHORING_PLAN
NG-RD-000103,NG-RD-CAND-000103,NGR-02,NG-PLC-000146,NG-PLC-000166,FROZEN_VALIDATED_PLANAR_ENDPOINT_SELECTION_V1,QUALIFIED_SIMULATION_AUTHORING_PLAN
NG-RD-000104,NG-RD-CAND-000104,NGR-02,NG-PLC-000109,NG-PLC-000105,FROZEN_VALIDATED_PLANAR_ENDPOINT_SELECTION_V1,QUALIFIED_SIMULATION_AUTHORING_PLAN
NG-RD-000105,NG-RD-CAND-000105,NGR-02,NG-PLC-000094,NG-PLC-000096,FROZEN_VALIDATED_PLANAR_ENDPOINT_SELECTION_V1,QUALIFIED_SIMULATION_AUTHORING_PLAN
NG-RD-000106,NG-RD-CAND-000106,NGR-02,NG-PLC-000124,NG-PLC-000103,FROZEN_VALIDATED_PLANAR_ENDPOINT_SELECTION_V1,QUALIFIED_SIMULATION_AUTHORING_PLAN
NG-RD-000107,NG-RD-CAND-000107,NGR-02,NG-PLC-000169,NG-PLC-000101,FROZEN_VALIDATED_PLANAR_ENDPOINT_SELECTION_V1,QUALIFIED_SIMULATION_AUTHORING_PLAN
NG-RD-000108,NG-RD-CAND-000108,NGR-02,NG-PLC-000157,NG-PLC-000159,FROZEN_VALIDATED_PLANAR_ENDPOINT_SELECTION_V1,QUALIFIED_SIMULATION_AUTHORING_PLAN
NG-RD-000109,NG-RD-CAND-000109,NGR-02,NG-PLC-000172,NG-PLC-000114,FROZEN_VALIDATED_PLANAR_ENDPOINT_SELECTION_V1,QUALIFIED_SIMULATION_AUTHORING_PLAN
NG-RD-000110,NG-RD-CAND-000110,NGR-02,NG-PLC-000100,NG-PLC-000094,FROZEN_VALIDATED_PLANAR_ENDPOINT_SELECTION_V1,QUALIFIED_SIMULATION_AUTHORING_PLAN
NG-RD-000111,NG-RD-CAND-000111,NGR-02,NG-PLC-000153,NG-PLC-000119,FROZEN_VALIDATED_PLANAR_ENDPOINT_SELECTION_V1,QUALIFIED_SIMULATION_AUTHORING_PLAN
NG-RD-000112,NG-RD-CAND-000112,NGR-02,NG-PLC-000162,NG-PLC-000102,FROZEN_VALIDATED_PLANAR_ENDPOINT_SELECTION_V1,QUALIFIED_SIMULATION_AUTHORING_PLAN
NG-RD-000113,NG-RD-CAND-000113,NGR-02,NG-PLC-000112,NG-PLC-000138,FROZEN_VALIDATED_PLANAR_ENDPOINT_SELECTION_V1,QUALIFIED_SIMULATION_AUTHORING_PLAN
NG-RD-000114,NG-RD-CAND-000114,NGR-02,NG-PLC-000120,NG-PLC-000115,FROZEN_VALIDATED_PLANAR_ENDPOINT_SELECTION_V1,QUALIFIED_SIMULATION_AUTHORING_PLAN
NG-RD-000115,NG-RD-CAND-000115,NGR-02,NG-PLC-000099,NG-PLC-000124,FROZEN_VALIDATED_PLANAR_ENDPOINT_SELECTION_V1,QUALIFIED_SIMULATION_AUTHORING_PLAN
NG-RD-000116,NG-RD-CAND-000116,NGR-02,NG-PLC-000113,NG-PLC-000140,FROZEN_VALIDATED_PLANAR_ENDPOINT_SELECTION_V1,QUALIFIED_SIMULATION_AUTHORING_PLAN
NG-RD-000117,NG-RD-CAND-000117,NGR-02,NG-PLC-000137,NG-PLC-000111,FROZEN_VALIDATED_PLANAR_ENDPOINT_SELECTION_V1,QUALIFIED_SIMULATION_AUTHORING_PLAN
NG-RD-000118,NG-RD-CAND-000118,NGR-02,NG-PLC-000091,NG-PLC-000101,FROZEN_VALIDATED_PLANAR_ENDPOINT_SELECTION_V1,QUALIFIED_SIMULATION_AUTHORING_PLAN
NG-RD-000119,NG-RD-CAND-000119,NGR-02,NG-PLC-000135,NG-PLC-000110,FROZEN_VALIDATED_PLANAR_ENDPOINT_SELECTION_V1,QUALIFIED_SIMULATION_AUTHORING_PLAN
NG-RD-000120,NG-RD-CAND-000120,NGR-02,NG-PLC-000109,NG-PLC-000100,FROZEN_VALIDATED_PLANAR_ENDPOINT_SELECTION_V1,QUALIFIED_SIMULATION_AUTHORING_PLAN
NG-RD-000121,NG-RD-CAND-000121,NGR-02,NG-PLC-000139,NG-PLC-000134,FROZEN_VALIDATED_PLANAR_ENDPOINT_SELECTION_V1,QUALIFIED_SIMULATION_AUTHORING_PLAN
NG-RD-000122,NG-RD-CAND-000122,NGR-02,NG-PLC-000141,NG-PLC-000113,FROZEN_VALIDATED_PLANAR_ENDPOINT_SELECTION_V1,QUALIFIED_SIMULATION_AUTHORING_PLAN
NG-RD-000123,NG-RD-CAND-000123,NGR-02,NG-PLC-000172,NG-PLC-000138,FROZEN_VALIDATED_PLANAR_ENDPOINT_SELECTION_V1,QUALIFIED_SIMULATION_AUTHORING_PLAN
NG-RD-000124,NG-RD-CAND-000124,NGR-02,NG-PLC-000164,NG-PLC-000139,FROZEN_VALIDATED_PLANAR_ENDPOINT_SELECTION_V1,QUALIFIED_SIMULATION_AUTHORING_PLAN
NG-RD-000125,NG-RD-CAND-000125,NGR-02,NG-PLC-000110,NG-PLC-000139,FROZEN_VALIDATED_PLANAR_ENDPOINT_SELECTION_V1,QUALIFIED_SIMULATION_AUTHORING_PLAN
NG-RD-000126,NG-RD-CAND-000126,NGR-02,NG-PLC-000114,NG-PLC-000142,FROZEN_VALIDATED_PLANAR_ENDPOINT_SELECTION_V1,QUALIFIED_SIMULATION_AUTHORING_PLAN
NG-RD-000127,NG-RD-CAND-000127,NGR-02,NG-PLC-000126,NG-PLC-000172,FROZEN_VALIDATED_PLANAR_ENDPOINT_SELECTION_V1,QUALIFIED_SIMULATION_AUTHORING_PLAN
NG-RD-000128,NG-RD-CAND-000128,NGR-02,NG-PLC-000114,NG-PLC-000138,FROZEN_VALIDATED_PLANAR_ENDPOINT_SELECTION_V1,QUALIFIED_SIMULATION_AUTHORING_PLAN
NG-RD-000129,NG-RD-CAND-000129,NGR-02,NG-PLC-000109,NG-PLC-000102,FROZEN_VALIDATED_PLANAR_ENDPOINT_SELECTION_V1,QUALIFIED_SIMULATION_AUTHORING_PLAN
NG-RD-000130,NG-RD-CAND-000130,NGR-02,NG-PLC-000119,NG-PLC-000163,FROZEN_VALIDATED_PLANAR_ENDPOINT_SELECTION_V1,QUALIFIED_SIMULATION_AUTHORING_PLAN
NG-RD-000131,NG-RD-CAND-000131,NGR-02,NG-PLC-000099,NG-PLC-000163,FROZEN_VALIDATED_PLANAR_ENDPOINT_SELECTION_V1,QUALIFIED_SIMULATION_AUTHORING_PLAN
NG-RD-000132,NG-RD-CAND-000132,NGR-02,NG-PLC-000137,NG-PLC-000136,FROZEN_VALIDATED_PLANAR_ENDPOINT_SELECTION_V1,QUALIFIED_SIMULATION_AUTHORING_PLAN
NG-RD-000133,NG-RD-CAND-000133,NGR-02,NG-PLC-000101,NG-PLC-000092,FROZEN_VALIDATED_PLANAR_ENDPOINT_SELECTION_V1,QUALIFIED_SIMULATION_AUTHORING_PLAN
NG-RD-000134,NG-RD-CAND-000134,NGR-02,NG-PLC-000112,NG-PLC-000139,FROZEN_VALIDATED_PLANAR_ENDPOINT_SELECTION_V1,QUALIFIED_SIMULATION_AUTHORING_PLAN
NG-RD-000135,NG-RD-CAND-000135,NGR-02,NG-PLC-000156,NG-PLC-000121,FROZEN_VALIDATED_PLANAR_ENDPOINT_SELECTION_V1,QUALIFIED_SIMULATION_AUTHORING_PLAN
NG-RD-000136,NG-RD-CAND-000136,NGR-02,NG-PLC-000101,NG-PLC-000106,FROZEN_VALIDATED_PLANAR_ENDPOINT_SELECTION_V1,QUALIFIED_SIMULATION_AUTHORING_PLAN
NG-RD-000137,NG-RD-CAND-000137,NGR-02,NG-PLC-000162,NG-PLC-000109,FROZEN_VALIDATED_PLANAR_ENDPOINT_SELECTION_V1,QUALIFIED_SIMULATION_AUTHORING_PLAN
NG-RD-000138,NG-RD-CAND-000138,NGR-02,NG-PLC-000105,NG-PLC-000104,FROZEN_VALIDATED_PLANAR_ENDPOINT_SELECTION_V1,QUALIFIED_SIMULATION_AUTHORING_PLAN
NG-RD-000139,NG-RD-CAND-000139,NGR-02,NG-PLC-000159,NG-PLC-000122,FROZEN_VALIDATED_PLANAR_ENDPOINT_SELECTION_V1,QUALIFIED_SIMULATION_AUTHORING_PLAN
NG-RD-000140,NG-RD-CAND-000140,NGR-02,NG-PLC-000088,NG-PLC-000170,FROZEN_VALIDATED_PLANAR_ENDPOINT_SELECTION_V1,QUALIFIED_SIMULATION_AUTHORING_PLAN
NG-RD-000141,NG-RD-CAND-000141,NGR-02,NG-PLC-000132,NG-PLC-000149,FROZEN_VALIDATED_PLANAR_ENDPOINT_SELECTION_V1,QUALIFIED_SIMULATION_AUTHORING_PLAN
NG-RD-000142,NG-RD-CAND-000142,NGR-02,NG-PLC-000115,NG-PLC-000148,FROZEN_VALIDATED_PLANAR_ENDPOINT_SELECTION_V1,QUALIFIED_SIMULATION_AUTHORING_PLAN
NG-RD-000143,NG-RD-CAND-000143,NGR-02,NG-PLC-000170,NG-PLC-000113,FROZEN_VALIDATED_PLANAR_ENDPOINT_SELECTION_V1,QUALIFIED_SIMULATION_AUTHORING_PLAN
NG-RD-000144,NG-RD-CAND-000144,NGR-02,NG-PLC-000159,NG-PLC-000168,FROZEN_VALIDATED_PLANAR_ENDPOINT_SELECTION_V1,QUALIFIED_SIMULATION_AUTHORING_PLAN
NG-RD-000145,NG-RD-CAND-000145,NGR-02,NG-PLC-000171,NG-PLC-000134,FROZEN_VALIDATED_PLANAR_ENDPOINT_SELECTION_V1,QUALIFIED_SIMULATION_AUTHORING_PLAN
NG-RD-000146,NG-RD-CAND-000146,NGR-02,NG-PLC-000157,NG-PLC-000133,FROZEN_VALIDATED_PLANAR_ENDPOINT_SELECTION_V1,QUALIFIED_SIMULATION_AUTHORING_PLAN
NG-RD-000147,NG-RD-CAND-000147,NGR-02,NG-PLC-000150,NG-PLC-000129,FROZEN_VALIDATED_PLANAR_ENDPOINT_SELECTION_V1,QUALIFIED_SIMULATION_AUTHORING_PLAN
NG-RD-000148,NG-RD-CAND-000148,NGR-02,NG-PLC-000105,NG-PLC-000170,FROZEN_VALIDATED_PLANAR_ENDPOINT_SELECTION_V1,QUALIFIED_SIMULATION_AUTHORING_PLAN
NG-RD-000149,NG-RD-CAND-000149,NGR-02,NG-PLC-000109,NG-PLC-000170,FROZEN_VALIDATED_PLANAR_ENDPOINT_SELECTION_V1,QUALIFIED_SIMULATION_AUTHORING_PLAN
NG-RD-000150,NG-RD-CAND-000150,NGR-02,NG-PLC-000126,NG-PLC-000135,FROZEN_VALIDATED_PLANAR_ENDPOINT_SELECTION_V1,QUALIFIED_SIMULATION_AUTHORING_PLAN
NG-RD-000151,NG-RD-CAND-000151,NGR-02,NG-PLC-000157,NG-PLC-000122,FROZEN_VALIDATED_PLANAR_ENDPOINT_SELECTION_V1,QUALIFIED_SIMULATION_AUTHORING_PLAN
NG-RD-000152,NG-RD-CAND-000152,NGR-02,NG-PLC-000154,NG-PLC-000145,FROZEN_VALIDATED_PLANAR_ENDPOINT_SELECTION_V1,QUALIFIED_SIMULATION_AUTHORING_PLAN
NG-RD-000153,NG-RD-CAND-000153,NGR-02,NG-PLC-000153,NG-PLC-000115,FROZEN_VALIDATED_PLANAR_ENDPOINT_SELECTION_V1,QUALIFIED_SIMULATION_AUTHORING_PLAN
NG-RD-000154,NG-RD-CAND-000154,NGR-02,NG-PLC-000143,NG-PLC-000139,FROZEN_VALIDATED_PLANAR_ENDPOINT_SELECTION_V1,QUALIFIED_SIMULATION_AUTHORING_PLAN
NG-RD-000155,NG-RD-CAND-000155,NGR-02,NG-PLC-000127,NG-PLC-000126,FROZEN_VALIDATED_PLANAR_ENDPOINT_SELECTION_V1,QUALIFIED_SIMULATION_AUTHORING_PLAN
NG-RD-000156,NG-RD-CAND-000156,NGR-02,NG-PLC-000088,NG-PLC-000129,FROZEN_VALIDATED_PLANAR_ENDPOINT_SELECTION_V1,QUALIFIED_SIMULATION_AUTHORING_PLAN
NG-RD-000157,NG-RD-CAND-000157,NGR-02,NG-PLC-000136,NG-PLC-000114,FROZEN_VALIDATED_PLANAR_ENDPOINT_SELECTION_V1,QUALIFIED_SIMULATION_AUTHORING_PLAN
NG-RD-000158,NG-RD-CAND-000158,NGR-02,NG-PLC-000105,NG-PLC-000113,FROZEN_VALIDATED_PLANAR_ENDPOINT_SELECTION_V1,QUALIFIED_SIMULATION_AUTHORING_PLAN
NG-RD-000159,NG-RD-CAND-000159,NGR-02,NG-PLC-000120,NG-PLC-000153,FROZEN_VALIDATED_PLANAR_ENDPOINT_SELECTION_V1,QUALIFIED_SIMULATION_AUTHORING_PLAN
NG-RD-000160,NG-RD-CAND-000160,NGR-02,NG-PLC-000113,NG-PLC-000087,FROZEN_VALIDATED_PLANAR_ENDPOINT_SELECTION_V1,QUALIFIED_SIMULATION_AUTHORING_PLAN
NG-RD-000161,NG-RD-CAND-000161,NGR-02,NG-PLC-000087,NG-PLC-000135,FROZEN_VALIDATED_PLANAR_ENDPOINT_SELECTION_V1,QUALIFIED_SIMULATION_AUTHORING_PLAN
NG-RD-000162,NG-RD-CAND-000162,NGR-02,NG-PLC-000120,NG-PLC-000089,FROZEN_VALIDATED_PLANAR_ENDPOINT_SELECTION_V1,QUALIFIED_SIMULATION_AUTHORING_PLAN
NG-RD-000163,NG-RD-CAND-000163,NGR-02,NG-PLC-000106,NG-PLC-000127,FROZEN_VALIDATED_PLANAR_ENDPOINT_SELECTION_V1,QUALIFIED_SIMULATION_AUTHORING_PLAN
NG-RD-000164,NG-RD-CAND-000164,NGR-02,NG-PLC-000136,NG-PLC-000143,FROZEN_VALIDATED_PLANAR_ENDPOINT_SELECTION_V1,QUALIFIED_SIMULATION_AUTHORING_PLAN
NG-RD-000165,NG-RD-CAND-000165,NGR-02,NG-PLC-000158,NG-PLC-000099,FROZEN_VALIDATED_PLANAR_ENDPOINT_SELECTION_V1,QUALIFIED_SIMULATION_AUTHORING_PLAN
NG-RD-000166,NG-RD-CAND-000166,NGR-02,NG-PLC-000154,NG-PLC-000118,FROZEN_VALIDATED_PLANAR_ENDPOINT_SELECTION_V1,QUALIFIED_SIMULATION_AUTHORING_PLAN
NG-RD-000167,NG-RD-CAND-000167,NGR-02,NG-PLC-000156,NG-PLC-000168,FROZEN_VALIDATED_PLANAR_ENDPOINT_SELECTION_V1,QUALIFIED_SIMULATION_AUTHORING_PLAN
NG-RD-000168,NG-RD-CAND-000168,NGR-02,NG-PLC-000166,NG-PLC-000140,FROZEN_VALIDATED_PLANAR_ENDPOINT_SELECTION_V1,QUALIFIED_SIMULATION_AUTHORING_PLAN
NG-RD-000169,NG-RD-CAND-000169,NGR-02,NG-PLC-000156,NG-PLC-000123,FROZEN_VALIDATED_PLANAR_ENDPOINT_SELECTION_V1,QUALIFIED_SIMULATION_AUTHORING_PLAN
NG-RD-000170,NG-RD-CAND-000170,NGR-02,NG-PLC-000158,NG-PLC-000101,FROZEN_VALIDATED_PLANAR_ENDPOINT_SELECTION_V1,QUALIFIED_SIMULATION_AUTHORING_PLAN
NG-RD-000171,NG-RD-CAND-000171,NGR-02,NG-PLC-000160,NG-PLC-000118,FROZEN_VALIDATED_PLANAR_ENDPOINT_SELECTION_V1,QUALIFIED_SIMULATION_AUTHORING_PLAN
NG-RD-000172,NG-RD-CAND-000172,NGR-02,NG-PLC-000158,NG-PLC-000137,FROZEN_VALIDATED_PLANAR_ENDPOINT_SELECTION_V1,QUALIFIED_SIMULATION_AUTHORING_PLAN
NG-RD-000173,NG-RD-CAND-000173,NGR-03,NG-PLC-000255,NG-PLC-000239,FROZEN_VALIDATED_PLANAR_ENDPOINT_SELECTION_V1,QUALIFIED_SIMULATION_AUTHORING_PLAN
NG-RD-000174,NG-RD-CAND-000174,NGR-03,NG-PLC-000181,NG-PLC-000180,FROZEN_VALIDATED_PLANAR_ENDPOINT_SELECTION_V1,QUALIFIED_SIMULATION_AUTHORING_PLAN
NG-RD-000175,NG-RD-CAND-000175,NGR-03,NG-PLC-000235,NG-PLC-000202,FROZEN_VALIDATED_PLANAR_ENDPOINT_SELECTION_V1,QUALIFIED_SIMULATION_AUTHORING_PLAN
NG-RD-000176,NG-RD-CAND-000176,NGR-03,NG-PLC-000173,NG-PLC-000179,FROZEN_VALIDATED_PLANAR_ENDPOINT_SELECTION_V1,QUALIFIED_SIMULATION_AUTHORING_PLAN
NG-RD-000177,NG-RD-CAND-000177,NGR-03,NG-PLC-000196,NG-PLC-000193,FROZEN_VALIDATED_PLANAR_ENDPOINT_SELECTION_V1,QUALIFIED_SIMULATION_AUTHORING_PLAN
NG-RD-000178,NG-RD-CAND-000178,NGR-03,NG-PLC-000178,NG-PLC-000173,FROZEN_VALIDATED_PLANAR_ENDPOINT_SELECTION_V1,QUALIFIED_SIMULATION_AUTHORING_PLAN
NG-RD-000179,NG-RD-CAND-000179,NGR-03,NG-PLC-000244,NG-PLC-000243,FROZEN_VALIDATED_PLANAR_ENDPOINT_SELECTION_V1,QUALIFIED_SIMULATION_AUTHORING_PLAN
NG-RD-000180,NG-RD-CAND-000180,NGR-03,NG-PLC-000248,NG-PLC-000220,FROZEN_VALIDATED_PLANAR_ENDPOINT_SELECTION_V1,QUALIFIED_SIMULATION_AUTHORING_PLAN
NG-RD-000181,NG-RD-CAND-000181,NGR-03,NG-PLC-000182,NG-PLC-000178,FROZEN_VALIDATED_PLANAR_ENDPOINT_SELECTION_V1,QUALIFIED_SIMULATION_AUTHORING_PLAN
NG-RD-000182,NG-RD-CAND-000182,NGR-03,NG-PLC-000210,NG-PLC-000247,FROZEN_VALIDATED_PLANAR_ENDPOINT_SELECTION_V1,QUALIFIED_SIMULATION_AUTHORING_PLAN
NG-RD-000183,NG-RD-CAND-000183,NGR-03,NG-PLC-000187,NG-PLC-000182,FROZEN_VALIDATED_PLANAR_ENDPOINT_SELECTION_V1,QUALIFIED_SIMULATION_AUTHORING_PLAN
NG-RD-000184,NG-RD-CAND-000184,NGR-03,NG-PLC-000209,NG-PLC-000246,FROZEN_VALIDATED_PLANAR_ENDPOINT_SELECTION_V1,QUALIFIED_SIMULATION_AUTHORING_PLAN
NG-RD-000185,NG-RD-CAND-000185,NGR-03,NG-PLC-000209,NG-PLC-000255,FROZEN_VALIDATED_PLANAR_ENDPOINT_SELECTION_V1,QUALIFIED_SIMULATION_AUTHORING_PLAN
NG-RD-000186,NG-RD-CAND-000186,NGR-03,NG-PLC-000256,NG-PLC-000192,FROZEN_VALIDATED_PLANAR_ENDPOINT_SELECTION_V1,QUALIFIED_SIMULATION_AUTHORING_PLAN
NG-RD-000187,NG-RD-CAND-000187,NGR-03,NG-PLC-000247,NG-PLC-000248,FROZEN_VALIDATED_PLANAR_ENDPOINT_SELECTION_V1,QUALIFIED_SIMULATION_AUTHORING_PLAN
NG-RD-000188,NG-RD-CAND-000188,NGR-03,NG-PLC-000231,NG-PLC-000202,FROZEN_VALIDATED_PLANAR_ENDPOINT_SELECTION_V1,QUALIFIED_SIMULATION_AUTHORING_PLAN
NG-RD-000189,NG-RD-CAND-000189,NGR-03,NG-PLC-000254,NG-PLC-000191,FROZEN_VALIDATED_PLANAR_ENDPOINT_SELECTION_V1,QUALIFIED_SIMULATION_AUTHORING_PLAN
NG-RD-000190,NG-RD-CAND-000190,NGR-03,NG-PLC-000235,NG-PLC-000257,FROZEN_VALIDATED_PLANAR_ENDPOINT_SELECTION_V1,QUALIFIED_SIMULATION_AUTHORING_PLAN
NG-RD-000191,NG-RD-CAND-000191,NGR-03,NG-PLC-000256,NG-PLC-000187,FROZEN_VALIDATED_PLANAR_ENDPOINT_SELECTION_V1,QUALIFIED_SIMULATION_AUTHORING_PLAN
NG-RD-000192,NG-RD-CAND-000192,NGR-03,NG-PLC-000223,NG-PLC-000198,FROZEN_VALIDATED_PLANAR_ENDPOINT_SELECTION_V1,QUALIFIED_SIMULATION_AUTHORING_PLAN
NG-RD-000193,NG-RD-CAND-000193,NGR-03,NG-PLC-000195,NG-PLC-000192,FROZEN_VALIDATED_PLANAR_ENDPOINT_SELECTION_V1,QUALIFIED_SIMULATION_AUTHORING_PLAN
NG-RD-000194,NG-RD-CAND-000194,NGR-03,NG-PLC-000189,NG-PLC-000188,FROZEN_VALIDATED_PLANAR_ENDPOINT_SELECTION_V1,QUALIFIED_SIMULATION_AUTHORING_PLAN
NG-RD-000195,NG-RD-CAND-000195,NGR-03,NG-PLC-000200,NG-PLC-000198,FROZEN_VALIDATED_PLANAR_ENDPOINT_SELECTION_V1,QUALIFIED_SIMULATION_AUTHORING_PLAN
NG-RD-000196,NG-RD-CAND-000196,NGR-03,NG-PLC-000180,NG-PLC-000196,FROZEN_VALIDATED_PLANAR_ENDPOINT_SELECTION_V1,QUALIFIED_SIMULATION_AUTHORING_PLAN
NG-RD-000197,NG-RD-CAND-000197,NGR-03,NG-PLC-000184,NG-PLC-000186,FROZEN_VALIDATED_PLANAR_ENDPOINT_SELECTION_V1,QUALIFIED_SIMULATION_AUTHORING_PLAN
NG-RD-000198,NG-RD-CAND-000198,NGR-03,NG-PLC-000244,NG-PLC-000208,FROZEN_VALIDATED_PLANAR_ENDPOINT_SELECTION_V1,QUALIFIED_SIMULATION_AUTHORING_PLAN
NG-RD-000199,NG-RD-CAND-000199,NGR-03,NG-PLC-000193,NG-PLC-000188,FROZEN_VALIDATED_PLANAR_ENDPOINT_SELECTION_V1,QUALIFIED_SIMULATION_AUTHORING_PLAN
NG-RD-000200,NG-RD-CAND-000200,NGR-03,NG-PLC-000240,NG-PLC-000206,FROZEN_VALIDATED_PLANAR_ENDPOINT_SELECTION_V1,QUALIFIED_SIMULATION_AUTHORING_PLAN
NG-RD-000201,NG-RD-CAND-000201,NGR-03,NG-PLC-000224,NG-PLC-000227,FROZEN_VALIDATED_PLANAR_ENDPOINT_SELECTION_V1,QUALIFIED_SIMULATION_AUTHORING_PLAN
NG-RD-000202,NG-RD-CAND-000202,NGR-03,NG-PLC-000191,NG-PLC-000177,FROZEN_VALIDATED_PLANAR_ENDPOINT_SELECTION_V1,QUALIFIED_SIMULATION_AUTHORING_PLAN
NG-RD-000203,NG-RD-CAND-000203,NGR-03,NG-PLC-000209,NG-PLC-000240,FROZEN_VALIDATED_PLANAR_ENDPOINT_SELECTION_V1,QUALIFIED_SIMULATION_AUTHORING_PLAN
NG-RD-000204,NG-RD-CAND-000204,NGR-03,NG-PLC-000204,NG-PLC-000235,FROZEN_VALIDATED_PLANAR_ENDPOINT_SELECTION_V1,QUALIFIED_SIMULATION_AUTHORING_PLAN
NG-RD-000205,NG-RD-CAND-000205,NGR-03,NG-PLC-000181,NG-PLC-000193,FROZEN_VALIDATED_PLANAR_ENDPOINT_SELECTION_V1,QUALIFIED_SIMULATION_AUTHORING_PLAN
NG-RD-000206,NG-RD-CAND-000206,NGR-03,NG-PLC-000186,NG-PLC-000183,FROZEN_VALIDATED_PLANAR_ENDPOINT_SELECTION_V1,QUALIFIED_SIMULATION_AUTHORING_PLAN
NG-RD-000207,NG-RD-CAND-000207,NGR-03,NG-PLC-000223,NG-PLC-000224,FROZEN_VALIDATED_PLANAR_ENDPOINT_SELECTION_V1,QUALIFIED_SIMULATION_AUTHORING_PLAN
NG-RD-000208,NG-RD-CAND-000208,NGR-03,NG-PLC-000231,NG-PLC-000257,FROZEN_VALIDATED_PLANAR_ENDPOINT_SELECTION_V1,QUALIFIED_SIMULATION_AUTHORING_PLAN
NG-RD-000209,NG-RD-CAND-000209,NGR-03,NG-PLC-000233,NG-PLC-000253,FROZEN_VALIDATED_PLANAR_ENDPOINT_SELECTION_V1,QUALIFIED_SIMULATION_AUTHORING_PLAN
NG-RD-000210,NG-RD-CAND-000210,NGR-03,NG-PLC-000212,NG-PLC-000174,FROZEN_VALIDATED_PLANAR_ENDPOINT_SELECTION_V1,QUALIFIED_SIMULATION_AUTHORING_PLAN
NG-RD-000211,NG-RD-CAND-000211,NGR-03,NG-PLC-000203,NG-PLC-000234,FROZEN_VALIDATED_PLANAR_ENDPOINT_SELECTION_V1,QUALIFIED_SIMULATION_AUTHORING_PLAN
NG-RD-000212,NG-RD-CAND-000212,NGR-03,NG-PLC-000240,NG-PLC-000195,FROZEN_VALIDATED_PLANAR_ENDPOINT_SELECTION_V1,QUALIFIED_SIMULATION_AUTHORING_PLAN
NG-RD-000213,NG-RD-CAND-000213,NGR-03,NG-PLC-000253,NG-PLC-000238,FROZEN_VALIDATED_PLANAR_ENDPOINT_SELECTION_V1,QUALIFIED_SIMULATION_AUTHORING_PLAN
NG-RD-000214,NG-RD-CAND-000214,NGR-03,NG-PLC-000205,NG-PLC-000237,FROZEN_VALIDATED_PLANAR_ENDPOINT_SELECTION_V1,QUALIFIED_SIMULATION_AUTHORING_PLAN
NG-RD-000215,NG-RD-CAND-000215,NGR-03,NG-PLC-000190,NG-PLC-000186,FROZEN_VALIDATED_PLANAR_ENDPOINT_SELECTION_V1,QUALIFIED_SIMULATION_AUTHORING_PLAN
NG-RD-000216,NG-RD-CAND-000216,NGR-03,NG-PLC-000182,NG-PLC-000186,FROZEN_VALIDATED_PLANAR_ENDPOINT_SELECTION_V1,QUALIFIED_SIMULATION_AUTHORING_PLAN
NG-RD-000217,NG-RD-CAND-000217,NGR-03,NG-PLC-000191,NG-PLC-000190,FROZEN_VALIDATED_PLANAR_ENDPOINT_SELECTION_V1,QUALIFIED_SIMULATION_AUTHORING_PLAN
NG-RD-000218,NG-RD-CAND-000218,NGR-03,NG-PLC-000236,NG-PLC-000253,FROZEN_VALIDATED_PLANAR_ENDPOINT_SELECTION_V1,QUALIFIED_SIMULATION_AUTHORING_PLAN
NG-RD-000219,NG-RD-CAND-000219,NGR-03,NG-PLC-000192,NG-PLC-000181,FROZEN_VALIDATED_PLANAR_ENDPOINT_SELECTION_V1,QUALIFIED_SIMULATION_AUTHORING_PLAN
NG-RD-000220,NG-RD-CAND-000220,NGR-03,NG-PLC-000207,NG-PLC-000242,FROZEN_VALIDATED_PLANAR_ENDPOINT_SELECTION_V1,QUALIFIED_SIMULATION_AUTHORING_PLAN
NG-RD-000221,NG-RD-CAND-000221,NGR-03,NG-PLC-000215,NG-PLC-000221,FROZEN_VALIDATED_PLANAR_ENDPOINT_SELECTION_V1,QUALIFIED_SIMULATION_AUTHORING_PLAN
NG-RD-000222,NG-RD-CAND-000222,NGR-03,NG-PLC-000218,NG-PLC-000176,FROZEN_VALIDATED_PLANAR_ENDPOINT_SELECTION_V1,QUALIFIED_SIMULATION_AUTHORING_PLAN
NG-RD-000223,NG-RD-CAND-000223,NGR-03,NG-PLC-000190,NG-PLC-000177,FROZEN_VALIDATED_PLANAR_ENDPOINT_SELECTION_V1,QUALIFIED_SIMULATION_AUTHORING_PLAN
NG-RD-000224,NG-RD-CAND-000224,NGR-03,NG-PLC-000235,NG-PLC-000234,FROZEN_VALIDATED_PLANAR_ENDPOINT_SELECTION_V1,QUALIFIED_SIMULATION_AUTHORING_PLAN
NG-RD-000225,NG-RD-CAND-000225,NGR-03,NG-PLC-000183,NG-PLC-000188,FROZEN_VALIDATED_PLANAR_ENDPOINT_SELECTION_V1,QUALIFIED_SIMULATION_AUTHORING_PLAN
NG-RD-000226,NG-RD-CAND-000226,NGR-03,NG-PLC-000220,NG-PLC-000209,FROZEN_VALIDATED_PLANAR_ENDPOINT_SELECTION_V1,QUALIFIED_SIMULATION_AUTHORING_PLAN
NG-RD-000227,NG-RD-CAND-000227,NGR-03,NG-PLC-000203,NG-PLC-000235,FROZEN_VALIDATED_PLANAR_ENDPOINT_SELECTION_V1,QUALIFIED_SIMULATION_AUTHORING_PLAN
NG-RD-000228,NG-RD-CAND-000228,NGR-03,NG-PLC-000246,NG-PLC-000195,FROZEN_VALIDATED_PLANAR_ENDPOINT_SELECTION_V1,QUALIFIED_SIMULATION_AUTHORING_PLAN
NG-RD-000229,NG-RD-CAND-000229,NGR-03,NG-PLC-000222,NG-PLC-000226,FROZEN_VALIDATED_PLANAR_ENDPOINT_SELECTION_V1,QUALIFIED_SIMULATION_AUTHORING_PLAN
NG-RD-000230,NG-RD-CAND-000230,NGR-03,NG-PLC-000241,NG-PLC-000242,FROZEN_VALIDATED_PLANAR_ENDPOINT_SELECTION_V1,QUALIFIED_SIMULATION_AUTHORING_PLAN
NG-RD-000231,NG-RD-CAND-000231,NGR-03,NG-PLC-000219,NG-PLC-000218,FROZEN_VALIDATED_PLANAR_ENDPOINT_SELECTION_V1,QUALIFIED_SIMULATION_AUTHORING_PLAN
NG-RD-000232,NG-RD-CAND-000232,NGR-03,NG-PLC-000192,NG-PLC-000189,FROZEN_VALIDATED_PLANAR_ENDPOINT_SELECTION_V1,QUALIFIED_SIMULATION_AUTHORING_PLAN
NG-RD-000233,NG-RD-CAND-000233,NGR-03,NG-PLC-000221,NG-PLC-000226,FROZEN_VALIDATED_PLANAR_ENDPOINT_SELECTION_V1,QUALIFIED_SIMULATION_AUTHORING_PLAN
NG-RD-000234,NG-RD-CAND-000234,NGR-03,NG-PLC-000253,NG-PLC-000205,FROZEN_VALIDATED_PLANAR_ENDPOINT_SELECTION_V1,QUALIFIED_SIMULATION_AUTHORING_PLAN
NG-RD-000235,NG-RD-CAND-000235,NGR-03,NG-PLC-000218,NG-PLC-000246,FROZEN_VALIDATED_PLANAR_ENDPOINT_SELECTION_V1,QUALIFIED_SIMULATION_AUTHORING_PLAN
NG-RD-000236,NG-RD-CAND-000236,NGR-03,NG-PLC-000243,NG-PLC-000207,FROZEN_VALIDATED_PLANAR_ENDPOINT_SELECTION_V1,QUALIFIED_SIMULATION_AUTHORING_PLAN
NG-RD-000237,NG-RD-CAND-000237,NGR-03,NG-PLC-000219,NG-PLC-000176,FROZEN_VALIDATED_PLANAR_ENDPOINT_SELECTION_V1,QUALIFIED_SIMULATION_AUTHORING_PLAN
NG-RD-000238,NG-RD-CAND-000238,NGR-03,NG-PLC-000215,NG-PLC-000216,FROZEN_VALIDATED_PLANAR_ENDPOINT_SELECTION_V1,QUALIFIED_SIMULATION_AUTHORING_PLAN
NG-RD-000239,NG-RD-CAND-000239,NGR-03,NG-PLC-000214,NG-PLC-000226,FROZEN_VALIDATED_PLANAR_ENDPOINT_SELECTION_V1,QUALIFIED_SIMULATION_AUTHORING_PLAN
NG-RD-000240,NG-RD-CAND-000240,NGR-03,NG-PLC-000227,NG-PLC-000229,FROZEN_VALIDATED_PLANAR_ENDPOINT_SELECTION_V1,QUALIFIED_SIMULATION_AUTHORING_PLAN
NG-RD-000241,NG-RD-CAND-000241,NGR-03,NG-PLC-000214,NG-PLC-000174,FROZEN_VALIDATED_PLANAR_ENDPOINT_SELECTION_V1,QUALIFIED_SIMULATION_AUTHORING_PLAN
NG-RD-000242,NG-RD-CAND-000242,NGR-03,NG-PLC-000247,NG-PLC-000245,FROZEN_VALIDATED_PLANAR_ENDPOINT_SELECTION_V1,QUALIFIED_SIMULATION_AUTHORING_PLAN
NG-RD-000243,NG-RD-CAND-000243,NGR-03,NG-PLC-000208,NG-PLC-000207,FROZEN_VALIDATED_PLANAR_ENDPOINT_SELECTION_V1,QUALIFIED_SIMULATION_AUTHORING_PLAN
NG-RD-000244,NG-RD-CAND-000244,NGR-03,NG-PLC-000237,NG-PLC-000197,FROZEN_VALIDATED_PLANAR_ENDPOINT_SELECTION_V1,QUALIFIED_SIMULATION_AUTHORING_PLAN
NG-RD-000245,NG-RD-CAND-000245,NGR-03,NG-PLC-000221,NG-PLC-000212,FROZEN_VALIDATED_PLANAR_ENDPOINT_SELECTION_V1,QUALIFIED_SIMULATION_AUTHORING_PLAN
NG-RD-000246,NG-RD-CAND-000246,NGR-03,NG-PLC-000176,NG-PLC-000195,FROZEN_VALIDATED_PLANAR_ENDPOINT_SELECTION_V1,QUALIFIED_SIMULATION_AUTHORING_PLAN
NG-RD-000247,NG-RD-CAND-000247,NGR-03,NG-PLC-000175,NG-PLC-000245,FROZEN_VALIDATED_PLANAR_ENDPOINT_SELECTION_V1,QUALIFIED_SIMULATION_AUTHORING_PLAN
NG-RD-000248,NG-RD-CAND-000248,NGR-03,NG-PLC-000221,NG-PLC-000194,FROZEN_VALIDATED_PLANAR_ENDPOINT_SELECTION_V1,QUALIFIED_SIMULATION_AUTHORING_PLAN
NG-RD-000249,NG-RD-CAND-000249,NGR-03,NG-PLC-000211,NG-PLC-000208,FROZEN_VALIDATED_PLANAR_ENDPOINT_SELECTION_V1,QUALIFIED_SIMULATION_AUTHORING_PLAN
NG-RD-000250,NG-RD-CAND-000250,NGR-03,NG-PLC-000195,NG-PLC-000242,FROZEN_VALIDATED_PLANAR_ENDPOINT_SELECTION_V1,QUALIFIED_SIMULATION_AUTHORING_PLAN
NG-RD-000251,NG-RD-CAND-000251,NGR-03,NG-PLC-000242,NG-PLC-000188,FROZEN_VALIDATED_PLANAR_ENDPOINT_SELECTION_V1,QUALIFIED_SIMULATION_AUTHORING_PLAN
NG-RD-000252,NG-RD-CAND-000252,NGR-03,NG-PLC-000257,NG-PLC-000245,FROZEN_VALIDATED_PLANAR_ENDPOINT_SELECTION_V1,QUALIFIED_SIMULATION_AUTHORING_PLAN
NG-RD-000253,NG-RD-CAND-000253,NGR-03,NG-PLC-000231,NG-PLC-000247,FROZEN_VALIDATED_PLANAR_ENDPOINT_SELECTION_V1,QUALIFIED_SIMULATION_AUTHORING_PLAN
NG-RD-000254,NG-RD-CAND-000254,NGR-03,NG-PLC-000257,NG-PLC-000247,FROZEN_VALIDATED_PLANAR_ENDPOINT_SELECTION_V1,QUALIFIED_SIMULATION_AUTHORING_PLAN
NG-RD-000255,NG-RD-CAND-000255,NGR-03,NG-PLC-000185,NG-PLC-000230,FROZEN_VALIDATED_PLANAR_ENDPOINT_SELECTION_V1,QUALIFIED_SIMULATION_AUTHORING_PLAN
NG-RD-000256,NG-RD-CAND-000256,NGR-03,NG-PLC-000236,NG-PLC-000210,FROZEN_VALIDATED_PLANAR_ENDPOINT_SELECTION_V1,QUALIFIED_SIMULATION_AUTHORING_PLAN
NG-RD-000257,NG-RD-CAND-000257,NGR-03,NG-PLC-000236,NG-PLC-000219,FROZEN_VALIDATED_PLANAR_ENDPOINT_SELECTION_V1,QUALIFIED_SIMULATION_AUTHORING_PLAN
NG-RD-000258,NG-RD-CAND-000258,NGR-04,NG-PLC-000269,NG-PLC-000264,FROZEN_VALIDATED_PLANAR_ENDPOINT_SELECTION_V1,QUALIFIED_SIMULATION_AUTHORING_PLAN
NG-RD-000259,NG-RD-CAND-000259,NGR-04,NG-PLC-000337,NG-PLC-000285,FROZEN_VALIDATED_PLANAR_ENDPOINT_SELECTION_V1,QUALIFIED_SIMULATION_AUTHORING_PLAN
NG-RD-000260,NG-RD-CAND-000260,NGR-04,NG-PLC-000264,NG-PLC-000265,FROZEN_VALIDATED_PLANAR_ENDPOINT_SELECTION_V1,QUALIFIED_SIMULATION_AUTHORING_PLAN
NG-RD-000261,NG-RD-CAND-000261,NGR-04,NG-PLC-000258,NG-PLC-000265,FROZEN_VALIDATED_PLANAR_ENDPOINT_SELECTION_V1,QUALIFIED_SIMULATION_AUTHORING_PLAN
NG-RD-000262,NG-RD-CAND-000262,NGR-04,NG-PLC-000266,NG-PLC-000258,FROZEN_VALIDATED_PLANAR_ENDPOINT_SELECTION_V1,QUALIFIED_SIMULATION_AUTHORING_PLAN
NG-RD-000263,NG-RD-CAND-000263,NGR-04,NG-PLC-000321,NG-PLC-000319,FROZEN_VALIDATED_PLANAR_ENDPOINT_SELECTION_V1,QUALIFIED_SIMULATION_AUTHORING_PLAN
NG-RD-000264,NG-RD-CAND-000264,NGR-04,NG-PLC-000280,NG-PLC-000279,FROZEN_VALIDATED_PLANAR_ENDPOINT_SELECTION_V1,QUALIFIED_SIMULATION_AUTHORING_PLAN
NG-RD-000265,NG-RD-CAND-000265,NGR-04,NG-PLC-000340,NG-PLC-000294,FROZEN_VALIDATED_PLANAR_ENDPOINT_SELECTION_V1,QUALIFIED_SIMULATION_AUTHORING_PLAN
NG-RD-000266,NG-RD-CAND-000266,NGR-04,NG-PLC-000268,NG-PLC-000276,FROZEN_VALIDATED_PLANAR_ENDPOINT_SELECTION_V1,QUALIFIED_SIMULATION_AUTHORING_PLAN
NG-RD-000267,NG-RD-CAND-000267,NGR-04,NG-PLC-000266,NG-PLC-000269,FROZEN_VALIDATED_PLANAR_ENDPOINT_SELECTION_V1,QUALIFIED_SIMULATION_AUTHORING_PLAN
NG-RD-000268,NG-RD-CAND-000268,NGR-04,NG-PLC-000283,NG-PLC-000308,FROZEN_VALIDATED_PLANAR_ENDPOINT_SELECTION_V1,QUALIFIED_SIMULATION_AUTHORING_PLAN
NG-RD-000269,NG-RD-CAND-000269,NGR-04,NG-PLC-000277,NG-PLC-000268,FROZEN_VALIDATED_PLANAR_ENDPOINT_SELECTION_V1,QUALIFIED_SIMULATION_AUTHORING_PLAN
NG-RD-000270,NG-RD-CAND-000270,NGR-04,NG-PLC-000274,NG-PLC-000310,FROZEN_VALIDATED_PLANAR_ENDPOINT_SELECTION_V1,QUALIFIED_SIMULATION_AUTHORING_PLAN
NG-RD-000271,NG-RD-CAND-000271,NGR-04,NG-PLC-000333,NG-PLC-000331,FROZEN_VALIDATED_PLANAR_ENDPOINT_SELECTION_V1,QUALIFIED_SIMULATION_AUTHORING_PLAN
NG-RD-000272,NG-RD-CAND-000272,NGR-04,NG-PLC-000326,NG-PLC-000292,FROZEN_VALIDATED_PLANAR_ENDPOINT_SELECTION_V1,QUALIFIED_SIMULATION_AUTHORING_PLAN
NG-RD-000273,NG-RD-CAND-000273,NGR-04,NG-PLC-000280,NG-PLC-000272,FROZEN_VALIDATED_PLANAR_ENDPOINT_SELECTION_V1,QUALIFIED_SIMULATION_AUTHORING_PLAN
NG-RD-000274,NG-RD-CAND-000274,NGR-04,NG-PLC-000337,NG-PLC-000312,FROZEN_VALIDATED_PLANAR_ENDPOINT_SELECTION_V1,QUALIFIED_SIMULATION_AUTHORING_PLAN
NG-RD-000275,NG-RD-CAND-000275,NGR-04,NG-PLC-000263,NG-PLC-000268,FROZEN_VALIDATED_PLANAR_ENDPOINT_SELECTION_V1,QUALIFIED_SIMULATION_AUTHORING_PLAN
NG-RD-000276,NG-RD-CAND-000276,NGR-04,NG-PLC-000267,NG-PLC-000266,FROZEN_VALIDATED_PLANAR_ENDPOINT_SELECTION_V1,QUALIFIED_SIMULATION_AUTHORING_PLAN
NG-RD-000277,NG-RD-CAND-000277,NGR-04,NG-PLC-000265,NG-PLC-000262,FROZEN_VALIDATED_PLANAR_ENDPOINT_SELECTION_V1,QUALIFIED_SIMULATION_AUTHORING_PLAN
NG-RD-000278,NG-RD-CAND-000278,NGR-04,NG-PLC-000336,NG-PLC-000307,FROZEN_VALIDATED_PLANAR_ENDPOINT_SELECTION_V1,QUALIFIED_SIMULATION_AUTHORING_PLAN
NG-RD-000279,NG-RD-CAND-000279,NGR-04,NG-PLC-000301,NG-PLC-000300,FROZEN_VALIDATED_PLANAR_ENDPOINT_SELECTION_V1,QUALIFIED_SIMULATION_AUTHORING_PLAN
NG-RD-000280,NG-RD-CAND-000280,NGR-04,NG-PLC-000340,NG-PLC-000285,FROZEN_VALIDATED_PLANAR_ENDPOINT_SELECTION_V1,QUALIFIED_SIMULATION_AUTHORING_PLAN
NG-RD-000281,NG-RD-CAND-000281,NGR-04,NG-PLC-000327,NG-PLC-000303,FROZEN_VALIDATED_PLANAR_ENDPOINT_SELECTION_V1,QUALIFIED_SIMULATION_AUTHORING_PLAN
NG-RD-000282,NG-RD-CAND-000282,NGR-04,NG-PLC-000279,NG-PLC-000310,FROZEN_VALIDATED_PLANAR_ENDPOINT_SELECTION_V1,QUALIFIED_SIMULATION_AUTHORING_PLAN
NG-RD-000283,NG-RD-CAND-000283,NGR-04,NG-PLC-000323,NG-PLC-000322,FROZEN_VALIDATED_PLANAR_ENDPOINT_SELECTION_V1,QUALIFIED_SIMULATION_AUTHORING_PLAN
NG-RD-000284,NG-RD-CAND-000284,NGR-04,NG-PLC-000307,NG-PLC-000331,FROZEN_VALIDATED_PLANAR_ENDPOINT_SELECTION_V1,QUALIFIED_SIMULATION_AUTHORING_PLAN
NG-RD-000285,NG-RD-CAND-000285,NGR-04,NG-PLC-000264,NG-PLC-000262,FROZEN_VALIDATED_PLANAR_ENDPOINT_SELECTION_V1,QUALIFIED_SIMULATION_AUTHORING_PLAN
NG-RD-000286,NG-RD-CAND-000286,NGR-04,NG-PLC-000312,NG-PLC-000293,FROZEN_VALIDATED_PLANAR_ENDPOINT_SELECTION_V1,QUALIFIED_SIMULATION_AUTHORING_PLAN
NG-RD-000287,NG-RD-CAND-000287,NGR-04,NG-PLC-000341,NG-PLC-000266,FROZEN_VALIDATED_PLANAR_ENDPOINT_SELECTION_V1,QUALIFIED_SIMULATION_AUTHORING_PLAN
NG-RD-000288,NG-RD-CAND-000288,NGR-04,NG-PLC-000327,NG-PLC-000304,FROZEN_VALIDATED_PLANAR_ENDPOINT_SELECTION_V1,QUALIFIED_SIMULATION_AUTHORING_PLAN
NG-RD-000289,NG-RD-CAND-000289,NGR-04,NG-PLC-000284,NG-PLC-000310,FROZEN_VALIDATED_PLANAR_ENDPOINT_SELECTION_V1,QUALIFIED_SIMULATION_AUTHORING_PLAN
NG-RD-000290,NG-RD-CAND-000290,NGR-04,NG-PLC-000294,NG-PLC-000298,FROZEN_VALIDATED_PLANAR_ENDPOINT_SELECTION_V1,QUALIFIED_SIMULATION_AUTHORING_PLAN
NG-RD-000291,NG-RD-CAND-000291,NGR-04,NG-PLC-000269,NG-PLC-000262,FROZEN_VALIDATED_PLANAR_ENDPOINT_SELECTION_V1,QUALIFIED_SIMULATION_AUTHORING_PLAN
NG-RD-000292,NG-RD-CAND-000292,NGR-04,NG-PLC-000296,NG-PLC-000291,FROZEN_VALIDATED_PLANAR_ENDPOINT_SELECTION_V1,QUALIFIED_SIMULATION_AUTHORING_PLAN
NG-RD-000293,NG-RD-CAND-000293,NGR-04,NG-PLC-000322,NG-PLC-000343,FROZEN_VALIDATED_PLANAR_ENDPOINT_SELECTION_V1,QUALIFIED_SIMULATION_AUTHORING_PLAN
NG-RD-000294,NG-RD-CAND-000294,NGR-04,NG-PLC-000294,NG-PLC-000285,FROZEN_VALIDATED_PLANAR_ENDPOINT_SELECTION_V1,QUALIFIED_SIMULATION_AUTHORING_PLAN
NG-RD-000295,NG-RD-CAND-000295,NGR-04,NG-PLC-000325,NG-PLC-000320,FROZEN_VALIDATED_PLANAR_ENDPOINT_SELECTION_V1,QUALIFIED_SIMULATION_AUTHORING_PLAN
NG-RD-000296,NG-RD-CAND-000296,NGR-04,NG-PLC-000276,NG-PLC-000262,FROZEN_VALIDATED_PLANAR_ENDPOINT_SELECTION_V1,QUALIFIED_SIMULATION_AUTHORING_PLAN
NG-RD-000297,NG-RD-CAND-000297,NGR-04,NG-PLC-000286,NG-PLC-000315,FROZEN_VALIDATED_PLANAR_ENDPOINT_SELECTION_V1,QUALIFIED_SIMULATION_AUTHORING_PLAN
NG-RD-000298,NG-RD-CAND-000298,NGR-04,NG-PLC-000275,NG-PLC-000277,FROZEN_VALIDATED_PLANAR_ENDPOINT_SELECTION_V1,QUALIFIED_SIMULATION_AUTHORING_PLAN
NG-RD-000299,NG-RD-CAND-000299,NGR-04,NG-PLC-000262,NG-PLC-000270,FROZEN_VALIDATED_PLANAR_ENDPOINT_SELECTION_V1,QUALIFIED_SIMULATION_AUTHORING_PLAN
NG-RD-000300,NG-RD-CAND-000300,NGR-04,NG-PLC-000277,NG-PLC-000344,FROZEN_VALIDATED_PLANAR_ENDPOINT_SELECTION_V1,QUALIFIED_SIMULATION_AUTHORING_PLAN
NG-RD-000301,NG-RD-CAND-000301,NGR-04,NG-PLC-000288,NG-PLC-000302,FROZEN_VALIDATED_PLANAR_ENDPOINT_SELECTION_V1,QUALIFIED_SIMULATION_AUTHORING_PLAN
NG-RD-000302,NG-RD-CAND-000302,NGR-04,NG-PLC-000288,NG-PLC-000318,FROZEN_VALIDATED_PLANAR_ENDPOINT_SELECTION_V1,QUALIFIED_SIMULATION_AUTHORING_PLAN
NG-RD-000303,NG-RD-CAND-000303,NGR-04,NG-PLC-000304,NG-PLC-000261,FROZEN_VALIDATED_PLANAR_ENDPOINT_SELECTION_V1,QUALIFIED_SIMULATION_AUTHORING_PLAN
NG-RD-000304,NG-RD-CAND-000304,NGR-04,NG-PLC-000312,NG-PLC-000298,FROZEN_VALIDATED_PLANAR_ENDPOINT_SELECTION_V1,QUALIFIED_SIMULATION_AUTHORING_PLAN
NG-RD-000305,NG-RD-CAND-000305,NGR-04,NG-PLC-000279,NG-PLC-000311,FROZEN_VALIDATED_PLANAR_ENDPOINT_SELECTION_V1,QUALIFIED_SIMULATION_AUTHORING_PLAN
NG-RD-000306,NG-RD-CAND-000306,NGR-04,NG-PLC-000334,NG-PLC-000296,FROZEN_VALIDATED_PLANAR_ENDPOINT_SELECTION_V1,QUALIFIED_SIMULATION_AUTHORING_PLAN
NG-RD-000307,NG-RD-CAND-000307,NGR-04,NG-PLC-000287,NG-PLC-000316,FROZEN_VALIDATED_PLANAR_ENDPOINT_SELECTION_V1,QUALIFIED_SIMULATION_AUTHORING_PLAN
NG-RD-000308,NG-RD-CAND-000308,NGR-04,NG-PLC-000331,NG-PLC-000298,FROZEN_VALIDATED_PLANAR_ENDPOINT_SELECTION_V1,QUALIFIED_SIMULATION_AUTHORING_PLAN
NG-RD-000309,NG-RD-CAND-000309,NGR-04,NG-PLC-000297,NG-PLC-000334,FROZEN_VALIDATED_PLANAR_ENDPOINT_SELECTION_V1,QUALIFIED_SIMULATION_AUTHORING_PLAN
NG-RD-000310,NG-RD-CAND-000310,NGR-04,NG-PLC-000262,NG-PLC-000278,FROZEN_VALIDATED_PLANAR_ENDPOINT_SELECTION_V1,QUALIFIED_SIMULATION_AUTHORING_PLAN
NG-RD-000311,NG-RD-CAND-000311,NGR-04,NG-PLC-000277,NG-PLC-000284,FROZEN_VALIDATED_PLANAR_ENDPOINT_SELECTION_V1,QUALIFIED_SIMULATION_AUTHORING_PLAN
NG-RD-000312,NG-RD-CAND-000312,NGR-04,NG-PLC-000289,NG-PLC-000338,FROZEN_VALIDATED_PLANAR_ENDPOINT_SELECTION_V1,QUALIFIED_SIMULATION_AUTHORING_PLAN
NG-RD-000313,NG-RD-CAND-000313,NGR-04,NG-PLC-000286,NG-PLC-000275,FROZEN_VALIDATED_PLANAR_ENDPOINT_SELECTION_V1,QUALIFIED_SIMULATION_AUTHORING_PLAN
NG-RD-000314,NG-RD-CAND-000314,NGR-04,NG-PLC-000319,NG-PLC-000302,FROZEN_VALIDATED_PLANAR_ENDPOINT_SELECTION_V1,QUALIFIED_SIMULATION_AUTHORING_PLAN
NG-RD-000315,NG-RD-CAND-000315,NGR-04,NG-PLC-000267,NG-PLC-000281,FROZEN_VALIDATED_PLANAR_ENDPOINT_SELECTION_V1,QUALIFIED_SIMULATION_AUTHORING_PLAN
NG-RD-000316,NG-RD-CAND-000316,NGR-04,NG-PLC-000342,NG-PLC-000260,FROZEN_VALIDATED_PLANAR_ENDPOINT_SELECTION_V1,QUALIFIED_SIMULATION_AUTHORING_PLAN
NG-RD-000317,NG-RD-CAND-000317,NGR-04,NG-PLC-000341,NG-PLC-000277,FROZEN_VALIDATED_PLANAR_ENDPOINT_SELECTION_V1,QUALIFIED_SIMULATION_AUTHORING_PLAN
NG-RD-000318,NG-RD-CAND-000318,NGR-04,NG-PLC-000335,NG-PLC-000339,FROZEN_VALIDATED_PLANAR_ENDPOINT_SELECTION_V1,QUALIFIED_SIMULATION_AUTHORING_PLAN
NG-RD-000319,NG-RD-CAND-000319,NGR-04,NG-PLC-000260,NG-PLC-000302,FROZEN_VALIDATED_PLANAR_ENDPOINT_SELECTION_V1,QUALIFIED_SIMULATION_AUTHORING_PLAN
NG-RD-000320,NG-RD-CAND-000320,NGR-04,NG-PLC-000260,NG-PLC-000301,FROZEN_VALIDATED_PLANAR_ENDPOINT_SELECTION_V1,QUALIFIED_SIMULATION_AUTHORING_PLAN
NG-RD-000321,NG-RD-CAND-000321,NGR-04,NG-PLC-000324,NG-PLC-000260,FROZEN_VALIDATED_PLANAR_ENDPOINT_SELECTION_V1,QUALIFIED_SIMULATION_AUTHORING_PLAN
NG-RD-000322,NG-RD-CAND-000322,NGR-04,NG-PLC-000289,NG-PLC-000290,FROZEN_VALIDATED_PLANAR_ENDPOINT_SELECTION_V1,QUALIFIED_SIMULATION_AUTHORING_PLAN
NG-RD-000323,NG-RD-CAND-000323,NGR-04,NG-PLC-000311,NG-PLC-000320,FROZEN_VALIDATED_PLANAR_ENDPOINT_SELECTION_V1,QUALIFIED_SIMULATION_AUTHORING_PLAN
NG-RD-000324,NG-RD-CAND-000324,NGR-04,NG-PLC-000319,NG-PLC-000260,FROZEN_VALIDATED_PLANAR_ENDPOINT_SELECTION_V1,QUALIFIED_SIMULATION_AUTHORING_PLAN
NG-RD-000325,NG-RD-CAND-000325,NGR-04,NG-PLC-000298,NG-PLC-000329,FROZEN_VALIDATED_PLANAR_ENDPOINT_SELECTION_V1,QUALIFIED_SIMULATION_AUTHORING_PLAN
NG-RD-000326,NG-RD-CAND-000326,NGR-04,NG-PLC-000309,NG-PLC-000297,FROZEN_VALIDATED_PLANAR_ENDPOINT_SELECTION_V1,QUALIFIED_SIMULATION_AUTHORING_PLAN
NG-RD-000327,NG-RD-CAND-000327,NGR-04,NG-PLC-000259,NG-PLC-000297,FROZEN_VALIDATED_PLANAR_ENDPOINT_SELECTION_V1,QUALIFIED_SIMULATION_AUTHORING_PLAN
NG-RD-000328,NG-RD-CAND-000328,NGR-04,NG-PLC-000273,NG-PLC-000271,FROZEN_VALIDATED_PLANAR_ENDPOINT_SELECTION_V1,QUALIFIED_SIMULATION_AUTHORING_PLAN
NG-RD-000329,NG-RD-CAND-000329,NGR-04,NG-PLC-000291,NG-PLC-000311,FROZEN_VALIDATED_PLANAR_ENDPOINT_SELECTION_V1,QUALIFIED_SIMULATION_AUTHORING_PLAN
NG-RD-000330,NG-RD-CAND-000330,NGR-04,NG-PLC-000314,NG-PLC-000299,FROZEN_VALIDATED_PLANAR_ENDPOINT_SELECTION_V1,QUALIFIED_SIMULATION_AUTHORING_PLAN
NG-RD-000331,NG-RD-CAND-000331,NGR-04,NG-PLC-000298,NG-PLC-000297,FROZEN_VALIDATED_PLANAR_ENDPOINT_SELECTION_V1,QUALIFIED_SIMULATION_AUTHORING_PLAN
NG-RD-000332,NG-RD-CAND-000332,NGR-04,NG-PLC-000314,NG-PLC-000275,FROZEN_VALIDATED_PLANAR_ENDPOINT_SELECTION_V1,QUALIFIED_SIMULATION_AUTHORING_PLAN
NG-RD-000333,NG-RD-CAND-000333,NGR-04,NG-PLC-000318,NG-PLC-000317,FROZEN_VALIDATED_PLANAR_ENDPOINT_SELECTION_V1,QUALIFIED_SIMULATION_AUTHORING_PLAN
NG-RD-000334,NG-RD-CAND-000334,NGR-04,NG-PLC-000295,NG-PLC-000326,FROZEN_VALIDATED_PLANAR_ENDPOINT_SELECTION_V1,QUALIFIED_SIMULATION_AUTHORING_PLAN
NG-RD-000335,NG-RD-CAND-000335,NGR-04,NG-PLC-000318,NG-PLC-000287,FROZEN_VALIDATED_PLANAR_ENDPOINT_SELECTION_V1,QUALIFIED_SIMULATION_AUTHORING_PLAN
NG-RD-000336,NG-RD-CAND-000336,NGR-04,NG-PLC-000308,NG-PLC-000334,FROZEN_VALIDATED_PLANAR_ENDPOINT_SELECTION_V1,QUALIFIED_SIMULATION_AUTHORING_PLAN
NG-RD-000337,NG-RD-CAND-000337,NGR-04,NG-PLC-000299,NG-PLC-000284,FROZEN_VALIDATED_PLANAR_ENDPOINT_SELECTION_V1,QUALIFIED_SIMULATION_AUTHORING_PLAN
NG-RD-000338,NG-RD-CAND-000338,NGR-04,NG-PLC-000279,NG-PLC-000290,FROZEN_VALIDATED_PLANAR_ENDPOINT_SELECTION_V1,QUALIFIED_SIMULATION_AUTHORING_PLAN
NG-RD-000339,NG-RD-CAND-000339,NGR-04,NG-PLC-000303,NG-PLC-000345,FROZEN_VALIDATED_PLANAR_ENDPOINT_SELECTION_V1,QUALIFIED_SIMULATION_AUTHORING_PLAN
NG-RD-000340,NG-RD-CAND-000340,NGR-04,NG-PLC-000307,NG-PLC-000309,FROZEN_VALIDATED_PLANAR_ENDPOINT_SELECTION_V1,QUALIFIED_SIMULATION_AUTHORING_PLAN
NG-RD-000341,NG-RD-CAND-000341,NGR-04,NG-PLC-000307,NG-PLC-000283,FROZEN_VALIDATED_PLANAR_ENDPOINT_SELECTION_V1,QUALIFIED_SIMULATION_AUTHORING_PLAN
NG-RD-000342,NG-RD-CAND-000342,NGR-04,NG-PLC-000345,NG-PLC-000315,FROZEN_VALIDATED_PLANAR_ENDPOINT_SELECTION_V1,QUALIFIED_SIMULATION_AUTHORING_PLAN
NG-RD-000343,NG-RD-CAND-000343,NGR-04,NG-PLC-000343,NG-PLC-000316,FROZEN_VALIDATED_PLANAR_ENDPOINT_SELECTION_V1,QUALIFIED_SIMULATION_AUTHORING_PLAN
NG-RD-000344,NG-RD-CAND-000344,NGR-04,NG-PLC-000306,NG-PLC-000326,FROZEN_VALIDATED_PLANAR_ENDPOINT_SELECTION_V1,QUALIFIED_SIMULATION_AUTHORING_PLAN
NG-RD-000345,NG-RD-CAND-000345,NGR-04,NG-PLC-000283,NG-PLC-000301,FROZEN_VALIDATED_PLANAR_ENDPOINT_SELECTION_V1,QUALIFIED_SIMULATION_AUTHORING_PLAN
NG-RD-000346,NG-RD-CAND-000346,NGR-05,NG-PLC-000424,NG-PLC-000370,FROZEN_VALIDATED_PLANAR_ENDPOINT_SELECTION_V1,QUALIFIED_SIMULATION_AUTHORING_PLAN
NG-RD-000347,NG-RD-CAND-000347,NGR-05,NG-PLC-000357,NG-PLC-000352,FROZEN_VALIDATED_PLANAR_ENDPOINT_SELECTION_V1,QUALIFIED_SIMULATION_AUTHORING_PLAN
NG-RD-000348,NG-RD-CAND-000348,NGR-05,NG-PLC-000407,NG-PLC-000376,FROZEN_VALIDATED_PLANAR_ENDPOINT_SELECTION_V1,QUALIFIED_SIMULATION_AUTHORING_PLAN
NG-RD-000349,NG-RD-CAND-000349,NGR-05,NG-PLC-000418,NG-PLC-000419,FROZEN_VALIDATED_PLANAR_ENDPOINT_SELECTION_V1,QUALIFIED_SIMULATION_AUTHORING_PLAN
NG-RD-000350,NG-RD-CAND-000350,NGR-05,NG-PLC-000413,NG-PLC-000377,FROZEN_VALIDATED_PLANAR_ENDPOINT_SELECTION_V1,QUALIFIED_SIMULATION_AUTHORING_PLAN
